session_id,configuration_id,ablation_mode,p,gamma,delay_s,packet_loss_rate,metric,mean,std,ci95_low,ci95_high,n
springer_revision_full_20260530,baseline-graph-slam_p1_g0_d0p5_loss0p1,baseline_graph_slam,1.000000,0.000000,0.500000,0.100000,pose_rmse_m,0.650502,0.024456,0.629065,0.671938,5
springer_revision_full_20260530,baseline-graph-slam_p1_g0_d0p5_loss0p1,baseline_graph_slam,1.000000,0.000000,0.500000,0.100000,map_alignment_rmse_m,0.440928,0.008381,0.433582,0.448274,5
springer_revision_full_20260530,baseline-graph-slam_p1_g0_d0p5_loss0p1,baseline_graph_slam,1.000000,0.000000,0.500000,0.100000,fusion_time_s,1.152099,0.012359,1.141266,1.162932,5
springer_revision_full_20260530,baseline-graph-slam_p1_g0_d0p5_loss0p1,baseline_graph_slam,1.000000,0.000000,0.500000,0.100000,theta_mean,0.665282,0.018377,0.649174,0.681391,5
springer_revision_full_20260530,baseline-graph-slam_p1_g0_d0p5_loss0p1,baseline_graph_slam,1.000000,0.000000,0.500000,0.100000,theta_std,0.059460,0.007330,0.053035,0.065886,5
springer_revision_full_20260530,baseline-graph-slam_p1_g0_d0p5_loss0p3,baseline_graph_slam,1.000000,0.000000,0.500000,0.300000,pose_rmse_m,0.816820,0.013266,0.805192,0.828448,5
springer_revision_full_20260530,baseline-graph-slam_p1_g0_d0p5_loss0p3,baseline_graph_slam,1.000000,0.000000,0.500000,0.300000,map_alignment_rmse_m,0.575439,0.012039,0.564886,0.585991,5
springer_revision_full_20260530,baseline-graph-slam_p1_g0_d0p5_loss0p3,baseline_graph_slam,1.000000,0.000000,0.500000,0.300000,fusion_time_s,1.355022,0.016732,1.340355,1.369688,5
springer_revision_full_20260530,baseline-graph-slam_p1_g0_d0p5_loss0p3,baseline_graph_slam,1.000000,0.000000,0.500000,0.300000,theta_mean,0.555545,0.014711,0.542651,0.568440,5
springer_revision_full_20260530,baseline-graph-slam_p1_g0_d0p5_loss0p3,baseline_graph_slam,1.000000,0.000000,0.500000,0.300000,theta_std,0.056504,0.003642,0.053312,0.059697,5
springer_revision_full_20260530,baseline-graph-slam_p1_g0_d2_loss0p1,baseline_graph_slam,1.000000,0.000000,2.000000,0.100000,pose_rmse_m,0.828538,0.015076,0.815324,0.841753,5
springer_revision_full_20260530,baseline-graph-slam_p1_g0_d2_loss0p1,baseline_graph_slam,1.000000,0.000000,2.000000,0.100000,map_alignment_rmse_m,0.563085,0.010877,0.553551,0.572619,5
springer_revision_full_20260530,baseline-graph-slam_p1_g0_d2_loss0p1,baseline_graph_slam,1.000000,0.000000,2.000000,0.100000,fusion_time_s,1.692044,0.018816,1.675551,1.708537,5
springer_revision_full_20260530,baseline-graph-slam_p1_g0_d2_loss0p1,baseline_graph_slam,1.000000,0.000000,2.000000,0.100000,theta_mean,0.544039,0.021131,0.525517,0.562561,5
springer_revision_full_20260530,baseline-graph-slam_p1_g0_d2_loss0p1,baseline_graph_slam,1.000000,0.000000,2.000000,0.100000,theta_std,0.059584,0.004623,0.055532,0.063636,5
springer_revision_full_20260530,baseline-graph-slam_p1_g0_d2_loss0p3,baseline_graph_slam,1.000000,0.000000,2.000000,0.300000,pose_rmse_m,0.987238,0.013114,0.975743,0.998733,5
springer_revision_full_20260530,baseline-graph-slam_p1_g0_d2_loss0p3,baseline_graph_slam,1.000000,0.000000,2.000000,0.300000,map_alignment_rmse_m,0.686463,0.013544,0.674591,0.698334,5
springer_revision_full_20260530,baseline-graph-slam_p1_g0_d2_loss0p3,baseline_graph_slam,1.000000,0.000000,2.000000,0.300000,fusion_time_s,1.881799,0.018633,1.865466,1.898132,5
springer_revision_full_20260530,baseline-graph-slam_p1_g0_d2_loss0p3,baseline_graph_slam,1.000000,0.000000,2.000000,0.300000,theta_mean,0.438272,0.015253,0.424902,0.451641,5
springer_revision_full_20260530,baseline-graph-slam_p1_g0_d2_loss0p3,baseline_graph_slam,1.000000,0.000000,2.000000,0.300000,theta_std,0.057561,0.004822,0.053334,0.061788,5
springer_revision_full_20260530,baseline-graph-slam_p1_g0p25_d0p5_loss0p1,baseline_graph_slam,1.000000,0.250000,0.500000,0.100000,pose_rmse_m,0.654433,0.019689,0.637175,0.671691,5
springer_revision_full_20260530,baseline-graph-slam_p1_g0p25_d0p5_loss0p1,baseline_graph_slam,1.000000,0.250000,0.500000,0.100000,map_alignment_rmse_m,0.446476,0.009289,0.438334,0.454619,5
springer_revision_full_20260530,baseline-graph-slam_p1_g0p25_d0p5_loss0p1,baseline_graph_slam,1.000000,0.250000,0.500000,0.100000,fusion_time_s,1.157759,0.011311,1.147845,1.167674,5
springer_revision_full_20260530,baseline-graph-slam_p1_g0p25_d0p5_loss0p1,baseline_graph_slam,1.000000,0.250000,0.500000,0.100000,theta_mean,0.589234,0.013142,0.577715,0.600753,5
springer_revision_full_20260530,baseline-graph-slam_p1_g0p25_d0p5_loss0p1,baseline_graph_slam,1.000000,0.250000,0.500000,0.100000,theta_std,0.051708,0.007480,0.045151,0.058265,5
springer_revision_full_20260530,baseline-graph-slam_p1_g0p25_d0p5_loss0p3,baseline_graph_slam,1.000000,0.250000,0.500000,0.300000,pose_rmse_m,0.823394,0.010498,0.814193,0.832596,5
springer_revision_full_20260530,baseline-graph-slam_p1_g0p25_d0p5_loss0p3,baseline_graph_slam,1.000000,0.250000,0.500000,0.300000,map_alignment_rmse_m,0.566179,0.015575,0.552527,0.579831,5
springer_revision_full_20260530,baseline-graph-slam_p1_g0p25_d0p5_loss0p3,baseline_graph_slam,1.000000,0.250000,0.500000,0.300000,fusion_time_s,1.333537,0.015264,1.320158,1.346916,5
springer_revision_full_20260530,baseline-graph-slam_p1_g0p25_d0p5_loss0p3,baseline_graph_slam,1.000000,0.250000,0.500000,0.300000,theta_mean,0.493105,0.013961,0.480867,0.505342,5
springer_revision_full_20260530,baseline-graph-slam_p1_g0p25_d0p5_loss0p3,baseline_graph_slam,1.000000,0.250000,0.500000,0.300000,theta_std,0.048520,0.003329,0.045602,0.051439,5
springer_revision_full_20260530,baseline-graph-slam_p1_g0p25_d2_loss0p1,baseline_graph_slam,1.000000,0.250000,2.000000,0.100000,pose_rmse_m,0.835862,0.015806,0.822008,0.849717,5
springer_revision_full_20260530,baseline-graph-slam_p1_g0p25_d2_loss0p1,baseline_graph_slam,1.000000,0.250000,2.000000,0.100000,map_alignment_rmse_m,0.559259,0.016694,0.544625,0.573892,5
springer_revision_full_20260530,baseline-graph-slam_p1_g0p25_d2_loss0p1,baseline_graph_slam,1.000000,0.250000,2.000000,0.100000,fusion_time_s,1.686959,0.020330,1.669139,1.704779,5
springer_revision_full_20260530,baseline-graph-slam_p1_g0p25_d2_loss0p1,baseline_graph_slam,1.000000,0.250000,2.000000,0.100000,theta_mean,0.328886,0.010356,0.319809,0.337964,5
springer_revision_full_20260530,baseline-graph-slam_p1_g0p25_d2_loss0p1,baseline_graph_slam,1.000000,0.250000,2.000000,0.100000,theta_std,0.033630,0.002490,0.031447,0.035813,5
springer_revision_full_20260530,baseline-graph-slam_p1_g0p25_d2_loss0p3,baseline_graph_slam,1.000000,0.250000,2.000000,0.300000,pose_rmse_m,0.990750,0.014376,0.978149,1.003352,5
springer_revision_full_20260530,baseline-graph-slam_p1_g0p25_d2_loss0p3,baseline_graph_slam,1.000000,0.250000,2.000000,0.300000,map_alignment_rmse_m,0.683684,0.010001,0.674917,0.692450,5
springer_revision_full_20260530,baseline-graph-slam_p1_g0p25_d2_loss0p3,baseline_graph_slam,1.000000,0.250000,2.000000,0.300000,fusion_time_s,1.905385,0.012710,1.894244,1.916526,5
springer_revision_full_20260530,baseline-graph-slam_p1_g0p25_d2_loss0p3,baseline_graph_slam,1.000000,0.250000,2.000000,0.300000,theta_mean,0.265654,0.009698,0.257154,0.274155,5
springer_revision_full_20260530,baseline-graph-slam_p1_g0p25_d2_loss0p3,baseline_graph_slam,1.000000,0.250000,2.000000,0.300000,theta_std,0.036479,0.001755,0.034941,0.038017,5
springer_revision_full_20260530,baseline-graph-slam_p1_g0p5_d0p5_loss0p1,baseline_graph_slam,1.000000,0.500000,0.500000,0.100000,pose_rmse_m,0.658894,0.013036,0.647468,0.670321,5
springer_revision_full_20260530,baseline-graph-slam_p1_g0p5_d0p5_loss0p1,baseline_graph_slam,1.000000,0.500000,0.500000,0.100000,map_alignment_rmse_m,0.433597,0.009409,0.425350,0.441844,5
springer_revision_full_20260530,baseline-graph-slam_p1_g0p5_d0p5_loss0p1,baseline_graph_slam,1.000000,0.500000,0.500000,0.100000,fusion_time_s,1.170312,0.020711,1.152158,1.188466,5
springer_revision_full_20260530,baseline-graph-slam_p1_g0p5_d0p5_loss0p1,baseline_graph_slam,1.000000,0.500000,0.500000,0.100000,theta_mean,0.517129,0.012677,0.506017,0.528241,5
springer_revision_full_20260530,baseline-graph-slam_p1_g0p5_d0p5_loss0p1,baseline_graph_slam,1.000000,0.500000,0.500000,0.100000,theta_std,0.048124,0.002899,0.045583,0.050666,5
springer_revision_full_20260530,baseline-graph-slam_p1_g0p5_d0p5_loss0p3,baseline_graph_slam,1.000000,0.500000,0.500000,0.300000,pose_rmse_m,0.823330,0.015033,0.810153,0.836507,5
springer_revision_full_20260530,baseline-graph-slam_p1_g0p5_d0p5_loss0p3,baseline_graph_slam,1.000000,0.500000,0.500000,0.300000,map_alignment_rmse_m,0.560503,0.014753,0.547572,0.573434,5
springer_revision_full_20260530,baseline-graph-slam_p1_g0p5_d0p5_loss0p3,baseline_graph_slam,1.000000,0.500000,0.500000,0.300000,fusion_time_s,1.352516,0.016283,1.338243,1.366789,5
springer_revision_full_20260530,baseline-graph-slam_p1_g0p5_d0p5_loss0p3,baseline_graph_slam,1.000000,0.500000,0.500000,0.300000,theta_mean,0.432091,0.013140,0.420574,0.443609,5
springer_revision_full_20260530,baseline-graph-slam_p1_g0p5_d0p5_loss0p3,baseline_graph_slam,1.000000,0.500000,0.500000,0.300000,theta_std,0.047432,0.002189,0.045513,0.049351,5
springer_revision_full_20260530,baseline-graph-slam_p1_g0p5_d2_loss0p1,baseline_graph_slam,1.000000,0.500000,2.000000,0.100000,pose_rmse_m,0.837072,0.011790,0.826738,0.847406,5
springer_revision_full_20260530,baseline-graph-slam_p1_g0p5_d2_loss0p1,baseline_graph_slam,1.000000,0.500000,2.000000,0.100000,map_alignment_rmse_m,0.551370,0.011294,0.541470,0.561270,5
springer_revision_full_20260530,baseline-graph-slam_p1_g0p5_d2_loss0p1,baseline_graph_slam,1.000000,0.500000,2.000000,0.100000,fusion_time_s,1.703714,0.015166,1.690420,1.717007,5
springer_revision_full_20260530,baseline-graph-slam_p1_g0p5_d2_loss0p1,baseline_graph_slam,1.000000,0.500000,2.000000,0.100000,theta_mean,0.199926,0.005460,0.195140,0.204712,5
springer_revision_full_20260530,baseline-graph-slam_p1_g0p5_d2_loss0p1,baseline_graph_slam,1.000000,0.500000,2.000000,0.100000,theta_std,0.024638,0.002720,0.022253,0.027022,5
springer_revision_full_20260530,baseline-graph-slam_p1_g0p5_d2_loss0p3,baseline_graph_slam,1.000000,0.500000,2.000000,0.300000,pose_rmse_m,1.006993,0.007739,1.000210,1.013776,5
springer_revision_full_20260530,baseline-graph-slam_p1_g0p5_d2_loss0p3,baseline_graph_slam,1.000000,0.500000,2.000000,0.300000,map_alignment_rmse_m,0.686526,0.013408,0.674773,0.698279,5
springer_revision_full_20260530,baseline-graph-slam_p1_g0p5_d2_loss0p3,baseline_graph_slam,1.000000,0.500000,2.000000,0.300000,fusion_time_s,1.893323,0.025097,1.871325,1.915321,5
springer_revision_full_20260530,baseline-graph-slam_p1_g0p5_d2_loss0p3,baseline_graph_slam,1.000000,0.500000,2.000000,0.300000,theta_mean,0.161142,0.006190,0.155716,0.166568,5
springer_revision_full_20260530,baseline-graph-slam_p1_g0p5_d2_loss0p3,baseline_graph_slam,1.000000,0.500000,2.000000,0.300000,theta_std,0.022812,0.001556,0.021449,0.024176,5
springer_revision_full_20260530,baseline-graph-slam_p1_g1_d0p5_loss0p1,baseline_graph_slam,1.000000,1.000000,0.500000,0.100000,pose_rmse_m,0.644400,0.008212,0.637202,0.651598,5
springer_revision_full_20260530,baseline-graph-slam_p1_g1_d0p5_loss0p1,baseline_graph_slam,1.000000,1.000000,0.500000,0.100000,map_alignment_rmse_m,0.444509,0.011630,0.434314,0.454703,5
springer_revision_full_20260530,baseline-graph-slam_p1_g1_d0p5_loss0p1,baseline_graph_slam,1.000000,1.000000,0.500000,0.100000,fusion_time_s,1.181314,0.018665,1.164953,1.197674,5
springer_revision_full_20260530,baseline-graph-slam_p1_g1_d0p5_loss0p1,baseline_graph_slam,1.000000,1.000000,0.500000,0.100000,theta_mean,0.403740,0.009887,0.395074,0.412406,5
springer_revision_full_20260530,baseline-graph-slam_p1_g1_d0p5_loss0p1,baseline_graph_slam,1.000000,1.000000,0.500000,0.100000,theta_std,0.050347,0.001222,0.049276,0.051419,5
springer_revision_full_20260530,baseline-graph-slam_p1_g1_d0p5_loss0p3,baseline_graph_slam,1.000000,1.000000,0.500000,0.300000,pose_rmse_m,0.830950,0.019630,0.813744,0.848156,5
springer_revision_full_20260530,baseline-graph-slam_p1_g1_d0p5_loss0p3,baseline_graph_slam,1.000000,1.000000,0.500000,0.300000,map_alignment_rmse_m,0.566479,0.000844,0.565739,0.567219,5
springer_revision_full_20260530,baseline-graph-slam_p1_g1_d0p5_loss0p3,baseline_graph_slam,1.000000,1.000000,0.500000,0.300000,fusion_time_s,1.356908,0.016980,1.342025,1.371791,5
springer_revision_full_20260530,baseline-graph-slam_p1_g1_d0p5_loss0p3,baseline_graph_slam,1.000000,1.000000,0.500000,0.300000,theta_mean,0.337508,0.009525,0.329159,0.345856,5
springer_revision_full_20260530,baseline-graph-slam_p1_g1_d0p5_loss0p3,baseline_graph_slam,1.000000,1.000000,0.500000,0.300000,theta_std,0.046058,0.004815,0.041838,0.050279,5
springer_revision_full_20260530,baseline-graph-slam_p1_g1_d2_loss0p1,baseline_graph_slam,1.000000,1.000000,2.000000,0.100000,pose_rmse_m,0.830449,0.015686,0.816699,0.844198,5
springer_revision_full_20260530,baseline-graph-slam_p1_g1_d2_loss0p1,baseline_graph_slam,1.000000,1.000000,2.000000,0.100000,map_alignment_rmse_m,0.567682,0.006842,0.561685,0.573680,5
springer_revision_full_20260530,baseline-graph-slam_p1_g1_d2_loss0p1,baseline_graph_slam,1.000000,1.000000,2.000000,0.100000,fusion_time_s,1.720112,0.027105,1.696353,1.743870,5
springer_revision_full_20260530,baseline-graph-slam_p1_g1_d2_loss0p1,baseline_graph_slam,1.000000,1.000000,2.000000,0.100000,theta_mean,0.074755,0.001618,0.073337,0.076173,5
springer_revision_full_20260530,baseline-graph-slam_p1_g1_d2_loss0p1,baseline_graph_slam,1.000000,1.000000,2.000000,0.100000,theta_std,0.012208,0.001015,0.011318,0.013098,5
springer_revision_full_20260530,baseline-graph-slam_p1_g1_d2_loss0p3,baseline_graph_slam,1.000000,1.000000,2.000000,0.300000,pose_rmse_m,0.998953,0.018700,0.982562,1.015344,5
springer_revision_full_20260530,baseline-graph-slam_p1_g1_d2_loss0p3,baseline_graph_slam,1.000000,1.000000,2.000000,0.300000,map_alignment_rmse_m,0.692272,0.007415,0.685773,0.698772,5
springer_revision_full_20260530,baseline-graph-slam_p1_g1_d2_loss0p3,baseline_graph_slam,1.000000,1.000000,2.000000,0.300000,fusion_time_s,1.903259,0.022647,1.883408,1.923110,5
springer_revision_full_20260530,baseline-graph-slam_p1_g1_d2_loss0p3,baseline_graph_slam,1.000000,1.000000,2.000000,0.300000,theta_mean,0.059561,0.002357,0.057495,0.061627,5
springer_revision_full_20260530,baseline-graph-slam_p1_g1_d2_loss0p3,baseline_graph_slam,1.000000,1.000000,2.000000,0.300000,theta_std,0.010685,0.001047,0.009767,0.011603,5
springer_revision_full_20260530,baseline-graph-slam_p2_g0_d0p5_loss0p1,baseline_graph_slam,2.000000,0.000000,0.500000,0.100000,pose_rmse_m,0.658822,0.025944,0.636081,0.681563,5
springer_revision_full_20260530,baseline-graph-slam_p2_g0_d0p5_loss0p1,baseline_graph_slam,2.000000,0.000000,0.500000,0.100000,map_alignment_rmse_m,0.442195,0.005638,0.437254,0.447137,5
springer_revision_full_20260530,baseline-graph-slam_p2_g0_d0p5_loss0p1,baseline_graph_slam,2.000000,0.000000,0.500000,0.100000,fusion_time_s,1.153356,0.012372,1.142511,1.164200,5
springer_revision_full_20260530,baseline-graph-slam_p2_g0_d0p5_loss0p1,baseline_graph_slam,2.000000,0.000000,0.500000,0.100000,theta_mean,0.887617,0.009501,0.879289,0.895945,5
springer_revision_full_20260530,baseline-graph-slam_p2_g0_d0p5_loss0p1,baseline_graph_slam,2.000000,0.000000,0.500000,0.100000,theta_std,0.039452,0.004260,0.035719,0.043186,5
springer_revision_full_20260530,baseline-graph-slam_p2_g0_d0p5_loss0p3,baseline_graph_slam,2.000000,0.000000,0.500000,0.300000,pose_rmse_m,0.818314,0.013022,0.806899,0.829728,5
springer_revision_full_20260530,baseline-graph-slam_p2_g0_d0p5_loss0p3,baseline_graph_slam,2.000000,0.000000,0.500000,0.300000,map_alignment_rmse_m,0.563295,0.009248,0.555189,0.571402,5
springer_revision_full_20260530,baseline-graph-slam_p2_g0_d0p5_loss0p3,baseline_graph_slam,2.000000,0.000000,0.500000,0.300000,fusion_time_s,1.327713,0.022052,1.308384,1.347043,5
springer_revision_full_20260530,baseline-graph-slam_p2_g0_d0p5_loss0p3,baseline_graph_slam,2.000000,0.000000,0.500000,0.300000,theta_mean,0.802316,0.014480,0.789624,0.815008,5
springer_revision_full_20260530,baseline-graph-slam_p2_g0_d0p5_loss0p3,baseline_graph_slam,2.000000,0.000000,0.500000,0.300000,theta_std,0.053120,0.005129,0.048624,0.057615,5
springer_revision_full_20260530,baseline-graph-slam_p2_g0_d2_loss0p1,baseline_graph_slam,2.000000,0.000000,2.000000,0.100000,pose_rmse_m,0.831109,0.017306,0.815940,0.846279,5
springer_revision_full_20260530,baseline-graph-slam_p2_g0_d2_loss0p1,baseline_graph_slam,2.000000,0.000000,2.000000,0.100000,map_alignment_rmse_m,0.562812,0.006206,0.557372,0.568252,5
springer_revision_full_20260530,baseline-graph-slam_p2_g0_d2_loss0p1,baseline_graph_slam,2.000000,0.000000,2.000000,0.100000,fusion_time_s,1.686935,0.023035,1.666744,1.707126,5
springer_revision_full_20260530,baseline-graph-slam_p2_g0_d2_loss0p1,baseline_graph_slam,2.000000,0.000000,2.000000,0.100000,theta_mean,0.790735,0.016118,0.776606,0.804863,5
springer_revision_full_20260530,baseline-graph-slam_p2_g0_d2_loss0p1,baseline_graph_slam,2.000000,0.000000,2.000000,0.100000,theta_std,0.049758,0.009782,0.041183,0.058332,5
springer_revision_full_20260530,baseline-graph-slam_p2_g0_d2_loss0p3,baseline_graph_slam,2.000000,0.000000,2.000000,0.300000,pose_rmse_m,1.004479,0.009288,0.996338,1.012621,5
springer_revision_full_20260530,baseline-graph-slam_p2_g0_d2_loss0p3,baseline_graph_slam,2.000000,0.000000,2.000000,0.300000,map_alignment_rmse_m,0.683864,0.009290,0.675720,0.692007,5
springer_revision_full_20260530,baseline-graph-slam_p2_g0_d2_loss0p3,baseline_graph_slam,2.000000,0.000000,2.000000,0.300000,fusion_time_s,1.879964,0.016877,1.865171,1.894757,5
springer_revision_full_20260530,baseline-graph-slam_p2_g0_d2_loss0p3,baseline_graph_slam,2.000000,0.000000,2.000000,0.300000,theta_mean,0.681232,0.018393,0.665110,0.697354,5
springer_revision_full_20260530,baseline-graph-slam_p2_g0_d2_loss0p3,baseline_graph_slam,2.000000,0.000000,2.000000,0.300000,theta_std,0.061235,0.003177,0.058450,0.064020,5
springer_revision_full_20260530,baseline-graph-slam_p2_g0p25_d0p5_loss0p1,baseline_graph_slam,2.000000,0.250000,0.500000,0.100000,pose_rmse_m,0.658786,0.019680,0.641535,0.676036,5
springer_revision_full_20260530,baseline-graph-slam_p2_g0p25_d0p5_loss0p1,baseline_graph_slam,2.000000,0.250000,0.500000,0.100000,map_alignment_rmse_m,0.439913,0.010623,0.430602,0.449224,5
springer_revision_full_20260530,baseline-graph-slam_p2_g0p25_d0p5_loss0p1,baseline_graph_slam,2.000000,0.250000,0.500000,0.100000,fusion_time_s,1.160498,0.010036,1.151702,1.169295,5
springer_revision_full_20260530,baseline-graph-slam_p2_g0p25_d0p5_loss0p1,baseline_graph_slam,2.000000,0.250000,0.500000,0.100000,theta_mean,0.784482,0.009627,0.776044,0.792920,5
springer_revision_full_20260530,baseline-graph-slam_p2_g0p25_d0p5_loss0p1,baseline_graph_slam,2.000000,0.250000,0.500000,0.100000,theta_std,0.037885,0.003539,0.034782,0.040987,5
springer_revision_full_20260530,baseline-graph-slam_p2_g0p25_d0p5_loss0p3,baseline_graph_slam,2.000000,0.250000,0.500000,0.300000,pose_rmse_m,0.836267,0.016965,0.821396,0.851138,5
springer_revision_full_20260530,baseline-graph-slam_p2_g0p25_d0p5_loss0p3,baseline_graph_slam,2.000000,0.250000,0.500000,0.300000,map_alignment_rmse_m,0.578937,0.008940,0.571100,0.586773,5
springer_revision_full_20260530,baseline-graph-slam_p2_g0p25_d0p5_loss0p3,baseline_graph_slam,2.000000,0.250000,0.500000,0.300000,fusion_time_s,1.339841,0.021516,1.320982,1.358701,5
springer_revision_full_20260530,baseline-graph-slam_p2_g0p25_d0p5_loss0p3,baseline_graph_slam,2.000000,0.250000,0.500000,0.300000,theta_mean,0.703039,0.010438,0.693889,0.712188,5
springer_revision_full_20260530,baseline-graph-slam_p2_g0p25_d0p5_loss0p3,baseline_graph_slam,2.000000,0.250000,0.500000,0.300000,theta_std,0.044625,0.005082,0.040171,0.049080,5
springer_revision_full_20260530,baseline-graph-slam_p2_g0p25_d2_loss0p1,baseline_graph_slam,2.000000,0.250000,2.000000,0.100000,pose_rmse_m,0.843756,0.011965,0.833269,0.854244,5
springer_revision_full_20260530,baseline-graph-slam_p2_g0p25_d2_loss0p1,baseline_graph_slam,2.000000,0.250000,2.000000,0.100000,map_alignment_rmse_m,0.559294,0.011594,0.549132,0.569457,5
springer_revision_full_20260530,baseline-graph-slam_p2_g0p25_d2_loss0p1,baseline_graph_slam,2.000000,0.250000,2.000000,0.100000,fusion_time_s,1.710295,0.014222,1.697829,1.722761,5
springer_revision_full_20260530,baseline-graph-slam_p2_g0p25_d2_loss0p1,baseline_graph_slam,2.000000,0.250000,2.000000,0.100000,theta_mean,0.480957,0.004750,0.476794,0.485121,5
springer_revision_full_20260530,baseline-graph-slam_p2_g0p25_d2_loss0p1,baseline_graph_slam,2.000000,0.250000,2.000000,0.100000,theta_std,0.034644,0.002423,0.032520,0.036768,5
springer_revision_full_20260530,baseline-graph-slam_p2_g0p25_d2_loss0p3,baseline_graph_slam,2.000000,0.250000,2.000000,0.300000,pose_rmse_m,1.006178,0.013017,0.994768,1.017587,5
springer_revision_full_20260530,baseline-graph-slam_p2_g0p25_d2_loss0p3,baseline_graph_slam,2.000000,0.250000,2.000000,0.300000,map_alignment_rmse_m,0.683193,0.014580,0.670413,0.695973,5
springer_revision_full_20260530,baseline-graph-slam_p2_g0p25_d2_loss0p3,baseline_graph_slam,2.000000,0.250000,2.000000,0.300000,fusion_time_s,1.878912,0.013791,1.866824,1.891000,5
springer_revision_full_20260530,baseline-graph-slam_p2_g0p25_d2_loss0p3,baseline_graph_slam,2.000000,0.250000,2.000000,0.300000,theta_mean,0.409142,0.009334,0.400960,0.417323,5
springer_revision_full_20260530,baseline-graph-slam_p2_g0p25_d2_loss0p3,baseline_graph_slam,2.000000,0.250000,2.000000,0.300000,theta_std,0.041336,0.003501,0.038268,0.044405,5
springer_revision_full_20260530,baseline-graph-slam_p2_g0p5_d0p5_loss0p1,baseline_graph_slam,2.000000,0.500000,0.500000,0.100000,pose_rmse_m,0.661779,0.012034,0.651231,0.672328,5
springer_revision_full_20260530,baseline-graph-slam_p2_g0p5_d0p5_loss0p1,baseline_graph_slam,2.000000,0.500000,0.500000,0.100000,map_alignment_rmse_m,0.441900,0.013772,0.429828,0.453972,5
springer_revision_full_20260530,baseline-graph-slam_p2_g0p5_d0p5_loss0p1,baseline_graph_slam,2.000000,0.500000,0.500000,0.100000,fusion_time_s,1.160041,0.021717,1.141006,1.179076,5
springer_revision_full_20260530,baseline-graph-slam_p2_g0p5_d0p5_loss0p1,baseline_graph_slam,2.000000,0.500000,0.500000,0.100000,theta_mean,0.691403,0.008911,0.683592,0.699213,5
springer_revision_full_20260530,baseline-graph-slam_p2_g0p5_d0p5_loss0p1,baseline_graph_slam,2.000000,0.500000,0.500000,0.100000,theta_std,0.040275,0.005445,0.035502,0.045048,5
springer_revision_full_20260530,baseline-graph-slam_p2_g0p5_d0p5_loss0p3,baseline_graph_slam,2.000000,0.500000,0.500000,0.300000,pose_rmse_m,0.829341,0.015181,0.816035,0.842648,5
springer_revision_full_20260530,baseline-graph-slam_p2_g0p5_d0p5_loss0p3,baseline_graph_slam,2.000000,0.500000,0.500000,0.300000,map_alignment_rmse_m,0.566003,0.011636,0.555804,0.576202,5
springer_revision_full_20260530,baseline-graph-slam_p2_g0p5_d0p5_loss0p3,baseline_graph_slam,2.000000,0.500000,0.500000,0.300000,fusion_time_s,1.348132,0.025358,1.325905,1.370359,5
springer_revision_full_20260530,baseline-graph-slam_p2_g0p5_d0p5_loss0p3,baseline_graph_slam,2.000000,0.500000,0.500000,0.300000,theta_mean,0.621592,0.011041,0.611914,0.631270,5
springer_revision_full_20260530,baseline-graph-slam_p2_g0p5_d0p5_loss0p3,baseline_graph_slam,2.000000,0.500000,0.500000,0.300000,theta_std,0.049486,0.007136,0.043231,0.055740,5
springer_revision_full_20260530,baseline-graph-slam_p2_g0p5_d2_loss0p1,baseline_graph_slam,2.000000,0.500000,2.000000,0.100000,pose_rmse_m,0.828313,0.007985,0.821314,0.835312,5
springer_revision_full_20260530,baseline-graph-slam_p2_g0p5_d2_loss0p1,baseline_graph_slam,2.000000,0.500000,2.000000,0.100000,map_alignment_rmse_m,0.558271,0.009077,0.550315,0.566227,5
springer_revision_full_20260530,baseline-graph-slam_p2_g0p5_d2_loss0p1,baseline_graph_slam,2.000000,0.500000,2.000000,0.100000,fusion_time_s,1.707859,0.010030,1.699068,1.716650,5
springer_revision_full_20260530,baseline-graph-slam_p2_g0p5_d2_loss0p1,baseline_graph_slam,2.000000,0.500000,2.000000,0.100000,theta_mean,0.289686,0.006949,0.283595,0.295778,5
springer_revision_full_20260530,baseline-graph-slam_p2_g0p5_d2_loss0p1,baseline_graph_slam,2.000000,0.500000,2.000000,0.100000,theta_std,0.025758,0.002913,0.023204,0.028311,5
springer_revision_full_20260530,baseline-graph-slam_p2_g0p5_d2_loss0p3,baseline_graph_slam,2.000000,0.500000,2.000000,0.300000,pose_rmse_m,1.003713,0.013801,0.991616,1.015811,5
springer_revision_full_20260530,baseline-graph-slam_p2_g0p5_d2_loss0p3,baseline_graph_slam,2.000000,0.500000,2.000000,0.300000,map_alignment_rmse_m,0.685878,0.011916,0.675433,0.696323,5
springer_revision_full_20260530,baseline-graph-slam_p2_g0p5_d2_loss0p3,baseline_graph_slam,2.000000,0.500000,2.000000,0.300000,fusion_time_s,1.897199,0.027385,1.873195,1.921203,5
springer_revision_full_20260530,baseline-graph-slam_p2_g0p5_d2_loss0p3,baseline_graph_slam,2.000000,0.500000,2.000000,0.300000,theta_mean,0.249119,0.008934,0.241288,0.256950,5
springer_revision_full_20260530,baseline-graph-slam_p2_g0p5_d2_loss0p3,baseline_graph_slam,2.000000,0.500000,2.000000,0.300000,theta_std,0.027345,0.003909,0.023919,0.030772,5
springer_revision_full_20260530,baseline-graph-slam_p2_g1_d0p5_loss0p1,baseline_graph_slam,2.000000,1.000000,0.500000,0.100000,pose_rmse_m,0.643951,0.010684,0.634586,0.653316,5
springer_revision_full_20260530,baseline-graph-slam_p2_g1_d0p5_loss0p1,baseline_graph_slam,2.000000,1.000000,0.500000,0.100000,map_alignment_rmse_m,0.434812,0.010414,0.425683,0.443940,5
springer_revision_full_20260530,baseline-graph-slam_p2_g1_d0p5_loss0p1,baseline_graph_slam,2.000000,1.000000,0.500000,0.100000,fusion_time_s,1.154456,0.014249,1.141966,1.166946,5
springer_revision_full_20260530,baseline-graph-slam_p2_g1_d0p5_loss0p1,baseline_graph_slam,2.000000,1.000000,0.500000,0.100000,theta_mean,0.540726,0.006558,0.534977,0.546475,5
springer_revision_full_20260530,baseline-graph-slam_p2_g1_d0p5_loss0p1,baseline_graph_slam,2.000000,1.000000,0.500000,0.100000,theta_std,0.052837,0.002856,0.050333,0.055341,5
springer_revision_full_20260530,baseline-graph-slam_p2_g1_d0p5_loss0p3,baseline_graph_slam,2.000000,1.000000,0.500000,0.300000,pose_rmse_m,0.831645,0.008177,0.824478,0.838813,5
springer_revision_full_20260530,baseline-graph-slam_p2_g1_d0p5_loss0p3,baseline_graph_slam,2.000000,1.000000,0.500000,0.300000,map_alignment_rmse_m,0.564963,0.004681,0.560860,0.569066,5
springer_revision_full_20260530,baseline-graph-slam_p2_g1_d0p5_loss0p3,baseline_graph_slam,2.000000,1.000000,0.500000,0.300000,fusion_time_s,1.351379,0.019176,1.334571,1.368188,5
springer_revision_full_20260530,baseline-graph-slam_p2_g1_d0p5_loss0p3,baseline_graph_slam,2.000000,1.000000,0.500000,0.300000,theta_mean,0.489162,0.016688,0.474535,0.503790,5
springer_revision_full_20260530,baseline-graph-slam_p2_g1_d0p5_loss0p3,baseline_graph_slam,2.000000,1.000000,0.500000,0.300000,theta_std,0.053878,0.004287,0.050120,0.057636,5
springer_revision_full_20260530,baseline-graph-slam_p2_g1_d2_loss0p1,baseline_graph_slam,2.000000,1.000000,2.000000,0.100000,pose_rmse_m,0.841559,0.020331,0.823738,0.859380,5
springer_revision_full_20260530,baseline-graph-slam_p2_g1_d2_loss0p1,baseline_graph_slam,2.000000,1.000000,2.000000,0.100000,map_alignment_rmse_m,0.560370,0.010262,0.551375,0.569364,5
springer_revision_full_20260530,baseline-graph-slam_p2_g1_d2_loss0p1,baseline_graph_slam,2.000000,1.000000,2.000000,0.100000,fusion_time_s,1.706229,0.016123,1.692096,1.720361,5
springer_revision_full_20260530,baseline-graph-slam_p2_g1_d2_loss0p1,baseline_graph_slam,2.000000,1.000000,2.000000,0.100000,theta_mean,0.107777,0.002190,0.105857,0.109697,5
springer_revision_full_20260530,baseline-graph-slam_p2_g1_d2_loss0p1,baseline_graph_slam,2.000000,1.000000,2.000000,0.100000,theta_std,0.015836,0.003084,0.013133,0.018539,5
springer_revision_full_20260530,baseline-graph-slam_p2_g1_d2_loss0p3,baseline_graph_slam,2.000000,1.000000,2.000000,0.300000,pose_rmse_m,1.006686,0.012487,0.995740,1.017631,5
springer_revision_full_20260530,baseline-graph-slam_p2_g1_d2_loss0p3,baseline_graph_slam,2.000000,1.000000,2.000000,0.300000,map_alignment_rmse_m,0.686616,0.013261,0.674992,0.698239,5
springer_revision_full_20260530,baseline-graph-slam_p2_g1_d2_loss0p3,baseline_graph_slam,2.000000,1.000000,2.000000,0.300000,fusion_time_s,1.896244,0.021842,1.877099,1.915390,5
springer_revision_full_20260530,baseline-graph-slam_p2_g1_d2_loss0p3,baseline_graph_slam,2.000000,1.000000,2.000000,0.300000,theta_mean,0.092615,0.003340,0.089687,0.095542,5
springer_revision_full_20260530,baseline-graph-slam_p2_g1_d2_loss0p3,baseline_graph_slam,2.000000,1.000000,2.000000,0.300000,theta_std,0.014315,0.001377,0.013107,0.015522,5
springer_revision_full_20260530,baseline-graph-slam_p3_g0_d0p5_loss0p1,baseline_graph_slam,3.000000,0.000000,0.500000,0.100000,pose_rmse_m,0.669328,0.015517,0.655727,0.682930,5
springer_revision_full_20260530,baseline-graph-slam_p3_g0_d0p5_loss0p1,baseline_graph_slam,3.000000,0.000000,0.500000,0.100000,map_alignment_rmse_m,0.443816,0.008199,0.436629,0.451003,5
springer_revision_full_20260530,baseline-graph-slam_p3_g0_d0p5_loss0p1,baseline_graph_slam,3.000000,0.000000,0.500000,0.100000,fusion_time_s,1.146279,0.018965,1.129655,1.162902,5
springer_revision_full_20260530,baseline-graph-slam_p3_g0_d0p5_loss0p1,baseline_graph_slam,3.000000,0.000000,0.500000,0.100000,theta_mean,0.959312,0.005183,0.954769,0.963856,5
springer_revision_full_20260530,baseline-graph-slam_p3_g0_d0p5_loss0p1,baseline_graph_slam,3.000000,0.000000,0.500000,0.100000,theta_std,0.019206,0.002748,0.016797,0.021614,5
springer_revision_full_20260530,baseline-graph-slam_p3_g0_d0p5_loss0p3,baseline_graph_slam,3.000000,0.000000,0.500000,0.300000,pose_rmse_m,0.824783,0.006793,0.818828,0.830737,5
springer_revision_full_20260530,baseline-graph-slam_p3_g0_d0p5_loss0p3,baseline_graph_slam,3.000000,0.000000,0.500000,0.300000,map_alignment_rmse_m,0.560770,0.009682,0.552283,0.569256,5
springer_revision_full_20260530,baseline-graph-slam_p3_g0_d0p5_loss0p3,baseline_graph_slam,3.000000,0.000000,0.500000,0.300000,fusion_time_s,1.338184,0.022520,1.318444,1.357923,5
springer_revision_full_20260530,baseline-graph-slam_p3_g0_d0p5_loss0p3,baseline_graph_slam,3.000000,0.000000,0.500000,0.300000,theta_mean,0.909830,0.010372,0.900738,0.918922,5
springer_revision_full_20260530,baseline-graph-slam_p3_g0_d0p5_loss0p3,baseline_graph_slam,3.000000,0.000000,0.500000,0.300000,theta_std,0.033742,0.003784,0.030425,0.037059,5
springer_revision_full_20260530,baseline-graph-slam_p3_g0_d2_loss0p1,baseline_graph_slam,3.000000,0.000000,2.000000,0.100000,pose_rmse_m,0.841578,0.007816,0.834727,0.848429,5
springer_revision_full_20260530,baseline-graph-slam_p3_g0_d2_loss0p1,baseline_graph_slam,3.000000,0.000000,2.000000,0.100000,map_alignment_rmse_m,0.561829,0.011769,0.551513,0.572144,5
springer_revision_full_20260530,baseline-graph-slam_p3_g0_d2_loss0p1,baseline_graph_slam,3.000000,0.000000,2.000000,0.100000,fusion_time_s,1.684424,0.024259,1.663160,1.705688,5
springer_revision_full_20260530,baseline-graph-slam_p3_g0_d2_loss0p1,baseline_graph_slam,3.000000,0.000000,2.000000,0.100000,theta_mean,0.901182,0.009027,0.893269,0.909094,5
springer_revision_full_20260530,baseline-graph-slam_p3_g0_d2_loss0p1,baseline_graph_slam,3.000000,0.000000,2.000000,0.100000,theta_std,0.036360,0.002226,0.034409,0.038312,5
springer_revision_full_20260530,baseline-graph-slam_p3_g0_d2_loss0p3,baseline_graph_slam,3.000000,0.000000,2.000000,0.300000,pose_rmse_m,1.007422,0.021527,0.988553,1.026291,5
springer_revision_full_20260530,baseline-graph-slam_p3_g0_d2_loss0p3,baseline_graph_slam,3.000000,0.000000,2.000000,0.300000,map_alignment_rmse_m,0.695332,0.005397,0.690601,0.700063,5
springer_revision_full_20260530,baseline-graph-slam_p3_g0_d2_loss0p3,baseline_graph_slam,3.000000,0.000000,2.000000,0.300000,fusion_time_s,1.886014,0.010867,1.876488,1.895539,5
springer_revision_full_20260530,baseline-graph-slam_p3_g0_d2_loss0p3,baseline_graph_slam,3.000000,0.000000,2.000000,0.300000,theta_mean,0.817165,0.018398,0.801038,0.833291,5
springer_revision_full_20260530,baseline-graph-slam_p3_g0_d2_loss0p3,baseline_graph_slam,3.000000,0.000000,2.000000,0.300000,theta_std,0.057724,0.006155,0.052329,0.063119,5
springer_revision_full_20260530,baseline-graph-slam_p3_g0p25_d0p5_loss0p1,baseline_graph_slam,3.000000,0.250000,0.500000,0.100000,pose_rmse_m,0.658887,0.014518,0.646161,0.671612,5
springer_revision_full_20260530,baseline-graph-slam_p3_g0p25_d0p5_loss0p1,baseline_graph_slam,3.000000,0.250000,0.500000,0.100000,map_alignment_rmse_m,0.442772,0.017460,0.427467,0.458077,5
springer_revision_full_20260530,baseline-graph-slam_p3_g0p25_d0p5_loss0p1,baseline_graph_slam,3.000000,0.250000,0.500000,0.100000,fusion_time_s,1.171312,0.023957,1.150313,1.192312,5
springer_revision_full_20260530,baseline-graph-slam_p3_g0p25_d0p5_loss0p1,baseline_graph_slam,3.000000,0.250000,0.500000,0.100000,theta_mean,0.846838,0.006129,0.841465,0.852210,5
springer_revision_full_20260530,baseline-graph-slam_p3_g0p25_d0p5_loss0p1,baseline_graph_slam,3.000000,0.250000,0.500000,0.100000,theta_std,0.026468,0.002761,0.024048,0.028888,5
springer_revision_full_20260530,baseline-graph-slam_p3_g0p25_d0p5_loss0p3,baseline_graph_slam,3.000000,0.250000,0.500000,0.300000,pose_rmse_m,0.814954,0.026440,0.791779,0.838130,5
springer_revision_full_20260530,baseline-graph-slam_p3_g0p25_d0p5_loss0p3,baseline_graph_slam,3.000000,0.250000,0.500000,0.300000,map_alignment_rmse_m,0.572998,0.019185,0.556182,0.589815,5
springer_revision_full_20260530,baseline-graph-slam_p3_g0p25_d0p5_loss0p3,baseline_graph_slam,3.000000,0.250000,0.500000,0.300000,fusion_time_s,1.352068,0.017350,1.336859,1.367276,5
springer_revision_full_20260530,baseline-graph-slam_p3_g0p25_d0p5_loss0p3,baseline_graph_slam,3.000000,0.250000,0.500000,0.300000,theta_mean,0.802703,0.008139,0.795569,0.809836,5
springer_revision_full_20260530,baseline-graph-slam_p3_g0p25_d0p5_loss0p3,baseline_graph_slam,3.000000,0.250000,0.500000,0.300000,theta_std,0.035613,0.002592,0.033341,0.037885,5
springer_revision_full_20260530,baseline-graph-slam_p3_g0p25_d2_loss0p1,baseline_graph_slam,3.000000,0.250000,2.000000,0.100000,pose_rmse_m,0.826507,0.012164,0.815845,0.837169,5
springer_revision_full_20260530,baseline-graph-slam_p3_g0p25_d2_loss0p1,baseline_graph_slam,3.000000,0.250000,2.000000,0.100000,map_alignment_rmse_m,0.558936,0.006886,0.552901,0.564972,5
springer_revision_full_20260530,baseline-graph-slam_p3_g0p25_d2_loss0p1,baseline_graph_slam,3.000000,0.250000,2.000000,0.100000,fusion_time_s,1.693136,0.022561,1.673360,1.712911,5
springer_revision_full_20260530,baseline-graph-slam_p3_g0p25_d2_loss0p1,baseline_graph_slam,3.000000,0.250000,2.000000,0.100000,theta_mean,0.547674,0.005754,0.542631,0.552718,5
springer_revision_full_20260530,baseline-graph-slam_p3_g0p25_d2_loss0p1,baseline_graph_slam,3.000000,0.250000,2.000000,0.100000,theta_std,0.026141,0.002898,0.023601,0.028681,5
springer_revision_full_20260530,baseline-graph-slam_p3_g0p25_d2_loss0p3,baseline_graph_slam,3.000000,0.250000,2.000000,0.300000,pose_rmse_m,1.002529,0.014489,0.989829,1.015230,5
springer_revision_full_20260530,baseline-graph-slam_p3_g0p25_d2_loss0p3,baseline_graph_slam,3.000000,0.250000,2.000000,0.300000,map_alignment_rmse_m,0.678383,0.011717,0.668113,0.688653,5
springer_revision_full_20260530,baseline-graph-slam_p3_g0p25_d2_loss0p3,baseline_graph_slam,3.000000,0.250000,2.000000,0.300000,fusion_time_s,1.878947,0.010134,1.870064,1.887831,5
springer_revision_full_20260530,baseline-graph-slam_p3_g0p25_d2_loss0p3,baseline_graph_slam,3.000000,0.250000,2.000000,0.300000,theta_mean,0.493448,0.009777,0.484878,0.502018,5
springer_revision_full_20260530,baseline-graph-slam_p3_g0p25_d2_loss0p3,baseline_graph_slam,3.000000,0.250000,2.000000,0.300000,theta_std,0.036905,0.004604,0.032870,0.040940,5
springer_revision_full_20260530,baseline-graph-slam_p3_g0p5_d0p5_loss0p1,baseline_graph_slam,3.000000,0.500000,0.500000,0.100000,pose_rmse_m,0.652593,0.018207,0.636634,0.668552,5
springer_revision_full_20260530,baseline-graph-slam_p3_g0p5_d0p5_loss0p1,baseline_graph_slam,3.000000,0.500000,0.500000,0.100000,map_alignment_rmse_m,0.437384,0.013229,0.425788,0.448980,5
springer_revision_full_20260530,baseline-graph-slam_p3_g0p5_d0p5_loss0p1,baseline_graph_slam,3.000000,0.500000,0.500000,0.100000,fusion_time_s,1.155064,0.012547,1.144066,1.166062,5
springer_revision_full_20260530,baseline-graph-slam_p3_g0p5_d0p5_loss0p1,baseline_graph_slam,3.000000,0.500000,0.500000,0.100000,theta_mean,0.750963,0.004170,0.747308,0.754618,5
springer_revision_full_20260530,baseline-graph-slam_p3_g0p5_d0p5_loss0p1,baseline_graph_slam,3.000000,0.500000,0.500000,0.100000,theta_std,0.035924,0.001567,0.034551,0.037298,5
springer_revision_full_20260530,baseline-graph-slam_p3_g0p5_d0p5_loss0p3,baseline_graph_slam,3.000000,0.500000,0.500000,0.300000,pose_rmse_m,0.827694,0.022248,0.808192,0.847196,5
springer_revision_full_20260530,baseline-graph-slam_p3_g0p5_d0p5_loss0p3,baseline_graph_slam,3.000000,0.500000,0.500000,0.300000,map_alignment_rmse_m,0.571774,0.007204,0.565460,0.578089,5
springer_revision_full_20260530,baseline-graph-slam_p3_g0p5_d0p5_loss0p3,baseline_graph_slam,3.000000,0.500000,0.500000,0.300000,fusion_time_s,1.351641,0.013565,1.339751,1.363532,5
springer_revision_full_20260530,baseline-graph-slam_p3_g0p5_d0p5_loss0p3,baseline_graph_slam,3.000000,0.500000,0.500000,0.300000,theta_mean,0.707859,0.008039,0.700812,0.714906,5
springer_revision_full_20260530,baseline-graph-slam_p3_g0p5_d0p5_loss0p3,baseline_graph_slam,3.000000,0.500000,0.500000,0.300000,theta_std,0.040389,0.005458,0.035605,0.045173,5
springer_revision_full_20260530,baseline-graph-slam_p3_g0p5_d2_loss0p1,baseline_graph_slam,3.000000,0.500000,2.000000,0.100000,pose_rmse_m,0.843408,0.016491,0.828953,0.857864,5
springer_revision_full_20260530,baseline-graph-slam_p3_g0p5_d2_loss0p1,baseline_graph_slam,3.000000,0.500000,2.000000,0.100000,map_alignment_rmse_m,0.561481,0.016546,0.546978,0.575985,5
springer_revision_full_20260530,baseline-graph-slam_p3_g0p5_d2_loss0p1,baseline_graph_slam,3.000000,0.500000,2.000000,0.100000,fusion_time_s,1.697134,0.022089,1.677772,1.716496,5
springer_revision_full_20260530,baseline-graph-slam_p3_g0p5_d2_loss0p1,baseline_graph_slam,3.000000,0.500000,2.000000,0.100000,theta_mean,0.332477,0.002724,0.330090,0.334865,5
springer_revision_full_20260530,baseline-graph-slam_p3_g0p5_d2_loss0p1,baseline_graph_slam,3.000000,0.500000,2.000000,0.100000,theta_std,0.024611,0.002541,0.022384,0.026839,5
springer_revision_full_20260530,baseline-graph-slam_p3_g0p5_d2_loss0p3,baseline_graph_slam,3.000000,0.500000,2.000000,0.300000,pose_rmse_m,1.007821,0.005465,1.003030,1.012611,5
springer_revision_full_20260530,baseline-graph-slam_p3_g0p5_d2_loss0p3,baseline_graph_slam,3.000000,0.500000,2.000000,0.300000,map_alignment_rmse_m,0.688688,0.013389,0.676953,0.700424,5
springer_revision_full_20260530,baseline-graph-slam_p3_g0p5_d2_loss0p3,baseline_graph_slam,3.000000,0.500000,2.000000,0.300000,fusion_time_s,1.909182,0.011931,1.898724,1.919639,5
springer_revision_full_20260530,baseline-graph-slam_p3_g0p5_d2_loss0p3,baseline_graph_slam,3.000000,0.500000,2.000000,0.300000,theta_mean,0.298308,0.005570,0.293425,0.303190,5
springer_revision_full_20260530,baseline-graph-slam_p3_g0p5_d2_loss0p3,baseline_graph_slam,3.000000,0.500000,2.000000,0.300000,theta_std,0.027648,0.003380,0.024685,0.030611,5
springer_revision_full_20260530,baseline-graph-slam_p3_g1_d0p5_loss0p1,baseline_graph_slam,3.000000,1.000000,0.500000,0.100000,pose_rmse_m,0.661919,0.008729,0.654268,0.669570,5
springer_revision_full_20260530,baseline-graph-slam_p3_g1_d0p5_loss0p1,baseline_graph_slam,3.000000,1.000000,0.500000,0.100000,map_alignment_rmse_m,0.449301,0.009449,0.441019,0.457583,5
springer_revision_full_20260530,baseline-graph-slam_p3_g1_d0p5_loss0p1,baseline_graph_slam,3.000000,1.000000,0.500000,0.100000,fusion_time_s,1.179499,0.023137,1.159219,1.199779,5
springer_revision_full_20260530,baseline-graph-slam_p3_g1_d0p5_loss0p1,baseline_graph_slam,3.000000,1.000000,0.500000,0.100000,theta_mean,0.578053,0.008484,0.570617,0.585489,5
springer_revision_full_20260530,baseline-graph-slam_p3_g1_d0p5_loss0p1,baseline_graph_slam,3.000000,1.000000,0.500000,0.100000,theta_std,0.056839,0.004056,0.053284,0.060394,5
springer_revision_full_20260530,baseline-graph-slam_p3_g1_d0p5_loss0p3,baseline_graph_slam,3.000000,1.000000,0.500000,0.300000,pose_rmse_m,0.823655,0.012818,0.812420,0.834891,5
springer_revision_full_20260530,baseline-graph-slam_p3_g1_d0p5_loss0p3,baseline_graph_slam,3.000000,1.000000,0.500000,0.300000,map_alignment_rmse_m,0.564670,0.015845,0.550781,0.578558,5
springer_revision_full_20260530,baseline-graph-slam_p3_g1_d0p5_loss0p3,baseline_graph_slam,3.000000,1.000000,0.500000,0.300000,fusion_time_s,1.380778,0.022489,1.361066,1.400490,5
springer_revision_full_20260530,baseline-graph-slam_p3_g1_d0p5_loss0p3,baseline_graph_slam,3.000000,1.000000,0.500000,0.300000,theta_mean,0.553424,0.010167,0.544511,0.562336,5
springer_revision_full_20260530,baseline-graph-slam_p3_g1_d0p5_loss0p3,baseline_graph_slam,3.000000,1.000000,0.500000,0.300000,theta_std,0.056781,0.004204,0.053097,0.060466,5
springer_revision_full_20260530,baseline-graph-slam_p3_g1_d2_loss0p1,baseline_graph_slam,3.000000,1.000000,2.000000,0.100000,pose_rmse_m,0.843215,0.024333,0.821885,0.864544,5
springer_revision_full_20260530,baseline-graph-slam_p3_g1_d2_loss0p1,baseline_graph_slam,3.000000,1.000000,2.000000,0.100000,map_alignment_rmse_m,0.552359,0.013539,0.540491,0.564227,5
springer_revision_full_20260530,baseline-graph-slam_p3_g1_d2_loss0p1,baseline_graph_slam,3.000000,1.000000,2.000000,0.100000,fusion_time_s,1.715763,0.025877,1.693080,1.738445,5
springer_revision_full_20260530,baseline-graph-slam_p3_g1_d2_loss0p1,baseline_graph_slam,3.000000,1.000000,2.000000,0.100000,theta_mean,0.122648,0.002340,0.120597,0.124699,5
springer_revision_full_20260530,baseline-graph-slam_p3_g1_d2_loss0p1,baseline_graph_slam,3.000000,1.000000,2.000000,0.100000,theta_std,0.014639,0.001479,0.013343,0.015935,5
springer_revision_full_20260530,baseline-graph-slam_p3_g1_d2_loss0p3,baseline_graph_slam,3.000000,1.000000,2.000000,0.300000,pose_rmse_m,1.002500,0.008364,0.995169,1.009831,5
springer_revision_full_20260530,baseline-graph-slam_p3_g1_d2_loss0p3,baseline_graph_slam,3.000000,1.000000,2.000000,0.300000,map_alignment_rmse_m,0.692081,0.015655,0.678358,0.705803,5
springer_revision_full_20260530,baseline-graph-slam_p3_g1_d2_loss0p3,baseline_graph_slam,3.000000,1.000000,2.000000,0.300000,fusion_time_s,1.901036,0.018649,1.884689,1.917383,5
springer_revision_full_20260530,baseline-graph-slam_p3_g1_d2_loss0p3,baseline_graph_slam,3.000000,1.000000,2.000000,0.300000,theta_mean,0.109896,0.002250,0.107924,0.111868,5
springer_revision_full_20260530,baseline-graph-slam_p3_g1_d2_loss0p3,baseline_graph_slam,3.000000,1.000000,2.000000,0.300000,theta_std,0.014959,0.001523,0.013623,0.016294,5
springer_revision_full_20260530,decentralized-only_p1_g0_d0p5_loss0p1,decentralized_only,1.000000,0.000000,0.500000,0.100000,pose_rmse_m,0.802438,0.013396,0.790695,0.814180,5
springer_revision_full_20260530,decentralized-only_p1_g0_d0p5_loss0p1,decentralized_only,1.000000,0.000000,0.500000,0.100000,map_alignment_rmse_m,0.539170,0.009576,0.530776,0.547564,5
springer_revision_full_20260530,decentralized-only_p1_g0_d0p5_loss0p1,decentralized_only,1.000000,0.000000,0.500000,0.100000,fusion_time_s,0.949815,0.012185,0.939134,0.960495,5
springer_revision_full_20260530,decentralized-only_p1_g0_d0p5_loss0p1,decentralized_only,1.000000,0.000000,0.500000,0.100000,theta_mean,0.666568,0.017210,0.651482,0.681653,5
springer_revision_full_20260530,decentralized-only_p1_g0_d0p5_loss0p1,decentralized_only,1.000000,0.000000,0.500000,0.100000,theta_std,0.059870,0.004822,0.055643,0.064096,5
springer_revision_full_20260530,decentralized-only_p1_g0_d0p5_loss0p3,decentralized_only,1.000000,0.000000,0.500000,0.300000,pose_rmse_m,0.977461,0.006420,0.971833,0.983088,5
springer_revision_full_20260530,decentralized-only_p1_g0_d0p5_loss0p3,decentralized_only,1.000000,0.000000,0.500000,0.300000,map_alignment_rmse_m,0.659941,0.013937,0.647724,0.672157,5
springer_revision_full_20260530,decentralized-only_p1_g0_d0p5_loss0p3,decentralized_only,1.000000,0.000000,0.500000,0.300000,fusion_time_s,1.128210,0.026156,1.105284,1.151137,5
springer_revision_full_20260530,decentralized-only_p1_g0_d0p5_loss0p3,decentralized_only,1.000000,0.000000,0.500000,0.300000,theta_mean,0.554791,0.017494,0.539457,0.570126,5
springer_revision_full_20260530,decentralized-only_p1_g0_d0p5_loss0p3,decentralized_only,1.000000,0.000000,0.500000,0.300000,theta_std,0.054496,0.004133,0.050873,0.058119,5
springer_revision_full_20260530,decentralized-only_p1_g0_d2_loss0p1,decentralized_only,1.000000,0.000000,2.000000,0.100000,pose_rmse_m,0.983270,0.014920,0.970193,0.996348,5
springer_revision_full_20260530,decentralized-only_p1_g0_d2_loss0p1,decentralized_only,1.000000,0.000000,2.000000,0.100000,map_alignment_rmse_m,0.660254,0.001638,0.658818,0.661690,5
springer_revision_full_20260530,decentralized-only_p1_g0_d2_loss0p1,decentralized_only,1.000000,0.000000,2.000000,0.100000,fusion_time_s,1.493725,0.018949,1.477116,1.510335,5
springer_revision_full_20260530,decentralized-only_p1_g0_d2_loss0p1,decentralized_only,1.000000,0.000000,2.000000,0.100000,theta_mean,0.550445,0.017382,0.535209,0.565681,5
springer_revision_full_20260530,decentralized-only_p1_g0_d2_loss0p1,decentralized_only,1.000000,0.000000,2.000000,0.100000,theta_std,0.057350,0.003213,0.054534,0.060165,5
springer_revision_full_20260530,decentralized-only_p1_g0_d2_loss0p3,decentralized_only,1.000000,0.000000,2.000000,0.300000,pose_rmse_m,1.161832,0.014526,1.149099,1.174564,5
springer_revision_full_20260530,decentralized-only_p1_g0_d2_loss0p3,decentralized_only,1.000000,0.000000,2.000000,0.300000,map_alignment_rmse_m,0.788578,0.007386,0.782104,0.795051,5
springer_revision_full_20260530,decentralized-only_p1_g0_d2_loss0p3,decentralized_only,1.000000,0.000000,2.000000,0.300000,fusion_time_s,1.665155,0.019771,1.647825,1.682485,5
springer_revision_full_20260530,decentralized-only_p1_g0_d2_loss0p3,decentralized_only,1.000000,0.000000,2.000000,0.300000,theta_mean,0.435048,0.012266,0.424296,0.445800,5
springer_revision_full_20260530,decentralized-only_p1_g0_d2_loss0p3,decentralized_only,1.000000,0.000000,2.000000,0.300000,theta_std,0.060069,0.002599,0.057791,0.062348,5
springer_revision_full_20260530,decentralized-only_p1_g0p25_d0p5_loss0p1,decentralized_only,1.000000,0.250000,0.500000,0.100000,pose_rmse_m,0.801988,0.015594,0.788318,0.815657,5
springer_revision_full_20260530,decentralized-only_p1_g0p25_d0p5_loss0p1,decentralized_only,1.000000,0.250000,0.500000,0.100000,map_alignment_rmse_m,0.540673,0.012288,0.529903,0.551444,5
springer_revision_full_20260530,decentralized-only_p1_g0p25_d0p5_loss0p1,decentralized_only,1.000000,0.250000,0.500000,0.100000,fusion_time_s,0.943094,0.016135,0.928951,0.957237,5
springer_revision_full_20260530,decentralized-only_p1_g0p25_d0p5_loss0p1,decentralized_only,1.000000,0.250000,0.500000,0.100000,theta_mean,0.589860,0.016586,0.575322,0.604398,5
springer_revision_full_20260530,decentralized-only_p1_g0p25_d0p5_loss0p1,decentralized_only,1.000000,0.250000,0.500000,0.100000,theta_std,0.048565,0.006284,0.043057,0.054073,5
springer_revision_full_20260530,decentralized-only_p1_g0p25_d0p5_loss0p3,decentralized_only,1.000000,0.250000,0.500000,0.300000,pose_rmse_m,0.967328,0.013479,0.955513,0.979142,5
springer_revision_full_20260530,decentralized-only_p1_g0p25_d0p5_loss0p3,decentralized_only,1.000000,0.250000,0.500000,0.300000,map_alignment_rmse_m,0.673748,0.014797,0.660778,0.686718,5
springer_revision_full_20260530,decentralized-only_p1_g0p25_d0p5_loss0p3,decentralized_only,1.000000,0.250000,0.500000,0.300000,fusion_time_s,1.150312,0.027080,1.126575,1.174048,5
springer_revision_full_20260530,decentralized-only_p1_g0p25_d0p5_loss0p3,decentralized_only,1.000000,0.250000,0.500000,0.300000,theta_mean,0.491213,0.014945,0.478112,0.504313,5
springer_revision_full_20260530,decentralized-only_p1_g0p25_d0p5_loss0p3,decentralized_only,1.000000,0.250000,0.500000,0.300000,theta_std,0.049686,0.003684,0.046457,0.052915,5
springer_revision_full_20260530,decentralized-only_p1_g0p25_d2_loss0p1,decentralized_only,1.000000,0.250000,2.000000,0.100000,pose_rmse_m,0.975313,0.008785,0.967612,0.983014,5
springer_revision_full_20260530,decentralized-only_p1_g0p25_d2_loss0p1,decentralized_only,1.000000,0.250000,2.000000,0.100000,map_alignment_rmse_m,0.655024,0.018658,0.638670,0.671379,5
springer_revision_full_20260530,decentralized-only_p1_g0p25_d2_loss0p1,decentralized_only,1.000000,0.250000,2.000000,0.100000,fusion_time_s,1.500037,0.031180,1.472707,1.527367,5
springer_revision_full_20260530,decentralized-only_p1_g0p25_d2_loss0p1,decentralized_only,1.000000,0.250000,2.000000,0.100000,theta_mean,0.334243,0.009984,0.325492,0.342994,5
springer_revision_full_20260530,decentralized-only_p1_g0p25_d2_loss0p1,decentralized_only,1.000000,0.250000,2.000000,0.100000,theta_std,0.036429,0.003099,0.033713,0.039146,5
springer_revision_full_20260530,decentralized-only_p1_g0p25_d2_loss0p3,decentralized_only,1.000000,0.250000,2.000000,0.300000,pose_rmse_m,1.150518,0.013810,1.138413,1.162623,5
springer_revision_full_20260530,decentralized-only_p1_g0p25_d2_loss0p3,decentralized_only,1.000000,0.250000,2.000000,0.300000,map_alignment_rmse_m,0.785572,0.013046,0.774137,0.797008,5
springer_revision_full_20260530,decentralized-only_p1_g0p25_d2_loss0p3,decentralized_only,1.000000,0.250000,2.000000,0.300000,fusion_time_s,1.696501,0.021781,1.677409,1.715593,5
springer_revision_full_20260530,decentralized-only_p1_g0p25_d2_loss0p3,decentralized_only,1.000000,0.250000,2.000000,0.300000,theta_mean,0.266239,0.009339,0.258053,0.274425,5
springer_revision_full_20260530,decentralized-only_p1_g0p25_d2_loss0p3,decentralized_only,1.000000,0.250000,2.000000,0.300000,theta_std,0.036970,0.004589,0.032948,0.040993,5
springer_revision_full_20260530,decentralized-only_p1_g0p5_d0p5_loss0p1,decentralized_only,1.000000,0.500000,0.500000,0.100000,pose_rmse_m,0.805699,0.010939,0.796110,0.815288,5
springer_revision_full_20260530,decentralized-only_p1_g0p5_d0p5_loss0p1,decentralized_only,1.000000,0.500000,0.500000,0.100000,map_alignment_rmse_m,0.536627,0.014665,0.523772,0.549482,5
springer_revision_full_20260530,decentralized-only_p1_g0p5_d0p5_loss0p1,decentralized_only,1.000000,0.500000,0.500000,0.100000,fusion_time_s,0.941508,0.026045,0.918679,0.964337,5
springer_revision_full_20260530,decentralized-only_p1_g0p5_d0p5_loss0p1,decentralized_only,1.000000,0.500000,0.500000,0.100000,theta_mean,0.523146,0.014177,0.510719,0.535573,5
springer_revision_full_20260530,decentralized-only_p1_g0p5_d0p5_loss0p1,decentralized_only,1.000000,0.500000,0.500000,0.100000,theta_std,0.051181,0.008405,0.043813,0.058548,5
springer_revision_full_20260530,decentralized-only_p1_g0p5_d0p5_loss0p3,decentralized_only,1.000000,0.500000,0.500000,0.300000,pose_rmse_m,0.979721,0.008925,0.971898,0.987544,5
springer_revision_full_20260530,decentralized-only_p1_g0p5_d0p5_loss0p3,decentralized_only,1.000000,0.500000,0.500000,0.300000,map_alignment_rmse_m,0.673008,0.007650,0.666302,0.679714,5
springer_revision_full_20260530,decentralized-only_p1_g0p5_d0p5_loss0p3,decentralized_only,1.000000,0.500000,0.500000,0.300000,fusion_time_s,1.147448,0.020859,1.129165,1.165732,5
springer_revision_full_20260530,decentralized-only_p1_g0p5_d0p5_loss0p3,decentralized_only,1.000000,0.500000,0.500000,0.300000,theta_mean,0.437387,0.011210,0.427561,0.447213,5
springer_revision_full_20260530,decentralized-only_p1_g0p5_d0p5_loss0p3,decentralized_only,1.000000,0.500000,0.500000,0.300000,theta_std,0.045340,0.003188,0.042546,0.048134,5
springer_revision_full_20260530,decentralized-only_p1_g0p5_d2_loss0p1,decentralized_only,1.000000,0.500000,2.000000,0.100000,pose_rmse_m,0.990239,0.013031,0.978817,1.001662,5
springer_revision_full_20260530,decentralized-only_p1_g0p5_d2_loss0p1,decentralized_only,1.000000,0.500000,2.000000,0.100000,map_alignment_rmse_m,0.661277,0.013244,0.649669,0.672886,5
springer_revision_full_20260530,decentralized-only_p1_g0p5_d2_loss0p1,decentralized_only,1.000000,0.500000,2.000000,0.100000,fusion_time_s,1.500224,0.022757,1.480276,1.520171,5
springer_revision_full_20260530,decentralized-only_p1_g0p5_d2_loss0p1,decentralized_only,1.000000,0.500000,2.000000,0.100000,theta_mean,0.200937,0.006026,0.195655,0.206219,5
springer_revision_full_20260530,decentralized-only_p1_g0p5_d2_loss0p1,decentralized_only,1.000000,0.500000,2.000000,0.100000,theta_std,0.024674,0.001576,0.023292,0.026056,5
springer_revision_full_20260530,decentralized-only_p1_g0p5_d2_loss0p3,decentralized_only,1.000000,0.500000,2.000000,0.300000,pose_rmse_m,1.158154,0.011711,1.147888,1.168419,5
springer_revision_full_20260530,decentralized-only_p1_g0p5_d2_loss0p3,decentralized_only,1.000000,0.500000,2.000000,0.300000,map_alignment_rmse_m,0.780400,0.016422,0.766005,0.794795,5
springer_revision_full_20260530,decentralized-only_p1_g0p5_d2_loss0p3,decentralized_only,1.000000,0.500000,2.000000,0.300000,fusion_time_s,1.690677,0.013963,1.678438,1.702916,5
springer_revision_full_20260530,decentralized-only_p1_g0p5_d2_loss0p3,decentralized_only,1.000000,0.500000,2.000000,0.300000,theta_mean,0.162239,0.005359,0.157541,0.166936,5
springer_revision_full_20260530,decentralized-only_p1_g0p5_d2_loss0p3,decentralized_only,1.000000,0.500000,2.000000,0.300000,theta_std,0.022847,0.000954,0.022011,0.023683,5
springer_revision_full_20260530,decentralized-only_p1_g1_d0p5_loss0p1,decentralized_only,1.000000,1.000000,0.500000,0.100000,pose_rmse_m,0.806042,0.009136,0.798034,0.814050,5
springer_revision_full_20260530,decentralized-only_p1_g1_d0p5_loss0p1,decentralized_only,1.000000,1.000000,0.500000,0.100000,map_alignment_rmse_m,0.550049,0.011365,0.540087,0.560010,5
springer_revision_full_20260530,decentralized-only_p1_g1_d0p5_loss0p1,decentralized_only,1.000000,1.000000,0.500000,0.100000,fusion_time_s,0.983106,0.031405,0.955578,1.010633,5
springer_revision_full_20260530,decentralized-only_p1_g1_d0p5_loss0p1,decentralized_only,1.000000,1.000000,0.500000,0.100000,theta_mean,0.405879,0.007372,0.399417,0.412341,5
springer_revision_full_20260530,decentralized-only_p1_g1_d0p5_loss0p1,decentralized_only,1.000000,1.000000,0.500000,0.100000,theta_std,0.052480,0.003928,0.049038,0.055923,5
springer_revision_full_20260530,decentralized-only_p1_g1_d0p5_loss0p3,decentralized_only,1.000000,1.000000,0.500000,0.300000,pose_rmse_m,0.974583,0.019790,0.957236,0.991929,5
springer_revision_full_20260530,decentralized-only_p1_g1_d0p5_loss0p3,decentralized_only,1.000000,1.000000,0.500000,0.300000,map_alignment_rmse_m,0.670859,0.008270,0.663610,0.678108,5
springer_revision_full_20260530,decentralized-only_p1_g1_d0p5_loss0p3,decentralized_only,1.000000,1.000000,0.500000,0.300000,fusion_time_s,1.177000,0.016365,1.162655,1.191345,5
springer_revision_full_20260530,decentralized-only_p1_g1_d0p5_loss0p3,decentralized_only,1.000000,1.000000,0.500000,0.300000,theta_mean,0.339258,0.012445,0.328349,0.350167,5
springer_revision_full_20260530,decentralized-only_p1_g1_d0p5_loss0p3,decentralized_only,1.000000,1.000000,0.500000,0.300000,theta_std,0.046567,0.007253,0.040209,0.052924,5
springer_revision_full_20260530,decentralized-only_p1_g1_d2_loss0p1,decentralized_only,1.000000,1.000000,2.000000,0.100000,pose_rmse_m,0.991628,0.015120,0.978374,1.004881,5
springer_revision_full_20260530,decentralized-only_p1_g1_d2_loss0p1,decentralized_only,1.000000,1.000000,2.000000,0.100000,map_alignment_rmse_m,0.660696,0.008474,0.653268,0.668124,5
springer_revision_full_20260530,decentralized-only_p1_g1_d2_loss0p1,decentralized_only,1.000000,1.000000,2.000000,0.100000,fusion_time_s,1.515112,0.020189,1.497416,1.532809,5
springer_revision_full_20260530,decentralized-only_p1_g1_d2_loss0p1,decentralized_only,1.000000,1.000000,2.000000,0.100000,theta_mean,0.075253,0.003735,0.071979,0.078527,5
springer_revision_full_20260530,decentralized-only_p1_g1_d2_loss0p1,decentralized_only,1.000000,1.000000,2.000000,0.100000,theta_std,0.012309,0.000942,0.011483,0.013134,5
springer_revision_full_20260530,decentralized-only_p1_g1_d2_loss0p3,decentralized_only,1.000000,1.000000,2.000000,0.300000,pose_rmse_m,1.167172,0.014901,1.154110,1.180233,5
springer_revision_full_20260530,decentralized-only_p1_g1_d2_loss0p3,decentralized_only,1.000000,1.000000,2.000000,0.300000,map_alignment_rmse_m,0.785251,0.010436,0.776104,0.794399,5
springer_revision_full_20260530,decentralized-only_p1_g1_d2_loss0p3,decentralized_only,1.000000,1.000000,2.000000,0.300000,fusion_time_s,1.715031,0.022687,1.695145,1.734918,5
springer_revision_full_20260530,decentralized-only_p1_g1_d2_loss0p3,decentralized_only,1.000000,1.000000,2.000000,0.300000,theta_mean,0.060032,0.001968,0.058307,0.061757,5
springer_revision_full_20260530,decentralized-only_p1_g1_d2_loss0p3,decentralized_only,1.000000,1.000000,2.000000,0.300000,theta_std,0.011379,0.002285,0.009376,0.013382,5
springer_revision_full_20260530,decentralized-only_p2_g0_d0p5_loss0p1,decentralized_only,2.000000,0.000000,0.500000,0.100000,pose_rmse_m,0.786603,0.020290,0.768818,0.804389,5
springer_revision_full_20260530,decentralized-only_p2_g0_d0p5_loss0p1,decentralized_only,2.000000,0.000000,0.500000,0.100000,map_alignment_rmse_m,0.536991,0.009545,0.528624,0.545358,5
springer_revision_full_20260530,decentralized-only_p2_g0_d0p5_loss0p1,decentralized_only,2.000000,0.000000,0.500000,0.100000,fusion_time_s,0.958269,0.007484,0.951708,0.964829,5
springer_revision_full_20260530,decentralized-only_p2_g0_d0p5_loss0p1,decentralized_only,2.000000,0.000000,0.500000,0.100000,theta_mean,0.882307,0.010951,0.872709,0.891906,5
springer_revision_full_20260530,decentralized-only_p2_g0_d0p5_loss0p1,decentralized_only,2.000000,0.000000,0.500000,0.100000,theta_std,0.038527,0.003339,0.035600,0.041454,5
springer_revision_full_20260530,decentralized-only_p2_g0_d0p5_loss0p3,decentralized_only,2.000000,0.000000,0.500000,0.300000,pose_rmse_m,0.972033,0.008389,0.964680,0.979387,5
springer_revision_full_20260530,decentralized-only_p2_g0_d0p5_loss0p3,decentralized_only,2.000000,0.000000,0.500000,0.300000,map_alignment_rmse_m,0.664587,0.010234,0.655617,0.673558,5
springer_revision_full_20260530,decentralized-only_p2_g0_d0p5_loss0p3,decentralized_only,2.000000,0.000000,0.500000,0.300000,fusion_time_s,1.159093,0.023671,1.138344,1.179842,5
springer_revision_full_20260530,decentralized-only_p2_g0_d0p5_loss0p3,decentralized_only,2.000000,0.000000,0.500000,0.300000,theta_mean,0.796135,0.013925,0.783929,0.808341,5
springer_revision_full_20260530,decentralized-only_p2_g0_d0p5_loss0p3,decentralized_only,2.000000,0.000000,0.500000,0.300000,theta_std,0.051137,0.001750,0.049603,0.052671,5
springer_revision_full_20260530,decentralized-only_p2_g0_d2_loss0p1,decentralized_only,2.000000,0.000000,2.000000,0.100000,pose_rmse_m,0.988930,0.013939,0.976712,1.001148,5
springer_revision_full_20260530,decentralized-only_p2_g0_d2_loss0p1,decentralized_only,2.000000,0.000000,2.000000,0.100000,map_alignment_rmse_m,0.665969,0.004104,0.662372,0.669566,5
springer_revision_full_20260530,decentralized-only_p2_g0_d2_loss0p1,decentralized_only,2.000000,0.000000,2.000000,0.100000,fusion_time_s,1.473084,0.013155,1.461553,1.484615,5
springer_revision_full_20260530,decentralized-only_p2_g0_d2_loss0p1,decentralized_only,2.000000,0.000000,2.000000,0.100000,theta_mean,0.790936,0.011539,0.780821,0.801050,5
springer_revision_full_20260530,decentralized-only_p2_g0_d2_loss0p1,decentralized_only,2.000000,0.000000,2.000000,0.100000,theta_std,0.052832,0.004690,0.048721,0.056943,5
springer_revision_full_20260530,decentralized-only_p2_g0_d2_loss0p3,decentralized_only,2.000000,0.000000,2.000000,0.300000,pose_rmse_m,1.135891,0.017314,1.120715,1.151067,5
springer_revision_full_20260530,decentralized-only_p2_g0_d2_loss0p3,decentralized_only,2.000000,0.000000,2.000000,0.300000,map_alignment_rmse_m,0.785062,0.011531,0.774955,0.795169,5
springer_revision_full_20260530,decentralized-only_p2_g0_d2_loss0p3,decentralized_only,2.000000,0.000000,2.000000,0.300000,fusion_time_s,1.679647,0.015649,1.665930,1.693364,5
springer_revision_full_20260530,decentralized-only_p2_g0_d2_loss0p3,decentralized_only,2.000000,0.000000,2.000000,0.300000,theta_mean,0.678774,0.020094,0.661160,0.696387,5
springer_revision_full_20260530,decentralized-only_p2_g0_d2_loss0p3,decentralized_only,2.000000,0.000000,2.000000,0.300000,theta_std,0.061924,0.004586,0.057905,0.065944,5
springer_revision_full_20260530,decentralized-only_p2_g0p25_d0p5_loss0p1,decentralized_only,2.000000,0.250000,0.500000,0.100000,pose_rmse_m,0.809500,0.006222,0.804046,0.814954,5
springer_revision_full_20260530,decentralized-only_p2_g0p25_d0p5_loss0p1,decentralized_only,2.000000,0.250000,0.500000,0.100000,map_alignment_rmse_m,0.539161,0.012655,0.528068,0.550254,5
springer_revision_full_20260530,decentralized-only_p2_g0p25_d0p5_loss0p1,decentralized_only,2.000000,0.250000,0.500000,0.100000,fusion_time_s,0.955483,0.013751,0.943429,0.967537,5
springer_revision_full_20260530,decentralized-only_p2_g0p25_d0p5_loss0p1,decentralized_only,2.000000,0.250000,0.500000,0.100000,theta_mean,0.777576,0.009816,0.768972,0.786180,5
springer_revision_full_20260530,decentralized-only_p2_g0p25_d0p5_loss0p1,decentralized_only,2.000000,0.250000,0.500000,0.100000,theta_std,0.038048,0.001403,0.036818,0.039278,5
springer_revision_full_20260530,decentralized-only_p2_g0p25_d0p5_loss0p3,decentralized_only,2.000000,0.250000,0.500000,0.300000,pose_rmse_m,0.970152,0.012201,0.959458,0.980847,5
springer_revision_full_20260530,decentralized-only_p2_g0p25_d0p5_loss0p3,decentralized_only,2.000000,0.250000,0.500000,0.300000,map_alignment_rmse_m,0.666207,0.005753,0.661165,0.671249,5
springer_revision_full_20260530,decentralized-only_p2_g0p25_d0p5_loss0p3,decentralized_only,2.000000,0.250000,0.500000,0.300000,fusion_time_s,1.145935,0.006590,1.140159,1.151711,5
springer_revision_full_20260530,decentralized-only_p2_g0p25_d0p5_loss0p3,decentralized_only,2.000000,0.250000,0.500000,0.300000,theta_mean,0.707495,0.011685,0.697253,0.717737,5
springer_revision_full_20260530,decentralized-only_p2_g0p25_d0p5_loss0p3,decentralized_only,2.000000,0.250000,0.500000,0.300000,theta_std,0.047551,0.002517,0.045345,0.049757,5
springer_revision_full_20260530,decentralized-only_p2_g0p25_d2_loss0p1,decentralized_only,2.000000,0.250000,2.000000,0.100000,pose_rmse_m,0.985817,0.009204,0.977750,0.993884,5
springer_revision_full_20260530,decentralized-only_p2_g0p25_d2_loss0p1,decentralized_only,2.000000,0.250000,2.000000,0.100000,map_alignment_rmse_m,0.663174,0.009028,0.655261,0.671087,5
springer_revision_full_20260530,decentralized-only_p2_g0p25_d2_loss0p1,decentralized_only,2.000000,0.250000,2.000000,0.100000,fusion_time_s,1.491377,0.030640,1.464521,1.518234,5
springer_revision_full_20260530,decentralized-only_p2_g0p25_d2_loss0p1,decentralized_only,2.000000,0.250000,2.000000,0.100000,theta_mean,0.478890,0.008616,0.471338,0.486443,5
springer_revision_full_20260530,decentralized-only_p2_g0p25_d2_loss0p1,decentralized_only,2.000000,0.250000,2.000000,0.100000,theta_std,0.032935,0.003074,0.030241,0.035629,5
springer_revision_full_20260530,decentralized-only_p2_g0p25_d2_loss0p3,decentralized_only,2.000000,0.250000,2.000000,0.300000,pose_rmse_m,1.150971,0.005403,1.146235,1.155706,5
springer_revision_full_20260530,decentralized-only_p2_g0p25_d2_loss0p3,decentralized_only,2.000000,0.250000,2.000000,0.300000,map_alignment_rmse_m,0.780215,0.009735,0.771682,0.788748,5
springer_revision_full_20260530,decentralized-only_p2_g0p25_d2_loss0p3,decentralized_only,2.000000,0.250000,2.000000,0.300000,fusion_time_s,1.691184,0.019790,1.673837,1.708531,5
springer_revision_full_20260530,decentralized-only_p2_g0p25_d2_loss0p3,decentralized_only,2.000000,0.250000,2.000000,0.300000,theta_mean,0.410705,0.012280,0.399941,0.421469,5
springer_revision_full_20260530,decentralized-only_p2_g0p25_d2_loss0p3,decentralized_only,2.000000,0.250000,2.000000,0.300000,theta_std,0.041056,0.004912,0.036751,0.045362,5
springer_revision_full_20260530,decentralized-only_p2_g0p5_d0p5_loss0p1,decentralized_only,2.000000,0.500000,0.500000,0.100000,pose_rmse_m,0.808878,0.014062,0.796552,0.821204,5
springer_revision_full_20260530,decentralized-only_p2_g0p5_d0p5_loss0p1,decentralized_only,2.000000,0.500000,0.500000,0.100000,map_alignment_rmse_m,0.539735,0.010382,0.530635,0.548836,5
springer_revision_full_20260530,decentralized-only_p2_g0p5_d0p5_loss0p1,decentralized_only,2.000000,0.500000,0.500000,0.100000,fusion_time_s,0.962062,0.029885,0.935866,0.988257,5
springer_revision_full_20260530,decentralized-only_p2_g0p5_d0p5_loss0p1,decentralized_only,2.000000,0.500000,0.500000,0.100000,theta_mean,0.689230,0.011299,0.679327,0.699134,5
springer_revision_full_20260530,decentralized-only_p2_g0p5_d0p5_loss0p1,decentralized_only,2.000000,0.500000,0.500000,0.100000,theta_std,0.042704,0.004234,0.038992,0.046415,5
springer_revision_full_20260530,decentralized-only_p2_g0p5_d0p5_loss0p3,decentralized_only,2.000000,0.500000,0.500000,0.300000,pose_rmse_m,0.966147,0.015308,0.952729,0.979566,5
springer_revision_full_20260530,decentralized-only_p2_g0p5_d0p5_loss0p3,decentralized_only,2.000000,0.500000,0.500000,0.300000,map_alignment_rmse_m,0.673337,0.011741,0.663046,0.683629,5
springer_revision_full_20260530,decentralized-only_p2_g0p5_d0p5_loss0p3,decentralized_only,2.000000,0.500000,0.500000,0.300000,fusion_time_s,1.134461,0.010893,1.124913,1.144009,5
springer_revision_full_20260530,decentralized-only_p2_g0p5_d0p5_loss0p3,decentralized_only,2.000000,0.500000,0.500000,0.300000,theta_mean,0.623728,0.010045,0.614924,0.632533,5
springer_revision_full_20260530,decentralized-only_p2_g0p5_d0p5_loss0p3,decentralized_only,2.000000,0.500000,0.500000,0.300000,theta_std,0.050701,0.004093,0.047113,0.054289,5
springer_revision_full_20260530,decentralized-only_p2_g0p5_d2_loss0p1,decentralized_only,2.000000,0.500000,2.000000,0.100000,pose_rmse_m,1.000770,0.008452,0.993362,1.008178,5
springer_revision_full_20260530,decentralized-only_p2_g0p5_d2_loss0p1,decentralized_only,2.000000,0.500000,2.000000,0.100000,map_alignment_rmse_m,0.654360,0.005112,0.649879,0.658840,5
springer_revision_full_20260530,decentralized-only_p2_g0p5_d2_loss0p1,decentralized_only,2.000000,0.500000,2.000000,0.100000,fusion_time_s,1.508086,0.015840,1.494201,1.521970,5
springer_revision_full_20260530,decentralized-only_p2_g0p5_d2_loss0p1,decentralized_only,2.000000,0.500000,2.000000,0.100000,theta_mean,0.291191,0.008261,0.283950,0.298432,5
springer_revision_full_20260530,decentralized-only_p2_g0p5_d2_loss0p1,decentralized_only,2.000000,0.500000,2.000000,0.100000,theta_std,0.025082,0.001153,0.024072,0.026093,5
springer_revision_full_20260530,decentralized-only_p2_g0p5_d2_loss0p3,decentralized_only,2.000000,0.500000,2.000000,0.300000,pose_rmse_m,1.161575,0.017292,1.146418,1.176732,5
springer_revision_full_20260530,decentralized-only_p2_g0p5_d2_loss0p3,decentralized_only,2.000000,0.500000,2.000000,0.300000,map_alignment_rmse_m,0.787588,0.011771,0.777270,0.797906,5
springer_revision_full_20260530,decentralized-only_p2_g0p5_d2_loss0p3,decentralized_only,2.000000,0.500000,2.000000,0.300000,fusion_time_s,1.695860,0.023493,1.675268,1.716452,5
springer_revision_full_20260530,decentralized-only_p2_g0p5_d2_loss0p3,decentralized_only,2.000000,0.500000,2.000000,0.300000,theta_mean,0.248549,0.005735,0.243523,0.253576,5
springer_revision_full_20260530,decentralized-only_p2_g0p5_d2_loss0p3,decentralized_only,2.000000,0.500000,2.000000,0.300000,theta_std,0.028028,0.001963,0.026308,0.029749,5
springer_revision_full_20260530,decentralized-only_p2_g1_d0p5_loss0p1,decentralized_only,2.000000,1.000000,0.500000,0.100000,pose_rmse_m,0.815917,0.015565,0.802273,0.829560,5
springer_revision_full_20260530,decentralized-only_p2_g1_d0p5_loss0p1,decentralized_only,2.000000,1.000000,0.500000,0.100000,map_alignment_rmse_m,0.547365,0.018167,0.531442,0.563289,5
springer_revision_full_20260530,decentralized-only_p2_g1_d0p5_loss0p1,decentralized_only,2.000000,1.000000,0.500000,0.100000,fusion_time_s,0.973074,0.015709,0.959305,0.986844,5
springer_revision_full_20260530,decentralized-only_p2_g1_d0p5_loss0p1,decentralized_only,2.000000,1.000000,0.500000,0.100000,theta_mean,0.541315,0.005479,0.536513,0.546118,5
springer_revision_full_20260530,decentralized-only_p2_g1_d0p5_loss0p1,decentralized_only,2.000000,1.000000,0.500000,0.100000,theta_std,0.057518,0.003595,0.054367,0.060669,5
springer_revision_full_20260530,decentralized-only_p2_g1_d0p5_loss0p3,decentralized_only,2.000000,1.000000,0.500000,0.300000,pose_rmse_m,0.969974,0.018768,0.953523,0.986425,5
springer_revision_full_20260530,decentralized-only_p2_g1_d0p5_loss0p3,decentralized_only,2.000000,1.000000,0.500000,0.300000,map_alignment_rmse_m,0.667708,0.009588,0.659304,0.676112,5
springer_revision_full_20260530,decentralized-only_p2_g1_d0p5_loss0p3,decentralized_only,2.000000,1.000000,0.500000,0.300000,fusion_time_s,1.161743,0.013236,1.150142,1.173345,5
springer_revision_full_20260530,decentralized-only_p2_g1_d0p5_loss0p3,decentralized_only,2.000000,1.000000,0.500000,0.300000,theta_mean,0.487414,0.013051,0.475974,0.498854,5
springer_revision_full_20260530,decentralized-only_p2_g1_d0p5_loss0p3,decentralized_only,2.000000,1.000000,0.500000,0.300000,theta_std,0.053204,0.003459,0.050173,0.056236,5
springer_revision_full_20260530,decentralized-only_p2_g1_d2_loss0p1,decentralized_only,2.000000,1.000000,2.000000,0.100000,pose_rmse_m,0.980998,0.016884,0.966199,0.995798,5
springer_revision_full_20260530,decentralized-only_p2_g1_d2_loss0p1,decentralized_only,2.000000,1.000000,2.000000,0.100000,map_alignment_rmse_m,0.665160,0.004524,0.661195,0.669126,5
springer_revision_full_20260530,decentralized-only_p2_g1_d2_loss0p1,decentralized_only,2.000000,1.000000,2.000000,0.100000,fusion_time_s,1.517667,0.016548,1.503162,1.532172,5
springer_revision_full_20260530,decentralized-only_p2_g1_d2_loss0p1,decentralized_only,2.000000,1.000000,2.000000,0.100000,theta_mean,0.107199,0.001506,0.105879,0.108520,5
springer_revision_full_20260530,decentralized-only_p2_g1_d2_loss0p1,decentralized_only,2.000000,1.000000,2.000000,0.100000,theta_std,0.014887,0.000817,0.014170,0.015603,5
springer_revision_full_20260530,decentralized-only_p2_g1_d2_loss0p3,decentralized_only,2.000000,1.000000,2.000000,0.300000,pose_rmse_m,1.160702,0.016783,1.145991,1.175413,5
springer_revision_full_20260530,decentralized-only_p2_g1_d2_loss0p3,decentralized_only,2.000000,1.000000,2.000000,0.300000,map_alignment_rmse_m,0.780331,0.020096,0.762716,0.797946,5
springer_revision_full_20260530,decentralized-only_p2_g1_d2_loss0p3,decentralized_only,2.000000,1.000000,2.000000,0.300000,fusion_time_s,1.713608,0.008473,1.706181,1.721035,5
springer_revision_full_20260530,decentralized-only_p2_g1_d2_loss0p3,decentralized_only,2.000000,1.000000,2.000000,0.300000,theta_mean,0.091499,0.003245,0.088655,0.094343,5
springer_revision_full_20260530,decentralized-only_p2_g1_d2_loss0p3,decentralized_only,2.000000,1.000000,2.000000,0.300000,theta_std,0.014052,0.000841,0.013315,0.014789,5
springer_revision_full_20260530,decentralized-only_p3_g0_d0p5_loss0p1,decentralized_only,3.000000,0.000000,0.500000,0.100000,pose_rmse_m,0.804569,0.020590,0.786521,0.822617,5
springer_revision_full_20260530,decentralized-only_p3_g0_d0p5_loss0p1,decentralized_only,3.000000,0.000000,0.500000,0.100000,map_alignment_rmse_m,0.552484,0.007314,0.546073,0.558895,5
springer_revision_full_20260530,decentralized-only_p3_g0_d0p5_loss0p1,decentralized_only,3.000000,0.000000,0.500000,0.100000,fusion_time_s,0.953308,0.014498,0.940600,0.966015,5
springer_revision_full_20260530,decentralized-only_p3_g0_d0p5_loss0p1,decentralized_only,3.000000,0.000000,0.500000,0.100000,theta_mean,0.957834,0.006745,0.951921,0.963747,5
springer_revision_full_20260530,decentralized-only_p3_g0_d0p5_loss0p1,decentralized_only,3.000000,0.000000,0.500000,0.100000,theta_std,0.021987,0.003575,0.018853,0.025120,5
springer_revision_full_20260530,decentralized-only_p3_g0_d0p5_loss0p3,decentralized_only,3.000000,0.000000,0.500000,0.300000,pose_rmse_m,0.972780,0.014983,0.959647,0.985913,5
springer_revision_full_20260530,decentralized-only_p3_g0_d0p5_loss0p3,decentralized_only,3.000000,0.000000,0.500000,0.300000,map_alignment_rmse_m,0.669634,0.012545,0.658638,0.680631,5
springer_revision_full_20260530,decentralized-only_p3_g0_d0p5_loss0p3,decentralized_only,3.000000,0.000000,0.500000,0.300000,fusion_time_s,1.126289,0.013720,1.114263,1.138314,5
springer_revision_full_20260530,decentralized-only_p3_g0_d0p5_loss0p3,decentralized_only,3.000000,0.000000,0.500000,0.300000,theta_mean,0.907915,0.009580,0.899518,0.916312,5
springer_revision_full_20260530,decentralized-only_p3_g0_d0p5_loss0p3,decentralized_only,3.000000,0.000000,0.500000,0.300000,theta_std,0.037183,0.002719,0.034800,0.039566,5
springer_revision_full_20260530,decentralized-only_p3_g0_d2_loss0p1,decentralized_only,3.000000,0.000000,2.000000,0.100000,pose_rmse_m,0.991715,0.010601,0.982423,1.001007,5
springer_revision_full_20260530,decentralized-only_p3_g0_d2_loss0p1,decentralized_only,3.000000,0.000000,2.000000,0.100000,map_alignment_rmse_m,0.665151,0.009635,0.656706,0.673596,5
springer_revision_full_20260530,decentralized-only_p3_g0_d2_loss0p1,decentralized_only,3.000000,0.000000,2.000000,0.100000,fusion_time_s,1.500361,0.020630,1.482278,1.518444,5
springer_revision_full_20260530,decentralized-only_p3_g0_d2_loss0p1,decentralized_only,3.000000,0.000000,2.000000,0.100000,theta_mean,0.901165,0.009629,0.892725,0.909605,5
springer_revision_full_20260530,decentralized-only_p3_g0_d2_loss0p1,decentralized_only,3.000000,0.000000,2.000000,0.100000,theta_std,0.038008,0.005441,0.033239,0.042777,5
springer_revision_full_20260530,decentralized-only_p3_g0_d2_loss0p3,decentralized_only,3.000000,0.000000,2.000000,0.300000,pose_rmse_m,1.147695,0.016131,1.133556,1.161834,5
springer_revision_full_20260530,decentralized-only_p3_g0_d2_loss0p3,decentralized_only,3.000000,0.000000,2.000000,0.300000,map_alignment_rmse_m,0.774968,0.006224,0.769513,0.780424,5
springer_revision_full_20260530,decentralized-only_p3_g0_d2_loss0p3,decentralized_only,3.000000,0.000000,2.000000,0.300000,fusion_time_s,1.689388,0.016248,1.675147,1.703630,5
springer_revision_full_20260530,decentralized-only_p3_g0_d2_loss0p3,decentralized_only,3.000000,0.000000,2.000000,0.300000,theta_mean,0.814911,0.013498,0.803080,0.826742,5
springer_revision_full_20260530,decentralized-only_p3_g0_d2_loss0p3,decentralized_only,3.000000,0.000000,2.000000,0.300000,theta_std,0.058051,0.004031,0.054518,0.061584,5
springer_revision_full_20260530,decentralized-only_p3_g0p25_d0p5_loss0p1,decentralized_only,3.000000,0.250000,0.500000,0.100000,pose_rmse_m,0.807615,0.014272,0.795104,0.820125,5
springer_revision_full_20260530,decentralized-only_p3_g0p25_d0p5_loss0p1,decentralized_only,3.000000,0.250000,0.500000,0.100000,map_alignment_rmse_m,0.534581,0.008290,0.527314,0.541848,5
springer_revision_full_20260530,decentralized-only_p3_g0p25_d0p5_loss0p1,decentralized_only,3.000000,0.250000,0.500000,0.100000,fusion_time_s,0.947435,0.020558,0.929415,0.965455,5
springer_revision_full_20260530,decentralized-only_p3_g0p25_d0p5_loss0p1,decentralized_only,3.000000,0.250000,0.500000,0.100000,theta_mean,0.847216,0.004630,0.843157,0.851275,5
springer_revision_full_20260530,decentralized-only_p3_g0p25_d0p5_loss0p1,decentralized_only,3.000000,0.250000,0.500000,0.100000,theta_std,0.023810,0.001641,0.022371,0.025249,5
springer_revision_full_20260530,decentralized-only_p3_g0p25_d0p5_loss0p3,decentralized_only,3.000000,0.250000,0.500000,0.300000,pose_rmse_m,0.981779,0.005095,0.977313,0.986244,5
springer_revision_full_20260530,decentralized-only_p3_g0p25_d0p5_loss0p3,decentralized_only,3.000000,0.250000,0.500000,0.300000,map_alignment_rmse_m,0.656473,0.010200,0.647533,0.665414,5
springer_revision_full_20260530,decentralized-only_p3_g0p25_d0p5_loss0p3,decentralized_only,3.000000,0.250000,0.500000,0.300000,fusion_time_s,1.133407,0.015253,1.120037,1.146777,5
springer_revision_full_20260530,decentralized-only_p3_g0p25_d0p5_loss0p3,decentralized_only,3.000000,0.250000,0.500000,0.300000,theta_mean,0.801197,0.007811,0.794351,0.808044,5
springer_revision_full_20260530,decentralized-only_p3_g0p25_d0p5_loss0p3,decentralized_only,3.000000,0.250000,0.500000,0.300000,theta_std,0.036551,0.005271,0.031931,0.041171,5
springer_revision_full_20260530,decentralized-only_p3_g0p25_d2_loss0p1,decentralized_only,3.000000,0.250000,2.000000,0.100000,pose_rmse_m,0.981178,0.005269,0.976559,0.985796,5
springer_revision_full_20260530,decentralized-only_p3_g0p25_d2_loss0p1,decentralized_only,3.000000,0.250000,2.000000,0.100000,map_alignment_rmse_m,0.660625,0.008375,0.653284,0.667966,5
springer_revision_full_20260530,decentralized-only_p3_g0p25_d2_loss0p1,decentralized_only,3.000000,0.250000,2.000000,0.100000,fusion_time_s,1.509119,0.020704,1.490971,1.527267,5
springer_revision_full_20260530,decentralized-only_p3_g0p25_d2_loss0p1,decentralized_only,3.000000,0.250000,2.000000,0.100000,theta_mean,0.546940,0.003608,0.543778,0.550103,5
springer_revision_full_20260530,decentralized-only_p3_g0p25_d2_loss0p1,decentralized_only,3.000000,0.250000,2.000000,0.100000,theta_std,0.026202,0.000626,0.025653,0.026751,5
springer_revision_full_20260530,decentralized-only_p3_g0p25_d2_loss0p3,decentralized_only,3.000000,0.250000,2.000000,0.300000,pose_rmse_m,1.157303,0.015612,1.143619,1.170988,5
springer_revision_full_20260530,decentralized-only_p3_g0p25_d2_loss0p3,decentralized_only,3.000000,0.250000,2.000000,0.300000,map_alignment_rmse_m,0.786975,0.013464,0.775173,0.798776,5
springer_revision_full_20260530,decentralized-only_p3_g0p25_d2_loss0p3,decentralized_only,3.000000,0.250000,2.000000,0.300000,fusion_time_s,1.702202,0.006373,1.696615,1.707788,5
springer_revision_full_20260530,decentralized-only_p3_g0p25_d2_loss0p3,decentralized_only,3.000000,0.250000,2.000000,0.300000,theta_mean,0.493466,0.008389,0.486112,0.500819,5
springer_revision_full_20260530,decentralized-only_p3_g0p25_d2_loss0p3,decentralized_only,3.000000,0.250000,2.000000,0.300000,theta_std,0.034840,0.006013,0.029569,0.040111,5
springer_revision_full_20260530,decentralized-only_p3_g0p5_d0p5_loss0p1,decentralized_only,3.000000,0.500000,0.500000,0.100000,pose_rmse_m,0.800442,0.006201,0.795007,0.805878,5
springer_revision_full_20260530,decentralized-only_p3_g0p5_d0p5_loss0p1,decentralized_only,3.000000,0.500000,0.500000,0.100000,map_alignment_rmse_m,0.543734,0.005078,0.539283,0.548186,5
springer_revision_full_20260530,decentralized-only_p3_g0p5_d0p5_loss0p1,decentralized_only,3.000000,0.500000,0.500000,0.100000,fusion_time_s,0.948328,0.013854,0.936185,0.960472,5
springer_revision_full_20260530,decentralized-only_p3_g0p5_d0p5_loss0p1,decentralized_only,3.000000,0.500000,0.500000,0.100000,theta_mean,0.747155,0.009073,0.739203,0.755108,5
springer_revision_full_20260530,decentralized-only_p3_g0p5_d0p5_loss0p1,decentralized_only,3.000000,0.500000,0.500000,0.100000,theta_std,0.034918,0.003301,0.032025,0.037812,5
springer_revision_full_20260530,decentralized-only_p3_g0p5_d0p5_loss0p3,decentralized_only,3.000000,0.500000,0.500000,0.300000,pose_rmse_m,0.969329,0.020471,0.951385,0.987273,5
springer_revision_full_20260530,decentralized-only_p3_g0p5_d0p5_loss0p3,decentralized_only,3.000000,0.500000,0.500000,0.300000,map_alignment_rmse_m,0.664319,0.009068,0.656371,0.672268,5
springer_revision_full_20260530,decentralized-only_p3_g0p5_d0p5_loss0p3,decentralized_only,3.000000,0.500000,0.500000,0.300000,fusion_time_s,1.153739,0.008803,1.146022,1.161455,5
springer_revision_full_20260530,decentralized-only_p3_g0p5_d0p5_loss0p3,decentralized_only,3.000000,0.500000,0.500000,0.300000,theta_mean,0.708426,0.008229,0.701213,0.715639,5
springer_revision_full_20260530,decentralized-only_p3_g0p5_d0p5_loss0p3,decentralized_only,3.000000,0.500000,0.500000,0.300000,theta_std,0.043014,0.007154,0.036743,0.049284,5
springer_revision_full_20260530,decentralized-only_p3_g0p5_d2_loss0p1,decentralized_only,3.000000,0.500000,2.000000,0.100000,pose_rmse_m,0.987210,0.007899,0.980286,0.994133,5
springer_revision_full_20260530,decentralized-only_p3_g0p5_d2_loss0p1,decentralized_only,3.000000,0.500000,2.000000,0.100000,map_alignment_rmse_m,0.662964,0.005979,0.657722,0.668205,5
springer_revision_full_20260530,decentralized-only_p3_g0p5_d2_loss0p1,decentralized_only,3.000000,0.500000,2.000000,0.100000,fusion_time_s,1.502213,0.018246,1.486220,1.518206,5
springer_revision_full_20260530,decentralized-only_p3_g0p5_d2_loss0p1,decentralized_only,3.000000,0.500000,2.000000,0.100000,theta_mean,0.332792,0.004034,0.329256,0.336327,5
springer_revision_full_20260530,decentralized-only_p3_g0p5_d2_loss0p1,decentralized_only,3.000000,0.500000,2.000000,0.100000,theta_std,0.022151,0.001283,0.021026,0.023275,5
springer_revision_full_20260530,decentralized-only_p3_g0p5_d2_loss0p3,decentralized_only,3.000000,0.500000,2.000000,0.300000,pose_rmse_m,1.140202,0.007926,1.133255,1.147149,5
springer_revision_full_20260530,decentralized-only_p3_g0p5_d2_loss0p3,decentralized_only,3.000000,0.500000,2.000000,0.300000,map_alignment_rmse_m,0.785979,0.013885,0.773808,0.798149,5
springer_revision_full_20260530,decentralized-only_p3_g0p5_d2_loss0p3,decentralized_only,3.000000,0.500000,2.000000,0.300000,fusion_time_s,1.685490,0.017352,1.670280,1.700700,5
springer_revision_full_20260530,decentralized-only_p3_g0p5_d2_loss0p3,decentralized_only,3.000000,0.500000,2.000000,0.300000,theta_mean,0.302510,0.006800,0.296550,0.308471,5
springer_revision_full_20260530,decentralized-only_p3_g0p5_d2_loss0p3,decentralized_only,3.000000,0.500000,2.000000,0.300000,theta_std,0.027295,0.000996,0.026422,0.028168,5
springer_revision_full_20260530,decentralized-only_p3_g1_d0p5_loss0p1,decentralized_only,3.000000,1.000000,0.500000,0.100000,pose_rmse_m,0.800401,0.009248,0.792295,0.808507,5
springer_revision_full_20260530,decentralized-only_p3_g1_d0p5_loss0p1,decentralized_only,3.000000,1.000000,0.500000,0.100000,map_alignment_rmse_m,0.528836,0.007446,0.522309,0.535363,5
springer_revision_full_20260530,decentralized-only_p3_g1_d0p5_loss0p1,decentralized_only,3.000000,1.000000,0.500000,0.100000,fusion_time_s,0.978930,0.023796,0.958072,0.999788,5
springer_revision_full_20260530,decentralized-only_p3_g1_d0p5_loss0p1,decentralized_only,3.000000,1.000000,0.500000,0.100000,theta_mean,0.581846,0.005663,0.576883,0.586810,5
springer_revision_full_20260530,decentralized-only_p3_g1_d0p5_loss0p1,decentralized_only,3.000000,1.000000,0.500000,0.100000,theta_std,0.053079,0.008818,0.045350,0.060808,5
springer_revision_full_20260530,decentralized-only_p3_g1_d0p5_loss0p3,decentralized_only,3.000000,1.000000,0.500000,0.300000,pose_rmse_m,0.971243,0.021026,0.952813,0.989673,5
springer_revision_full_20260530,decentralized-only_p3_g1_d0p5_loss0p3,decentralized_only,3.000000,1.000000,0.500000,0.300000,map_alignment_rmse_m,0.668056,0.010664,0.658709,0.677404,5
springer_revision_full_20260530,decentralized-only_p3_g1_d0p5_loss0p3,decentralized_only,3.000000,1.000000,0.500000,0.300000,fusion_time_s,1.172240,0.010557,1.162987,1.181494,5
springer_revision_full_20260530,decentralized-only_p3_g1_d0p5_loss0p3,decentralized_only,3.000000,1.000000,0.500000,0.300000,theta_mean,0.548103,0.013553,0.536223,0.559982,5
springer_revision_full_20260530,decentralized-only_p3_g1_d0p5_loss0p3,decentralized_only,3.000000,1.000000,0.500000,0.300000,theta_std,0.049252,0.005063,0.044815,0.053690,5
springer_revision_full_20260530,decentralized-only_p3_g1_d2_loss0p1,decentralized_only,3.000000,1.000000,2.000000,0.100000,pose_rmse_m,0.984233,0.010695,0.974858,0.993607,5
springer_revision_full_20260530,decentralized-only_p3_g1_d2_loss0p1,decentralized_only,3.000000,1.000000,2.000000,0.100000,map_alignment_rmse_m,0.668499,0.007989,0.661497,0.675501,5
springer_revision_full_20260530,decentralized-only_p3_g1_d2_loss0p1,decentralized_only,3.000000,1.000000,2.000000,0.100000,fusion_time_s,1.513233,0.026377,1.490113,1.536354,5
springer_revision_full_20260530,decentralized-only_p3_g1_d2_loss0p1,decentralized_only,3.000000,1.000000,2.000000,0.100000,theta_mean,0.122635,0.003156,0.119869,0.125402,5
springer_revision_full_20260530,decentralized-only_p3_g1_d2_loss0p1,decentralized_only,3.000000,1.000000,2.000000,0.100000,theta_std,0.016237,0.003093,0.013527,0.018948,5
springer_revision_full_20260530,decentralized-only_p3_g1_d2_loss0p3,decentralized_only,3.000000,1.000000,2.000000,0.300000,pose_rmse_m,1.161828,0.007136,1.155573,1.168083,5
springer_revision_full_20260530,decentralized-only_p3_g1_d2_loss0p3,decentralized_only,3.000000,1.000000,2.000000,0.300000,map_alignment_rmse_m,0.787933,0.018413,0.771794,0.804073,5
springer_revision_full_20260530,decentralized-only_p3_g1_d2_loss0p3,decentralized_only,3.000000,1.000000,2.000000,0.300000,fusion_time_s,1.706586,0.018091,1.690729,1.722444,5
springer_revision_full_20260530,decentralized-only_p3_g1_d2_loss0p3,decentralized_only,3.000000,1.000000,2.000000,0.300000,theta_mean,0.110904,0.003330,0.107985,0.113823,5
springer_revision_full_20260530,decentralized-only_p3_g1_d2_loss0p3,decentralized_only,3.000000,1.000000,2.000000,0.300000,theta_std,0.015001,0.001245,0.013909,0.016092,5
springer_revision_full_20260530,full-emrmf_p1_g0_d0p5_loss0p1,full_emrmf,1.000000,0.000000,0.500000,0.100000,pose_rmse_m,0.296356,0.014542,0.283609,0.309103,5
springer_revision_full_20260530,full-emrmf_p1_g0_d0p5_loss0p1,full_emrmf,1.000000,0.000000,0.500000,0.100000,map_alignment_rmse_m,0.207399,0.011344,0.197455,0.217342,5
springer_revision_full_20260530,full-emrmf_p1_g0_d0p5_loss0p1,full_emrmf,1.000000,0.000000,0.500000,0.100000,fusion_time_s,0.822740,0.012966,0.811375,0.834105,5
springer_revision_full_20260530,full-emrmf_p1_g0_d0p5_loss0p1,full_emrmf,1.000000,0.000000,0.500000,0.100000,theta_mean,0.664358,0.012737,0.653194,0.675522,5
springer_revision_full_20260530,full-emrmf_p1_g0_d0p5_loss0p1,full_emrmf,1.000000,0.000000,0.500000,0.100000,theta_std,0.053871,0.003167,0.051095,0.056646,5
springer_revision_full_20260530,full-emrmf_p1_g0_d0p5_loss0p3,full_emrmf,1.000000,0.000000,0.500000,0.300000,pose_rmse_m,0.486631,0.003855,0.483252,0.490010,5
springer_revision_full_20260530,full-emrmf_p1_g0_d0p5_loss0p3,full_emrmf,1.000000,0.000000,0.500000,0.300000,map_alignment_rmse_m,0.347965,0.023961,0.326962,0.368968,5
springer_revision_full_20260530,full-emrmf_p1_g0_d0p5_loss0p3,full_emrmf,1.000000,0.000000,0.500000,0.300000,fusion_time_s,1.010617,0.013244,0.999008,1.022227,5
springer_revision_full_20260530,full-emrmf_p1_g0_d0p5_loss0p3,full_emrmf,1.000000,0.000000,0.500000,0.300000,theta_mean,0.557810,0.014458,0.545137,0.570483,5
springer_revision_full_20260530,full-emrmf_p1_g0_d0p5_loss0p3,full_emrmf,1.000000,0.000000,0.500000,0.300000,theta_std,0.056969,0.003607,0.053808,0.060131,5
springer_revision_full_20260530,full-emrmf_p1_g0_d2_loss0p1,full_emrmf,1.000000,0.000000,2.000000,0.100000,pose_rmse_m,0.513186,0.014471,0.500502,0.525870,5
springer_revision_full_20260530,full-emrmf_p1_g0_d2_loss0p1,full_emrmf,1.000000,0.000000,2.000000,0.100000,map_alignment_rmse_m,0.335180,0.010321,0.326133,0.344227,5
springer_revision_full_20260530,full-emrmf_p1_g0_d2_loss0p1,full_emrmf,1.000000,0.000000,2.000000,0.100000,fusion_time_s,1.366150,0.012017,1.355617,1.376683,5
springer_revision_full_20260530,full-emrmf_p1_g0_d2_loss0p1,full_emrmf,1.000000,0.000000,2.000000,0.100000,theta_mean,0.544536,0.017703,0.529019,0.560053,5
springer_revision_full_20260530,full-emrmf_p1_g0_d2_loss0p1,full_emrmf,1.000000,0.000000,2.000000,0.100000,theta_std,0.056163,0.003506,0.053089,0.059236,5
springer_revision_full_20260530,full-emrmf_p1_g0_d2_loss0p3,full_emrmf,1.000000,0.000000,2.000000,0.300000,pose_rmse_m,0.701766,0.008120,0.694648,0.708883,5
springer_revision_full_20260530,full-emrmf_p1_g0_d2_loss0p3,full_emrmf,1.000000,0.000000,2.000000,0.300000,map_alignment_rmse_m,0.491555,0.014895,0.478499,0.504611,5
springer_revision_full_20260530,full-emrmf_p1_g0_d2_loss0p3,full_emrmf,1.000000,0.000000,2.000000,0.300000,fusion_time_s,1.556746,0.011979,1.546246,1.567246,5
springer_revision_full_20260530,full-emrmf_p1_g0_d2_loss0p3,full_emrmf,1.000000,0.000000,2.000000,0.300000,theta_mean,0.436086,0.014700,0.423201,0.448971,5
springer_revision_full_20260530,full-emrmf_p1_g0_d2_loss0p3,full_emrmf,1.000000,0.000000,2.000000,0.300000,theta_std,0.053871,0.004783,0.049678,0.058064,5
springer_revision_full_20260530,full-emrmf_p1_g0p25_d0p5_loss0p1,full_emrmf,1.000000,0.250000,0.500000,0.100000,pose_rmse_m,0.322759,0.012819,0.311523,0.333996,5
springer_revision_full_20260530,full-emrmf_p1_g0p25_d0p5_loss0p1,full_emrmf,1.000000,0.250000,0.500000,0.100000,map_alignment_rmse_m,0.225066,0.016958,0.210202,0.239931,5
springer_revision_full_20260530,full-emrmf_p1_g0p25_d0p5_loss0p1,full_emrmf,1.000000,0.250000,0.500000,0.100000,fusion_time_s,0.822332,0.021916,0.803122,0.841542,5
springer_revision_full_20260530,full-emrmf_p1_g0p25_d0p5_loss0p1,full_emrmf,1.000000,0.250000,0.500000,0.100000,theta_mean,0.588321,0.014496,0.575615,0.601027,5
springer_revision_full_20260530,full-emrmf_p1_g0p25_d0p5_loss0p1,full_emrmf,1.000000,0.250000,0.500000,0.100000,theta_std,0.049857,0.005581,0.044965,0.054750,5
springer_revision_full_20260530,full-emrmf_p1_g0p25_d0p5_loss0p3,full_emrmf,1.000000,0.250000,0.500000,0.300000,pose_rmse_m,0.510994,0.015452,0.497449,0.524538,5
springer_revision_full_20260530,full-emrmf_p1_g0p25_d0p5_loss0p3,full_emrmf,1.000000,0.250000,0.500000,0.300000,map_alignment_rmse_m,0.356527,0.012247,0.345792,0.367262,5
springer_revision_full_20260530,full-emrmf_p1_g0p25_d0p5_loss0p3,full_emrmf,1.000000,0.250000,0.500000,0.300000,fusion_time_s,1.026804,0.015936,1.012836,1.040772,5
springer_revision_full_20260530,full-emrmf_p1_g0p25_d0p5_loss0p3,full_emrmf,1.000000,0.250000,0.500000,0.300000,theta_mean,0.489543,0.013303,0.477883,0.501203,5
springer_revision_full_20260530,full-emrmf_p1_g0p25_d0p5_loss0p3,full_emrmf,1.000000,0.250000,0.500000,0.300000,theta_std,0.048591,0.002998,0.045963,0.051218,5
springer_revision_full_20260530,full-emrmf_p1_g0p25_d2_loss0p1,full_emrmf,1.000000,0.250000,2.000000,0.100000,pose_rmse_m,0.554209,0.008232,0.546993,0.561425,5
springer_revision_full_20260530,full-emrmf_p1_g0p25_d2_loss0p1,full_emrmf,1.000000,0.250000,2.000000,0.100000,map_alignment_rmse_m,0.373793,0.017294,0.358633,0.388952,5
springer_revision_full_20260530,full-emrmf_p1_g0p25_d2_loss0p1,full_emrmf,1.000000,0.250000,2.000000,0.100000,fusion_time_s,1.384673,0.021063,1.366210,1.403136,5
springer_revision_full_20260530,full-emrmf_p1_g0p25_d2_loss0p1,full_emrmf,1.000000,0.250000,2.000000,0.100000,theta_mean,0.332168,0.006873,0.326143,0.338193,5
springer_revision_full_20260530,full-emrmf_p1_g0p25_d2_loss0p1,full_emrmf,1.000000,0.250000,2.000000,0.100000,theta_std,0.032684,0.002820,0.030212,0.035155,5
springer_revision_full_20260530,full-emrmf_p1_g0p25_d2_loss0p3,full_emrmf,1.000000,0.250000,2.000000,0.300000,pose_rmse_m,0.711288,0.013045,0.699853,0.722723,5
springer_revision_full_20260530,full-emrmf_p1_g0p25_d2_loss0p3,full_emrmf,1.000000,0.250000,2.000000,0.300000,map_alignment_rmse_m,0.504889,0.008525,0.497416,0.512361,5
springer_revision_full_20260530,full-emrmf_p1_g0p25_d2_loss0p3,full_emrmf,1.000000,0.250000,2.000000,0.300000,fusion_time_s,1.566526,0.017677,1.551032,1.582021,5
springer_revision_full_20260530,full-emrmf_p1_g0p25_d2_loss0p3,full_emrmf,1.000000,0.250000,2.000000,0.300000,theta_mean,0.266809,0.007612,0.260137,0.273482,5
springer_revision_full_20260530,full-emrmf_p1_g0p25_d2_loss0p3,full_emrmf,1.000000,0.250000,2.000000,0.300000,theta_std,0.034205,0.003446,0.031184,0.037226,5
springer_revision_full_20260530,full-emrmf_p1_g0p5_d0p5_loss0p1,full_emrmf,1.000000,0.500000,0.500000,0.100000,pose_rmse_m,0.329699,0.013440,0.317918,0.341480,5
springer_revision_full_20260530,full-emrmf_p1_g0p5_d0p5_loss0p1,full_emrmf,1.000000,0.500000,0.500000,0.100000,map_alignment_rmse_m,0.230011,0.012896,0.218707,0.241315,5
springer_revision_full_20260530,full-emrmf_p1_g0p5_d0p5_loss0p1,full_emrmf,1.000000,0.500000,0.500000,0.100000,fusion_time_s,0.831011,0.019849,0.813612,0.848409,5
springer_revision_full_20260530,full-emrmf_p1_g0p5_d0p5_loss0p1,full_emrmf,1.000000,0.500000,0.500000,0.100000,theta_mean,0.515205,0.010570,0.505940,0.524471,5
springer_revision_full_20260530,full-emrmf_p1_g0p5_d0p5_loss0p1,full_emrmf,1.000000,0.500000,0.500000,0.100000,theta_std,0.048583,0.002990,0.045962,0.051203,5
springer_revision_full_20260530,full-emrmf_p1_g0p5_d0p5_loss0p3,full_emrmf,1.000000,0.500000,0.500000,0.300000,pose_rmse_m,0.507775,0.013495,0.495946,0.519604,5
springer_revision_full_20260530,full-emrmf_p1_g0p5_d0p5_loss0p3,full_emrmf,1.000000,0.500000,0.500000,0.300000,map_alignment_rmse_m,0.384177,0.007537,0.377570,0.390783,5
springer_revision_full_20260530,full-emrmf_p1_g0p5_d0p5_loss0p3,full_emrmf,1.000000,0.500000,0.500000,0.300000,fusion_time_s,1.022020,0.022304,1.002469,1.041570,5
springer_revision_full_20260530,full-emrmf_p1_g0p5_d0p5_loss0p3,full_emrmf,1.000000,0.500000,0.500000,0.300000,theta_mean,0.433552,0.015516,0.419951,0.447152,5
springer_revision_full_20260530,full-emrmf_p1_g0p5_d0p5_loss0p3,full_emrmf,1.000000,0.500000,0.500000,0.300000,theta_std,0.050891,0.003515,0.047809,0.053972,5
springer_revision_full_20260530,full-emrmf_p1_g0p5_d2_loss0p1,full_emrmf,1.000000,0.500000,2.000000,0.100000,pose_rmse_m,0.565604,0.006322,0.560062,0.571145,5
springer_revision_full_20260530,full-emrmf_p1_g0p5_d2_loss0p1,full_emrmf,1.000000,0.500000,2.000000,0.100000,map_alignment_rmse_m,0.402071,0.007245,0.395720,0.408421,5
springer_revision_full_20260530,full-emrmf_p1_g0p5_d2_loss0p1,full_emrmf,1.000000,0.500000,2.000000,0.100000,fusion_time_s,1.366170,0.011539,1.356056,1.376285,5
springer_revision_full_20260530,full-emrmf_p1_g0p5_d2_loss0p1,full_emrmf,1.000000,0.500000,2.000000,0.100000,theta_mean,0.199929,0.006428,0.194295,0.205564,5
springer_revision_full_20260530,full-emrmf_p1_g0p5_d2_loss0p1,full_emrmf,1.000000,0.500000,2.000000,0.100000,theta_std,0.023354,0.001942,0.021652,0.025056,5
springer_revision_full_20260530,full-emrmf_p1_g0p5_d2_loss0p3,full_emrmf,1.000000,0.500000,2.000000,0.300000,pose_rmse_m,0.747374,0.013490,0.735550,0.759199,5
springer_revision_full_20260530,full-emrmf_p1_g0p5_d2_loss0p3,full_emrmf,1.000000,0.500000,2.000000,0.300000,map_alignment_rmse_m,0.525366,0.018395,0.509241,0.541490,5
springer_revision_full_20260530,full-emrmf_p1_g0p5_d2_loss0p3,full_emrmf,1.000000,0.500000,2.000000,0.300000,fusion_time_s,1.567947,0.022590,1.548147,1.587748,5
springer_revision_full_20260530,full-emrmf_p1_g0p5_d2_loss0p3,full_emrmf,1.000000,0.500000,2.000000,0.300000,theta_mean,0.161364,0.009065,0.153418,0.169309,5
springer_revision_full_20260530,full-emrmf_p1_g0p5_d2_loss0p3,full_emrmf,1.000000,0.500000,2.000000,0.300000,theta_std,0.024057,0.002893,0.021522,0.026593,5
springer_revision_full_20260530,full-emrmf_p1_g1_d0p5_loss0p1,full_emrmf,1.000000,1.000000,0.500000,0.100000,pose_rmse_m,0.349883,0.005844,0.344761,0.355005,5
springer_revision_full_20260530,full-emrmf_p1_g1_d0p5_loss0p1,full_emrmf,1.000000,1.000000,0.500000,0.100000,map_alignment_rmse_m,0.241668,0.011651,0.231456,0.251881,5
springer_revision_full_20260530,full-emrmf_p1_g1_d0p5_loss0p1,full_emrmf,1.000000,1.000000,0.500000,0.100000,fusion_time_s,0.849081,0.011161,0.839298,0.858865,5
springer_revision_full_20260530,full-emrmf_p1_g1_d0p5_loss0p1,full_emrmf,1.000000,1.000000,0.500000,0.100000,theta_mean,0.406148,0.013140,0.394631,0.417666,5
springer_revision_full_20260530,full-emrmf_p1_g1_d0p5_loss0p1,full_emrmf,1.000000,1.000000,0.500000,0.100000,theta_std,0.049063,0.005690,0.044075,0.054050,5
springer_revision_full_20260530,full-emrmf_p1_g1_d0p5_loss0p3,full_emrmf,1.000000,1.000000,0.500000,0.300000,pose_rmse_m,0.523046,0.008233,0.515829,0.530263,5
springer_revision_full_20260530,full-emrmf_p1_g1_d0p5_loss0p3,full_emrmf,1.000000,1.000000,0.500000,0.300000,map_alignment_rmse_m,0.372445,0.011996,0.361930,0.382960,5
springer_revision_full_20260530,full-emrmf_p1_g1_d0p5_loss0p3,full_emrmf,1.000000,1.000000,0.500000,0.300000,fusion_time_s,1.041604,0.029743,1.015533,1.067675,5
springer_revision_full_20260530,full-emrmf_p1_g1_d0p5_loss0p3,full_emrmf,1.000000,1.000000,0.500000,0.300000,theta_mean,0.340312,0.008803,0.332596,0.348028,5
springer_revision_full_20260530,full-emrmf_p1_g1_d0p5_loss0p3,full_emrmf,1.000000,1.000000,0.500000,0.300000,theta_std,0.045963,0.003260,0.043106,0.048821,5
springer_revision_full_20260530,full-emrmf_p1_g1_d2_loss0p1,full_emrmf,1.000000,1.000000,2.000000,0.100000,pose_rmse_m,0.581484,0.013997,0.569215,0.593753,5
springer_revision_full_20260530,full-emrmf_p1_g1_d2_loss0p1,full_emrmf,1.000000,1.000000,2.000000,0.100000,map_alignment_rmse_m,0.413434,0.015301,0.400022,0.426846,5
springer_revision_full_20260530,full-emrmf_p1_g1_d2_loss0p1,full_emrmf,1.000000,1.000000,2.000000,0.100000,fusion_time_s,1.372050,0.023295,1.351631,1.392469,5
springer_revision_full_20260530,full-emrmf_p1_g1_d2_loss0p1,full_emrmf,1.000000,1.000000,2.000000,0.100000,theta_mean,0.073870,0.002833,0.071387,0.076353,5
springer_revision_full_20260530,full-emrmf_p1_g1_d2_loss0p1,full_emrmf,1.000000,1.000000,2.000000,0.100000,theta_std,0.011441,0.000692,0.010834,0.012048,5
springer_revision_full_20260530,full-emrmf_p1_g1_d2_loss0p3,full_emrmf,1.000000,1.000000,2.000000,0.300000,pose_rmse_m,0.761375,0.007054,0.755191,0.767558,5
springer_revision_full_20260530,full-emrmf_p1_g1_d2_loss0p3,full_emrmf,1.000000,1.000000,2.000000,0.300000,map_alignment_rmse_m,0.537091,0.014637,0.524262,0.549921,5
springer_revision_full_20260530,full-emrmf_p1_g1_d2_loss0p3,full_emrmf,1.000000,1.000000,2.000000,0.300000,fusion_time_s,1.588255,0.013313,1.576585,1.599924,5
springer_revision_full_20260530,full-emrmf_p1_g1_d2_loss0p3,full_emrmf,1.000000,1.000000,2.000000,0.300000,theta_mean,0.058726,0.001937,0.057028,0.060424,5
springer_revision_full_20260530,full-emrmf_p1_g1_d2_loss0p3,full_emrmf,1.000000,1.000000,2.000000,0.300000,theta_std,0.010687,0.000341,0.010389,0.010986,5
springer_revision_full_20260530,full-emrmf_p2_g0_d0p5_loss0p1,full_emrmf,2.000000,0.000000,0.500000,0.100000,pose_rmse_m,0.261631,0.014598,0.248835,0.274426,5
springer_revision_full_20260530,full-emrmf_p2_g0_d0p5_loss0p1,full_emrmf,2.000000,0.000000,0.500000,0.100000,map_alignment_rmse_m,0.179857,0.011004,0.170212,0.189502,5
springer_revision_full_20260530,full-emrmf_p2_g0_d0p5_loss0p1,full_emrmf,2.000000,0.000000,0.500000,0.100000,fusion_time_s,0.837352,0.019775,0.820018,0.854686,5
springer_revision_full_20260530,full-emrmf_p2_g0_d0p5_loss0p1,full_emrmf,2.000000,0.000000,0.500000,0.100000,theta_mean,0.884541,0.012835,0.873291,0.895792,5
springer_revision_full_20260530,full-emrmf_p2_g0_d0p5_loss0p1,full_emrmf,2.000000,0.000000,0.500000,0.100000,theta_std,0.036930,0.003365,0.033980,0.039880,5
springer_revision_full_20260530,full-emrmf_p2_g0_d0p5_loss0p3,full_emrmf,2.000000,0.000000,0.500000,0.300000,pose_rmse_m,0.456079,0.010337,0.447019,0.465140,5
springer_revision_full_20260530,full-emrmf_p2_g0_d0p5_loss0p3,full_emrmf,2.000000,0.000000,0.500000,0.300000,map_alignment_rmse_m,0.314657,0.004806,0.310444,0.318870,5
springer_revision_full_20260530,full-emrmf_p2_g0_d0p5_loss0p3,full_emrmf,2.000000,0.000000,0.500000,0.300000,fusion_time_s,0.995216,0.024571,0.973678,1.016754,5
springer_revision_full_20260530,full-emrmf_p2_g0_d0p5_loss0p3,full_emrmf,2.000000,0.000000,0.500000,0.300000,theta_mean,0.802218,0.014000,0.789946,0.814489,5
springer_revision_full_20260530,full-emrmf_p2_g0_d0p5_loss0p3,full_emrmf,2.000000,0.000000,0.500000,0.300000,theta_std,0.045504,0.003477,0.042456,0.048551,5
springer_revision_full_20260530,full-emrmf_p2_g0_d2_loss0p1,full_emrmf,2.000000,0.000000,2.000000,0.100000,pose_rmse_m,0.454512,0.014298,0.441979,0.467045,5
springer_revision_full_20260530,full-emrmf_p2_g0_d2_loss0p1,full_emrmf,2.000000,0.000000,2.000000,0.100000,map_alignment_rmse_m,0.311111,0.008261,0.303870,0.318352,5
springer_revision_full_20260530,full-emrmf_p2_g0_d2_loss0p1,full_emrmf,2.000000,0.000000,2.000000,0.100000,fusion_time_s,1.370379,0.010694,1.361005,1.379752,5
springer_revision_full_20260530,full-emrmf_p2_g0_d2_loss0p1,full_emrmf,2.000000,0.000000,2.000000,0.100000,theta_mean,0.787319,0.016357,0.772981,0.801656,5
springer_revision_full_20260530,full-emrmf_p2_g0_d2_loss0p1,full_emrmf,2.000000,0.000000,2.000000,0.100000,theta_std,0.055130,0.003598,0.051976,0.058284,5
springer_revision_full_20260530,full-emrmf_p2_g0_d2_loss0p3,full_emrmf,2.000000,0.000000,2.000000,0.300000,pose_rmse_m,0.657817,0.012839,0.646563,0.669071,5
springer_revision_full_20260530,full-emrmf_p2_g0_d2_loss0p3,full_emrmf,2.000000,0.000000,2.000000,0.300000,map_alignment_rmse_m,0.448424,0.011542,0.438307,0.458541,5
springer_revision_full_20260530,full-emrmf_p2_g0_d2_loss0p3,full_emrmf,2.000000,0.000000,2.000000,0.300000,fusion_time_s,1.550502,0.021586,1.531581,1.569423,5
springer_revision_full_20260530,full-emrmf_p2_g0_d2_loss0p3,full_emrmf,2.000000,0.000000,2.000000,0.300000,theta_mean,0.672991,0.016727,0.658329,0.687653,5
springer_revision_full_20260530,full-emrmf_p2_g0_d2_loss0p3,full_emrmf,2.000000,0.000000,2.000000,0.300000,theta_std,0.063388,0.005220,0.058813,0.067964,5
springer_revision_full_20260530,full-emrmf_p2_g0p25_d0p5_loss0p1,full_emrmf,2.000000,0.250000,0.500000,0.100000,pose_rmse_m,0.283027,0.016850,0.268257,0.297796,5
springer_revision_full_20260530,full-emrmf_p2_g0p25_d0p5_loss0p1,full_emrmf,2.000000,0.250000,0.500000,0.100000,map_alignment_rmse_m,0.186368,0.009788,0.177788,0.194947,5
springer_revision_full_20260530,full-emrmf_p2_g0p25_d0p5_loss0p1,full_emrmf,2.000000,0.250000,0.500000,0.100000,fusion_time_s,0.832116,0.022657,0.812256,0.851976,5
springer_revision_full_20260530,full-emrmf_p2_g0p25_d0p5_loss0p1,full_emrmf,2.000000,0.250000,0.500000,0.100000,theta_mean,0.783005,0.008055,0.775944,0.790066,5
springer_revision_full_20260530,full-emrmf_p2_g0p25_d0p5_loss0p1,full_emrmf,2.000000,0.250000,0.500000,0.100000,theta_std,0.036266,0.003673,0.033047,0.039486,5
springer_revision_full_20260530,full-emrmf_p2_g0p25_d0p5_loss0p3,full_emrmf,2.000000,0.250000,0.500000,0.300000,pose_rmse_m,0.458794,0.020595,0.440742,0.476846,5
springer_revision_full_20260530,full-emrmf_p2_g0p25_d0p5_loss0p3,full_emrmf,2.000000,0.250000,0.500000,0.300000,map_alignment_rmse_m,0.332106,0.011913,0.321664,0.342548,5
springer_revision_full_20260530,full-emrmf_p2_g0p25_d0p5_loss0p3,full_emrmf,2.000000,0.250000,0.500000,0.300000,fusion_time_s,1.010286,0.025258,0.988147,1.032426,5
springer_revision_full_20260530,full-emrmf_p2_g0p25_d0p5_loss0p3,full_emrmf,2.000000,0.250000,0.500000,0.300000,theta_mean,0.706348,0.011898,0.695919,0.716777,5
springer_revision_full_20260530,full-emrmf_p2_g0p25_d0p5_loss0p3,full_emrmf,2.000000,0.250000,0.500000,0.300000,theta_std,0.049955,0.003810,0.046616,0.053294,5
springer_revision_full_20260530,full-emrmf_p2_g0p25_d2_loss0p1,full_emrmf,2.000000,0.250000,2.000000,0.100000,pose_rmse_m,0.525143,0.020332,0.507321,0.542965,5
springer_revision_full_20260530,full-emrmf_p2_g0p25_d2_loss0p1,full_emrmf,2.000000,0.250000,2.000000,0.100000,map_alignment_rmse_m,0.365760,0.011773,0.355440,0.376079,5
springer_revision_full_20260530,full-emrmf_p2_g0p25_d2_loss0p1,full_emrmf,2.000000,0.250000,2.000000,0.100000,fusion_time_s,1.385734,0.018738,1.369309,1.402159,5
springer_revision_full_20260530,full-emrmf_p2_g0p25_d2_loss0p1,full_emrmf,2.000000,0.250000,2.000000,0.100000,theta_mean,0.478578,0.011602,0.468408,0.488747,5
springer_revision_full_20260530,full-emrmf_p2_g0p25_d2_loss0p1,full_emrmf,2.000000,0.250000,2.000000,0.100000,theta_std,0.031993,0.005030,0.027584,0.036402,5
springer_revision_full_20260530,full-emrmf_p2_g0p25_d2_loss0p3,full_emrmf,2.000000,0.250000,2.000000,0.300000,pose_rmse_m,0.711067,0.012391,0.700206,0.721928,5
springer_revision_full_20260530,full-emrmf_p2_g0p25_d2_loss0p3,full_emrmf,2.000000,0.250000,2.000000,0.300000,map_alignment_rmse_m,0.482051,0.008409,0.474680,0.489422,5
springer_revision_full_20260530,full-emrmf_p2_g0p25_d2_loss0p3,full_emrmf,2.000000,0.250000,2.000000,0.300000,fusion_time_s,1.554731,0.024712,1.533070,1.576393,5
springer_revision_full_20260530,full-emrmf_p2_g0p25_d2_loss0p3,full_emrmf,2.000000,0.250000,2.000000,0.300000,theta_mean,0.410320,0.010428,0.401180,0.419460,5
springer_revision_full_20260530,full-emrmf_p2_g0p25_d2_loss0p3,full_emrmf,2.000000,0.250000,2.000000,0.300000,theta_std,0.039717,0.001217,0.038650,0.040784,5
springer_revision_full_20260530,full-emrmf_p2_g0p5_d0p5_loss0p1,full_emrmf,2.000000,0.500000,0.500000,0.100000,pose_rmse_m,0.306484,0.006693,0.300617,0.312352,5
springer_revision_full_20260530,full-emrmf_p2_g0p5_d0p5_loss0p1,full_emrmf,2.000000,0.500000,0.500000,0.100000,map_alignment_rmse_m,0.209037,0.010661,0.199692,0.218382,5
springer_revision_full_20260530,full-emrmf_p2_g0p5_d0p5_loss0p1,full_emrmf,2.000000,0.500000,0.500000,0.100000,fusion_time_s,0.832905,0.018020,0.817110,0.848700,5
springer_revision_full_20260530,full-emrmf_p2_g0p5_d0p5_loss0p1,full_emrmf,2.000000,0.500000,0.500000,0.100000,theta_mean,0.686618,0.008604,0.679076,0.694160,5
springer_revision_full_20260530,full-emrmf_p2_g0p5_d0p5_loss0p1,full_emrmf,2.000000,0.500000,0.500000,0.100000,theta_std,0.041406,0.003443,0.038389,0.044424,5
springer_revision_full_20260530,full-emrmf_p2_g0p5_d0p5_loss0p3,full_emrmf,2.000000,0.500000,0.500000,0.300000,pose_rmse_m,0.478971,0.012464,0.468045,0.489896,5
springer_revision_full_20260530,full-emrmf_p2_g0p5_d0p5_loss0p3,full_emrmf,2.000000,0.500000,0.500000,0.300000,map_alignment_rmse_m,0.335400,0.006823,0.329419,0.341381,5
springer_revision_full_20260530,full-emrmf_p2_g0p5_d0p5_loss0p3,full_emrmf,2.000000,0.500000,0.500000,0.300000,fusion_time_s,1.031961,0.016628,1.017386,1.046536,5
springer_revision_full_20260530,full-emrmf_p2_g0p5_d0p5_loss0p3,full_emrmf,2.000000,0.500000,0.500000,0.300000,theta_mean,0.622101,0.010554,0.612850,0.631351,5
springer_revision_full_20260530,full-emrmf_p2_g0p5_d0p5_loss0p3,full_emrmf,2.000000,0.500000,0.500000,0.300000,theta_std,0.051001,0.004086,0.047419,0.054582,5
springer_revision_full_20260530,full-emrmf_p2_g0p5_d2_loss0p1,full_emrmf,2.000000,0.500000,2.000000,0.100000,pose_rmse_m,0.564011,0.008184,0.556837,0.571184,5
springer_revision_full_20260530,full-emrmf_p2_g0p5_d2_loss0p1,full_emrmf,2.000000,0.500000,2.000000,0.100000,map_alignment_rmse_m,0.383130,0.010755,0.373703,0.392557,5
springer_revision_full_20260530,full-emrmf_p2_g0p5_d2_loss0p1,full_emrmf,2.000000,0.500000,2.000000,0.100000,fusion_time_s,1.390325,0.016805,1.375595,1.405056,5
springer_revision_full_20260530,full-emrmf_p2_g0p5_d2_loss0p1,full_emrmf,2.000000,0.500000,2.000000,0.100000,theta_mean,0.291352,0.004591,0.287328,0.295377,5
springer_revision_full_20260530,full-emrmf_p2_g0p5_d2_loss0p1,full_emrmf,2.000000,0.500000,2.000000,0.100000,theta_std,0.025072,0.002796,0.022621,0.027522,5
springer_revision_full_20260530,full-emrmf_p2_g0p5_d2_loss0p3,full_emrmf,2.000000,0.500000,2.000000,0.300000,pose_rmse_m,0.726745,0.017841,0.711107,0.742384,5
springer_revision_full_20260530,full-emrmf_p2_g0p5_d2_loss0p3,full_emrmf,2.000000,0.500000,2.000000,0.300000,map_alignment_rmse_m,0.505922,0.008620,0.498366,0.513478,5
springer_revision_full_20260530,full-emrmf_p2_g0p5_d2_loss0p3,full_emrmf,2.000000,0.500000,2.000000,0.300000,fusion_time_s,1.564280,0.033994,1.534483,1.594077,5
springer_revision_full_20260530,full-emrmf_p2_g0p5_d2_loss0p3,full_emrmf,2.000000,0.500000,2.000000,0.300000,theta_mean,0.250886,0.007018,0.244735,0.257038,5
springer_revision_full_20260530,full-emrmf_p2_g0p5_d2_loss0p3,full_emrmf,2.000000,0.500000,2.000000,0.300000,theta_std,0.027394,0.002537,0.025170,0.029617,5
springer_revision_full_20260530,full-emrmf_p2_g1_d0p5_loss0p1,full_emrmf,2.000000,1.000000,0.500000,0.100000,pose_rmse_m,0.327171,0.020955,0.308803,0.345539,5
springer_revision_full_20260530,full-emrmf_p2_g1_d0p5_loss0p1,full_emrmf,2.000000,1.000000,0.500000,0.100000,map_alignment_rmse_m,0.231250,0.011248,0.221390,0.241109,5
springer_revision_full_20260530,full-emrmf_p2_g1_d0p5_loss0p1,full_emrmf,2.000000,1.000000,0.500000,0.100000,fusion_time_s,0.853029,0.021590,0.834105,0.871954,5
springer_revision_full_20260530,full-emrmf_p2_g1_d0p5_loss0p1,full_emrmf,2.000000,1.000000,0.500000,0.100000,theta_mean,0.534908,0.010526,0.525682,0.544134,5
springer_revision_full_20260530,full-emrmf_p2_g1_d0p5_loss0p1,full_emrmf,2.000000,1.000000,0.500000,0.100000,theta_std,0.052446,0.005017,0.048049,0.056844,5
springer_revision_full_20260530,full-emrmf_p2_g1_d0p5_loss0p3,full_emrmf,2.000000,1.000000,0.500000,0.300000,pose_rmse_m,0.502606,0.007437,0.496087,0.509125,5
springer_revision_full_20260530,full-emrmf_p2_g1_d0p5_loss0p3,full_emrmf,2.000000,1.000000,0.500000,0.300000,map_alignment_rmse_m,0.363964,0.007522,0.357370,0.370557,5
springer_revision_full_20260530,full-emrmf_p2_g1_d0p5_loss0p3,full_emrmf,2.000000,1.000000,0.500000,0.300000,fusion_time_s,1.037950,0.026200,1.014985,1.060916,5
springer_revision_full_20260530,full-emrmf_p2_g1_d0p5_loss0p3,full_emrmf,2.000000,1.000000,0.500000,0.300000,theta_mean,0.484555,0.011751,0.474255,0.494855,5
springer_revision_full_20260530,full-emrmf_p2_g1_d0p5_loss0p3,full_emrmf,2.000000,1.000000,0.500000,0.300000,theta_std,0.055153,0.000858,0.054400,0.055905,5
springer_revision_full_20260530,full-emrmf_p2_g1_d2_loss0p1,full_emrmf,2.000000,1.000000,2.000000,0.100000,pose_rmse_m,0.588682,0.019136,0.571909,0.605455,5
springer_revision_full_20260530,full-emrmf_p2_g1_d2_loss0p1,full_emrmf,2.000000,1.000000,2.000000,0.100000,map_alignment_rmse_m,0.408234,0.014384,0.395626,0.420842,5
springer_revision_full_20260530,full-emrmf_p2_g1_d2_loss0p1,full_emrmf,2.000000,1.000000,2.000000,0.100000,fusion_time_s,1.397781,0.021061,1.379320,1.416241,5
springer_revision_full_20260530,full-emrmf_p2_g1_d2_loss0p1,full_emrmf,2.000000,1.000000,2.000000,0.100000,theta_mean,0.108632,0.002184,0.106718,0.110546,5
springer_revision_full_20260530,full-emrmf_p2_g1_d2_loss0p1,full_emrmf,2.000000,1.000000,2.000000,0.100000,theta_std,0.013988,0.001709,0.012490,0.015487,5
springer_revision_full_20260530,full-emrmf_p2_g1_d2_loss0p3,full_emrmf,2.000000,1.000000,2.000000,0.300000,pose_rmse_m,0.761405,0.021654,0.742425,0.780385,5
springer_revision_full_20260530,full-emrmf_p2_g1_d2_loss0p3,full_emrmf,2.000000,1.000000,2.000000,0.300000,map_alignment_rmse_m,0.522359,0.016329,0.508046,0.536671,5
springer_revision_full_20260530,full-emrmf_p2_g1_d2_loss0p3,full_emrmf,2.000000,1.000000,2.000000,0.300000,fusion_time_s,1.589674,0.009013,1.581774,1.597573,5
springer_revision_full_20260530,full-emrmf_p2_g1_d2_loss0p3,full_emrmf,2.000000,1.000000,2.000000,0.300000,theta_mean,0.091841,0.001230,0.090763,0.092919,5
springer_revision_full_20260530,full-emrmf_p2_g1_d2_loss0p3,full_emrmf,2.000000,1.000000,2.000000,0.300000,theta_std,0.013704,0.000489,0.013276,0.014132,5
springer_revision_full_20260530,full-emrmf_p3_g0_d0p5_loss0p1,full_emrmf,3.000000,0.000000,0.500000,0.100000,pose_rmse_m,0.246444,0.008098,0.239345,0.253542,5
springer_revision_full_20260530,full-emrmf_p3_g0_d0p5_loss0p1,full_emrmf,3.000000,0.000000,0.500000,0.100000,map_alignment_rmse_m,0.169212,0.007734,0.162433,0.175992,5
springer_revision_full_20260530,full-emrmf_p3_g0_d0p5_loss0p1,full_emrmf,3.000000,0.000000,0.500000,0.100000,fusion_time_s,0.832488,0.012754,0.821308,0.843668,5
springer_revision_full_20260530,full-emrmf_p3_g0_d0p5_loss0p1,full_emrmf,3.000000,0.000000,0.500000,0.100000,theta_mean,0.959443,0.006779,0.953500,0.965385,5
springer_revision_full_20260530,full-emrmf_p3_g0_d0p5_loss0p1,full_emrmf,3.000000,0.000000,0.500000,0.100000,theta_std,0.018906,0.003029,0.016252,0.021561,5
springer_revision_full_20260530,full-emrmf_p3_g0_d0p5_loss0p3,full_emrmf,3.000000,0.000000,0.500000,0.300000,pose_rmse_m,0.430718,0.010902,0.421162,0.440274,5
springer_revision_full_20260530,full-emrmf_p3_g0_d0p5_loss0p3,full_emrmf,3.000000,0.000000,0.500000,0.300000,map_alignment_rmse_m,0.304979,0.013282,0.293337,0.316621,5
springer_revision_full_20260530,full-emrmf_p3_g0_d0p5_loss0p3,full_emrmf,3.000000,0.000000,0.500000,0.300000,fusion_time_s,1.015190,0.019129,0.998422,1.031958,5
springer_revision_full_20260530,full-emrmf_p3_g0_d0p5_loss0p3,full_emrmf,3.000000,0.000000,0.500000,0.300000,theta_mean,0.909695,0.010722,0.900297,0.919094,5
springer_revision_full_20260530,full-emrmf_p3_g0_d0p5_loss0p3,full_emrmf,3.000000,0.000000,0.500000,0.300000,theta_std,0.033490,0.002115,0.031637,0.035344,5
springer_revision_full_20260530,full-emrmf_p3_g0_d2_loss0p1,full_emrmf,3.000000,0.000000,2.000000,0.100000,pose_rmse_m,0.443240,0.013886,0.431069,0.455412,5
springer_revision_full_20260530,full-emrmf_p3_g0_d2_loss0p1,full_emrmf,3.000000,0.000000,2.000000,0.100000,map_alignment_rmse_m,0.292789,0.009494,0.284467,0.301111,5
springer_revision_full_20260530,full-emrmf_p3_g0_d2_loss0p1,full_emrmf,3.000000,0.000000,2.000000,0.100000,fusion_time_s,1.378451,0.008906,1.370644,1.386258,5
springer_revision_full_20260530,full-emrmf_p3_g0_d2_loss0p1,full_emrmf,3.000000,0.000000,2.000000,0.100000,theta_mean,0.899920,0.013472,0.888111,0.911729,5
springer_revision_full_20260530,full-emrmf_p3_g0_d2_loss0p1,full_emrmf,3.000000,0.000000,2.000000,0.100000,theta_std,0.035922,0.002806,0.033463,0.038382,5
springer_revision_full_20260530,full-emrmf_p3_g0_d2_loss0p3,full_emrmf,3.000000,0.000000,2.000000,0.300000,pose_rmse_m,0.629446,0.013420,0.617684,0.641209,5
springer_revision_full_20260530,full-emrmf_p3_g0_d2_loss0p3,full_emrmf,3.000000,0.000000,2.000000,0.300000,map_alignment_rmse_m,0.438741,0.005122,0.434252,0.443230,5
springer_revision_full_20260530,full-emrmf_p3_g0_d2_loss0p3,full_emrmf,3.000000,0.000000,2.000000,0.300000,fusion_time_s,1.556510,0.012246,1.545776,1.567245,5
springer_revision_full_20260530,full-emrmf_p3_g0_d2_loss0p3,full_emrmf,3.000000,0.000000,2.000000,0.300000,theta_mean,0.814331,0.017509,0.798984,0.829678,5
springer_revision_full_20260530,full-emrmf_p3_g0_d2_loss0p3,full_emrmf,3.000000,0.000000,2.000000,0.300000,theta_std,0.058059,0.003701,0.054815,0.061303,5
springer_revision_full_20260530,full-emrmf_p3_g0p25_d0p5_loss0p1,full_emrmf,3.000000,0.250000,0.500000,0.100000,pose_rmse_m,0.282323,0.009907,0.273639,0.291007,5
springer_revision_full_20260530,full-emrmf_p3_g0p25_d0p5_loss0p1,full_emrmf,3.000000,0.250000,0.500000,0.100000,map_alignment_rmse_m,0.197590,0.009891,0.188920,0.206260,5
springer_revision_full_20260530,full-emrmf_p3_g0p25_d0p5_loss0p1,full_emrmf,3.000000,0.250000,0.500000,0.100000,fusion_time_s,0.832438,0.011147,0.822667,0.842209,5
springer_revision_full_20260530,full-emrmf_p3_g0p25_d0p5_loss0p1,full_emrmf,3.000000,0.250000,0.500000,0.100000,theta_mean,0.845645,0.006487,0.839959,0.851331,5
springer_revision_full_20260530,full-emrmf_p3_g0p25_d0p5_loss0p1,full_emrmf,3.000000,0.250000,0.500000,0.100000,theta_std,0.026773,0.003564,0.023649,0.029897,5
springer_revision_full_20260530,full-emrmf_p3_g0p25_d0p5_loss0p3,full_emrmf,3.000000,0.250000,0.500000,0.300000,pose_rmse_m,0.448356,0.005430,0.443596,0.453116,5
springer_revision_full_20260530,full-emrmf_p3_g0p25_d0p5_loss0p3,full_emrmf,3.000000,0.250000,0.500000,0.300000,map_alignment_rmse_m,0.310963,0.007670,0.304240,0.317687,5
springer_revision_full_20260530,full-emrmf_p3_g0p25_d0p5_loss0p3,full_emrmf,3.000000,0.250000,0.500000,0.300000,fusion_time_s,1.035448,0.013009,1.024045,1.046851,5
springer_revision_full_20260530,full-emrmf_p3_g0p25_d0p5_loss0p3,full_emrmf,3.000000,0.250000,0.500000,0.300000,theta_mean,0.804461,0.008701,0.796834,0.812087,5
springer_revision_full_20260530,full-emrmf_p3_g0p25_d0p5_loss0p3,full_emrmf,3.000000,0.250000,0.500000,0.300000,theta_std,0.036499,0.003427,0.033495,0.039503,5
springer_revision_full_20260530,full-emrmf_p3_g0p25_d2_loss0p1,full_emrmf,3.000000,0.250000,2.000000,0.100000,pose_rmse_m,0.515804,0.011321,0.505881,0.525727,5
springer_revision_full_20260530,full-emrmf_p3_g0p25_d2_loss0p1,full_emrmf,3.000000,0.250000,2.000000,0.100000,map_alignment_rmse_m,0.343552,0.008289,0.336286,0.350817,5
springer_revision_full_20260530,full-emrmf_p3_g0p25_d2_loss0p1,full_emrmf,3.000000,0.250000,2.000000,0.100000,fusion_time_s,1.374898,0.011103,1.365166,1.384630,5
springer_revision_full_20260530,full-emrmf_p3_g0p25_d2_loss0p1,full_emrmf,3.000000,0.250000,2.000000,0.100000,theta_mean,0.547669,0.007042,0.541497,0.553841,5
springer_revision_full_20260530,full-emrmf_p3_g0p25_d2_loss0p1,full_emrmf,3.000000,0.250000,2.000000,0.100000,theta_std,0.025803,0.002606,0.023519,0.028087,5
springer_revision_full_20260530,full-emrmf_p3_g0p25_d2_loss0p3,full_emrmf,3.000000,0.250000,2.000000,0.300000,pose_rmse_m,0.685441,0.008582,0.677918,0.692963,5
springer_revision_full_20260530,full-emrmf_p3_g0p25_d2_loss0p3,full_emrmf,3.000000,0.250000,2.000000,0.300000,map_alignment_rmse_m,0.474657,0.010632,0.465338,0.483976,5
springer_revision_full_20260530,full-emrmf_p3_g0p25_d2_loss0p3,full_emrmf,3.000000,0.250000,2.000000,0.300000,fusion_time_s,1.568216,0.015559,1.554578,1.581854,5
springer_revision_full_20260530,full-emrmf_p3_g0p25_d2_loss0p3,full_emrmf,3.000000,0.250000,2.000000,0.300000,theta_mean,0.494981,0.009327,0.486806,0.503156,5
springer_revision_full_20260530,full-emrmf_p3_g0p25_d2_loss0p3,full_emrmf,3.000000,0.250000,2.000000,0.300000,theta_std,0.036369,0.001995,0.034621,0.038118,5
springer_revision_full_20260530,full-emrmf_p3_g0p5_d0p5_loss0p1,full_emrmf,3.000000,0.500000,0.500000,0.100000,pose_rmse_m,0.292377,0.015334,0.278936,0.305818,5
springer_revision_full_20260530,full-emrmf_p3_g0p5_d0p5_loss0p1,full_emrmf,3.000000,0.500000,0.500000,0.100000,map_alignment_rmse_m,0.200096,0.015984,0.186085,0.214106,5
springer_revision_full_20260530,full-emrmf_p3_g0p5_d0p5_loss0p1,full_emrmf,3.000000,0.500000,0.500000,0.100000,fusion_time_s,0.837276,0.027612,0.813073,0.861479,5
springer_revision_full_20260530,full-emrmf_p3_g0p5_d0p5_loss0p1,full_emrmf,3.000000,0.500000,0.500000,0.100000,theta_mean,0.748325,0.008147,0.741185,0.755466,5
springer_revision_full_20260530,full-emrmf_p3_g0p5_d0p5_loss0p1,full_emrmf,3.000000,0.500000,0.500000,0.100000,theta_std,0.037501,0.004662,0.033414,0.041588,5
springer_revision_full_20260530,full-emrmf_p3_g0p5_d0p5_loss0p3,full_emrmf,3.000000,0.500000,0.500000,0.300000,pose_rmse_m,0.478585,0.019681,0.461334,0.495836,5
springer_revision_full_20260530,full-emrmf_p3_g0p5_d0p5_loss0p3,full_emrmf,3.000000,0.500000,0.500000,0.300000,map_alignment_rmse_m,0.323218,0.009631,0.314776,0.331660,5
springer_revision_full_20260530,full-emrmf_p3_g0p5_d0p5_loss0p3,full_emrmf,3.000000,0.500000,0.500000,0.300000,fusion_time_s,1.037922,0.029433,1.012123,1.063721,5
springer_revision_full_20260530,full-emrmf_p3_g0p5_d0p5_loss0p3,full_emrmf,3.000000,0.500000,0.500000,0.300000,theta_mean,0.707150,0.007482,0.700591,0.713708,5
springer_revision_full_20260530,full-emrmf_p3_g0p5_d0p5_loss0p3,full_emrmf,3.000000,0.500000,0.500000,0.300000,theta_std,0.039842,0.000852,0.039095,0.040589,5
springer_revision_full_20260530,full-emrmf_p3_g0p5_d2_loss0p1,full_emrmf,3.000000,0.500000,2.000000,0.100000,pose_rmse_m,0.546579,0.007525,0.539983,0.553175,5
springer_revision_full_20260530,full-emrmf_p3_g0p5_d2_loss0p1,full_emrmf,3.000000,0.500000,2.000000,0.100000,map_alignment_rmse_m,0.363101,0.008190,0.355922,0.370280,5
springer_revision_full_20260530,full-emrmf_p3_g0p5_d2_loss0p1,full_emrmf,3.000000,0.500000,2.000000,0.100000,fusion_time_s,1.380361,0.022662,1.360497,1.400225,5
springer_revision_full_20260530,full-emrmf_p3_g0p5_d2_loss0p1,full_emrmf,3.000000,0.500000,2.000000,0.100000,theta_mean,0.334655,0.004231,0.330947,0.338364,5
springer_revision_full_20260530,full-emrmf_p3_g0p5_d2_loss0p1,full_emrmf,3.000000,0.500000,2.000000,0.100000,theta_std,0.025163,0.002389,0.023069,0.027257,5
springer_revision_full_20260530,full-emrmf_p3_g0p5_d2_loss0p3,full_emrmf,3.000000,0.500000,2.000000,0.300000,pose_rmse_m,0.738561,0.009056,0.730623,0.746499,5
springer_revision_full_20260530,full-emrmf_p3_g0p5_d2_loss0p3,full_emrmf,3.000000,0.500000,2.000000,0.300000,map_alignment_rmse_m,0.504580,0.014761,0.491641,0.517518,5
springer_revision_full_20260530,full-emrmf_p3_g0p5_d2_loss0p3,full_emrmf,3.000000,0.500000,2.000000,0.300000,fusion_time_s,1.580617,0.027855,1.556201,1.605033,5
springer_revision_full_20260530,full-emrmf_p3_g0p5_d2_loss0p3,full_emrmf,3.000000,0.500000,2.000000,0.300000,theta_mean,0.301401,0.006384,0.295805,0.306997,5
springer_revision_full_20260530,full-emrmf_p3_g0p5_d2_loss0p3,full_emrmf,3.000000,0.500000,2.000000,0.300000,theta_std,0.027073,0.001389,0.025856,0.028290,5
springer_revision_full_20260530,full-emrmf_p3_g1_d0p5_loss0p1,full_emrmf,3.000000,1.000000,0.500000,0.100000,pose_rmse_m,0.328451,0.014066,0.316122,0.340781,5
springer_revision_full_20260530,full-emrmf_p3_g1_d0p5_loss0p1,full_emrmf,3.000000,1.000000,0.500000,0.100000,map_alignment_rmse_m,0.214226,0.014175,0.201801,0.226651,5
springer_revision_full_20260530,full-emrmf_p3_g1_d0p5_loss0p1,full_emrmf,3.000000,1.000000,0.500000,0.100000,fusion_time_s,0.841653,0.027292,0.817730,0.865575,5
springer_revision_full_20260530,full-emrmf_p3_g1_d0p5_loss0p1,full_emrmf,3.000000,1.000000,0.500000,0.100000,theta_mean,0.581720,0.011120,0.571973,0.591466,5
springer_revision_full_20260530,full-emrmf_p3_g1_d0p5_loss0p1,full_emrmf,3.000000,1.000000,0.500000,0.100000,theta_std,0.055285,0.004367,0.051457,0.059113,5
springer_revision_full_20260530,full-emrmf_p3_g1_d0p5_loss0p3,full_emrmf,3.000000,1.000000,0.500000,0.300000,pose_rmse_m,0.477911,0.007833,0.471045,0.484777,5
springer_revision_full_20260530,full-emrmf_p3_g1_d0p5_loss0p3,full_emrmf,3.000000,1.000000,0.500000,0.300000,map_alignment_rmse_m,0.348859,0.006838,0.342865,0.354852,5
springer_revision_full_20260530,full-emrmf_p3_g1_d0p5_loss0p3,full_emrmf,3.000000,1.000000,0.500000,0.300000,fusion_time_s,1.049930,0.015498,1.036346,1.063515,5
springer_revision_full_20260530,full-emrmf_p3_g1_d0p5_loss0p3,full_emrmf,3.000000,1.000000,0.500000,0.300000,theta_mean,0.556865,0.015063,0.543662,0.570069,5
springer_revision_full_20260530,full-emrmf_p3_g1_d0p5_loss0p3,full_emrmf,3.000000,1.000000,0.500000,0.300000,theta_std,0.052073,0.004315,0.048291,0.055855,5
springer_revision_full_20260530,full-emrmf_p3_g1_d2_loss0p1,full_emrmf,3.000000,1.000000,2.000000,0.100000,pose_rmse_m,0.588480,0.007486,0.581918,0.595041,5
springer_revision_full_20260530,full-emrmf_p3_g1_d2_loss0p1,full_emrmf,3.000000,1.000000,2.000000,0.100000,map_alignment_rmse_m,0.410123,0.008728,0.402473,0.417774,5
springer_revision_full_20260530,full-emrmf_p3_g1_d2_loss0p1,full_emrmf,3.000000,1.000000,2.000000,0.100000,fusion_time_s,1.398707,0.019098,1.381967,1.415447,5
springer_revision_full_20260530,full-emrmf_p3_g1_d2_loss0p1,full_emrmf,3.000000,1.000000,2.000000,0.100000,theta_mean,0.123905,0.001678,0.122434,0.125376,5
springer_revision_full_20260530,full-emrmf_p3_g1_d2_loss0p1,full_emrmf,3.000000,1.000000,2.000000,0.100000,theta_std,0.014939,0.001923,0.013253,0.016625,5
springer_revision_full_20260530,full-emrmf_p3_g1_d2_loss0p3,full_emrmf,3.000000,1.000000,2.000000,0.300000,pose_rmse_m,0.749636,0.021336,0.730934,0.768338,5
springer_revision_full_20260530,full-emrmf_p3_g1_d2_loss0p3,full_emrmf,3.000000,1.000000,2.000000,0.300000,map_alignment_rmse_m,0.529503,0.010847,0.519995,0.539012,5
springer_revision_full_20260530,full-emrmf_p3_g1_d2_loss0p3,full_emrmf,3.000000,1.000000,2.000000,0.300000,fusion_time_s,1.587858,0.022787,1.567884,1.607831,5
springer_revision_full_20260530,full-emrmf_p3_g1_d2_loss0p3,full_emrmf,3.000000,1.000000,2.000000,0.300000,theta_mean,0.112814,0.003038,0.110151,0.115476,5
springer_revision_full_20260530,full-emrmf_p3_g1_d2_loss0p3,full_emrmf,3.000000,1.000000,2.000000,0.300000,theta_std,0.017562,0.002257,0.015584,0.019541,5
springer_revision_full_20260530,trust-only_p1_g0_d0p5_loss0p1,trust_only,1.000000,0.000000,0.500000,0.100000,pose_rmse_m,0.395504,0.012149,0.384855,0.406153,5
springer_revision_full_20260530,trust-only_p1_g0_d0p5_loss0p1,trust_only,1.000000,0.000000,0.500000,0.100000,map_alignment_rmse_m,0.306390,0.014446,0.293727,0.319053,5
springer_revision_full_20260530,trust-only_p1_g0_d0p5_loss0p1,trust_only,1.000000,0.000000,0.500000,0.100000,fusion_time_s,1.044083,0.019342,1.027129,1.061037,5
springer_revision_full_20260530,trust-only_p1_g0_d0p5_loss0p1,trust_only,1.000000,0.000000,0.500000,0.100000,theta_mean,0.665176,0.012234,0.654452,0.675899,5
springer_revision_full_20260530,trust-only_p1_g0_d0p5_loss0p1,trust_only,1.000000,0.000000,0.500000,0.100000,theta_std,0.057022,0.006824,0.051041,0.063004,5
springer_revision_full_20260530,trust-only_p1_g0_d0p5_loss0p3,trust_only,1.000000,0.000000,0.500000,0.300000,pose_rmse_m,0.571107,0.016077,0.557015,0.585198,5
springer_revision_full_20260530,trust-only_p1_g0_d0p5_loss0p3,trust_only,1.000000,0.000000,0.500000,0.300000,map_alignment_rmse_m,0.446303,0.009542,0.437939,0.454666,5
springer_revision_full_20260530,trust-only_p1_g0_d0p5_loss0p3,trust_only,1.000000,0.000000,0.500000,0.300000,fusion_time_s,1.210101,0.025887,1.187410,1.232792,5
springer_revision_full_20260530,trust-only_p1_g0_d0p5_loss0p3,trust_only,1.000000,0.000000,0.500000,0.300000,theta_mean,0.553928,0.016419,0.539537,0.568320,5
springer_revision_full_20260530,trust-only_p1_g0_d0p5_loss0p3,trust_only,1.000000,0.000000,0.500000,0.300000,theta_std,0.056138,0.002806,0.053679,0.058597,5
springer_revision_full_20260530,trust-only_p1_g0_d2_loss0p1,trust_only,1.000000,0.000000,2.000000,0.100000,pose_rmse_m,0.585865,0.008994,0.577981,0.593749,5
springer_revision_full_20260530,trust-only_p1_g0_d2_loss0p1,trust_only,1.000000,0.000000,2.000000,0.100000,map_alignment_rmse_m,0.445610,0.021548,0.426722,0.464498,5
springer_revision_full_20260530,trust-only_p1_g0_d2_loss0p1,trust_only,1.000000,0.000000,2.000000,0.100000,fusion_time_s,1.558587,0.009279,1.550454,1.566720,5
springer_revision_full_20260530,trust-only_p1_g0_d2_loss0p1,trust_only,1.000000,0.000000,2.000000,0.100000,theta_mean,0.546358,0.016264,0.532102,0.560615,5
springer_revision_full_20260530,trust-only_p1_g0_d2_loss0p1,trust_only,1.000000,0.000000,2.000000,0.100000,theta_std,0.056419,0.002685,0.054066,0.058772,5
springer_revision_full_20260530,trust-only_p1_g0_d2_loss0p3,trust_only,1.000000,0.000000,2.000000,0.300000,pose_rmse_m,0.782731,0.030453,0.756037,0.809425,5
springer_revision_full_20260530,trust-only_p1_g0_d2_loss0p3,trust_only,1.000000,0.000000,2.000000,0.300000,map_alignment_rmse_m,0.591132,0.009458,0.582842,0.599422,5
springer_revision_full_20260530,trust-only_p1_g0_d2_loss0p3,trust_only,1.000000,0.000000,2.000000,0.300000,fusion_time_s,1.744287,0.014948,1.731185,1.757389,5
springer_revision_full_20260530,trust-only_p1_g0_d2_loss0p3,trust_only,1.000000,0.000000,2.000000,0.300000,theta_mean,0.437642,0.019490,0.420559,0.454726,5
springer_revision_full_20260530,trust-only_p1_g0_d2_loss0p3,trust_only,1.000000,0.000000,2.000000,0.300000,theta_std,0.057086,0.002659,0.054755,0.059417,5
springer_revision_full_20260530,trust-only_p1_g0p25_d0p5_loss0p1,trust_only,1.000000,0.250000,0.500000,0.100000,pose_rmse_m,0.396872,0.010720,0.387476,0.406269,5
springer_revision_full_20260530,trust-only_p1_g0p25_d0p5_loss0p1,trust_only,1.000000,0.250000,0.500000,0.100000,map_alignment_rmse_m,0.319030,0.011461,0.308984,0.329076,5
springer_revision_full_20260530,trust-only_p1_g0p25_d0p5_loss0p1,trust_only,1.000000,0.250000,0.500000,0.100000,fusion_time_s,1.016986,0.014511,1.004267,1.029705,5
springer_revision_full_20260530,trust-only_p1_g0p25_d0p5_loss0p1,trust_only,1.000000,0.250000,0.500000,0.100000,theta_mean,0.586058,0.017007,0.571150,0.600965,5
springer_revision_full_20260530,trust-only_p1_g0p25_d0p5_loss0p1,trust_only,1.000000,0.250000,0.500000,0.100000,theta_std,0.050823,0.002143,0.048945,0.052702,5
springer_revision_full_20260530,trust-only_p1_g0p25_d0p5_loss0p3,trust_only,1.000000,0.250000,0.500000,0.300000,pose_rmse_m,0.586342,0.018976,0.569709,0.602975,5
springer_revision_full_20260530,trust-only_p1_g0p25_d0p5_loss0p3,trust_only,1.000000,0.250000,0.500000,0.300000,map_alignment_rmse_m,0.451642,0.015226,0.438296,0.464988,5
springer_revision_full_20260530,trust-only_p1_g0p25_d0p5_loss0p3,trust_only,1.000000,0.250000,0.500000,0.300000,fusion_time_s,1.216934,0.006788,1.210984,1.222885,5
springer_revision_full_20260530,trust-only_p1_g0p25_d0p5_loss0p3,trust_only,1.000000,0.250000,0.500000,0.300000,theta_mean,0.496747,0.013315,0.485076,0.508418,5
springer_revision_full_20260530,trust-only_p1_g0p25_d0p5_loss0p3,trust_only,1.000000,0.250000,0.500000,0.300000,theta_std,0.048564,0.007004,0.042424,0.054703,5
springer_revision_full_20260530,trust-only_p1_g0p25_d2_loss0p1,trust_only,1.000000,0.250000,2.000000,0.100000,pose_rmse_m,0.626885,0.007666,0.620165,0.633604,5
springer_revision_full_20260530,trust-only_p1_g0p25_d2_loss0p1,trust_only,1.000000,0.250000,2.000000,0.100000,map_alignment_rmse_m,0.476975,0.006754,0.471055,0.482895,5
springer_revision_full_20260530,trust-only_p1_g0p25_d2_loss0p1,trust_only,1.000000,0.250000,2.000000,0.100000,fusion_time_s,1.589358,0.013189,1.577798,1.600919,5
springer_revision_full_20260530,trust-only_p1_g0p25_d2_loss0p1,trust_only,1.000000,0.250000,2.000000,0.100000,theta_mean,0.334317,0.011937,0.323853,0.344780,5
springer_revision_full_20260530,trust-only_p1_g0p25_d2_loss0p1,trust_only,1.000000,0.250000,2.000000,0.100000,theta_std,0.036455,0.001777,0.034897,0.038012,5
springer_revision_full_20260530,trust-only_p1_g0p25_d2_loss0p3,trust_only,1.000000,0.250000,2.000000,0.300000,pose_rmse_m,0.814445,0.022356,0.794849,0.834040,5
springer_revision_full_20260530,trust-only_p1_g0p25_d2_loss0p3,trust_only,1.000000,0.250000,2.000000,0.300000,map_alignment_rmse_m,0.608921,0.011095,0.599196,0.618647,5
springer_revision_full_20260530,trust-only_p1_g0p25_d2_loss0p3,trust_only,1.000000,0.250000,2.000000,0.300000,fusion_time_s,1.761043,0.021065,1.742579,1.779508,5
springer_revision_full_20260530,trust-only_p1_g0p25_d2_loss0p3,trust_only,1.000000,0.250000,2.000000,0.300000,theta_mean,0.264142,0.010300,0.255114,0.273170,5
springer_revision_full_20260530,trust-only_p1_g0p25_d2_loss0p3,trust_only,1.000000,0.250000,2.000000,0.300000,theta_std,0.035141,0.002067,0.033329,0.036953,5
springer_revision_full_20260530,trust-only_p1_g0p5_d0p5_loss0p1,trust_only,1.000000,0.500000,0.500000,0.100000,pose_rmse_m,0.414977,0.022786,0.395004,0.434949,5
springer_revision_full_20260530,trust-only_p1_g0p5_d0p5_loss0p1,trust_only,1.000000,0.500000,0.500000,0.100000,map_alignment_rmse_m,0.322213,0.012864,0.310937,0.333488,5
springer_revision_full_20260530,trust-only_p1_g0p5_d0p5_loss0p1,trust_only,1.000000,0.500000,0.500000,0.100000,fusion_time_s,1.028776,0.016611,1.014216,1.043337,5
springer_revision_full_20260530,trust-only_p1_g0p5_d0p5_loss0p1,trust_only,1.000000,0.500000,0.500000,0.100000,theta_mean,0.519839,0.020028,0.502284,0.537395,5
springer_revision_full_20260530,trust-only_p1_g0p5_d0p5_loss0p1,trust_only,1.000000,0.500000,0.500000,0.100000,theta_std,0.052649,0.004326,0.048857,0.056441,5
springer_revision_full_20260530,trust-only_p1_g0p5_d0p5_loss0p3,trust_only,1.000000,0.500000,0.500000,0.300000,pose_rmse_m,0.596125,0.014383,0.583517,0.608733,5
springer_revision_full_20260530,trust-only_p1_g0p5_d0p5_loss0p3,trust_only,1.000000,0.500000,0.500000,0.300000,map_alignment_rmse_m,0.464006,0.015717,0.450229,0.477783,5
springer_revision_full_20260530,trust-only_p1_g0p5_d0p5_loss0p3,trust_only,1.000000,0.500000,0.500000,0.300000,fusion_time_s,1.229131,0.025007,1.207211,1.251050,5
springer_revision_full_20260530,trust-only_p1_g0p5_d0p5_loss0p3,trust_only,1.000000,0.500000,0.500000,0.300000,theta_mean,0.432714,0.017915,0.417011,0.448417,5
springer_revision_full_20260530,trust-only_p1_g0p5_d0p5_loss0p3,trust_only,1.000000,0.500000,0.500000,0.300000,theta_std,0.048024,0.003223,0.045200,0.050849,5
springer_revision_full_20260530,trust-only_p1_g0p5_d2_loss0p1,trust_only,1.000000,0.500000,2.000000,0.100000,pose_rmse_m,0.663075,0.007405,0.656585,0.669566,5
springer_revision_full_20260530,trust-only_p1_g0p5_d2_loss0p1,trust_only,1.000000,0.500000,2.000000,0.100000,map_alignment_rmse_m,0.488430,0.003847,0.485057,0.491802,5
springer_revision_full_20260530,trust-only_p1_g0p5_d2_loss0p1,trust_only,1.000000,0.500000,2.000000,0.100000,fusion_time_s,1.568184,0.008347,1.560867,1.575500,5
springer_revision_full_20260530,trust-only_p1_g0p5_d2_loss0p1,trust_only,1.000000,0.500000,2.000000,0.100000,theta_mean,0.201065,0.006363,0.195487,0.206642,5
springer_revision_full_20260530,trust-only_p1_g0p5_d2_loss0p1,trust_only,1.000000,0.500000,2.000000,0.100000,theta_std,0.022883,0.001219,0.021814,0.023951,5
springer_revision_full_20260530,trust-only_p1_g0p5_d2_loss0p3,trust_only,1.000000,0.500000,2.000000,0.300000,pose_rmse_m,0.823779,0.012653,0.812688,0.834869,5
springer_revision_full_20260530,trust-only_p1_g0p5_d2_loss0p3,trust_only,1.000000,0.500000,2.000000,0.300000,map_alignment_rmse_m,0.615461,0.015753,0.601653,0.629269,5
springer_revision_full_20260530,trust-only_p1_g0p5_d2_loss0p3,trust_only,1.000000,0.500000,2.000000,0.300000,fusion_time_s,1.765634,0.032510,1.737137,1.794130,5
springer_revision_full_20260530,trust-only_p1_g0p5_d2_loss0p3,trust_only,1.000000,0.500000,2.000000,0.300000,theta_mean,0.161281,0.004537,0.157305,0.165258,5
springer_revision_full_20260530,trust-only_p1_g0p5_d2_loss0p3,trust_only,1.000000,0.500000,2.000000,0.300000,theta_std,0.022566,0.001665,0.021106,0.024025,5
springer_revision_full_20260530,trust-only_p1_g1_d0p5_loss0p1,trust_only,1.000000,1.000000,0.500000,0.100000,pose_rmse_m,0.426071,0.014911,0.413001,0.439141,5
springer_revision_full_20260530,trust-only_p1_g1_d0p5_loss0p1,trust_only,1.000000,1.000000,0.500000,0.100000,map_alignment_rmse_m,0.349284,0.011242,0.339430,0.359138,5
springer_revision_full_20260530,trust-only_p1_g1_d0p5_loss0p1,trust_only,1.000000,1.000000,0.500000,0.100000,fusion_time_s,1.053155,0.013993,1.040890,1.065421,5
springer_revision_full_20260530,trust-only_p1_g1_d0p5_loss0p1,trust_only,1.000000,1.000000,0.500000,0.100000,theta_mean,0.402093,0.010942,0.392502,0.411685,5
springer_revision_full_20260530,trust-only_p1_g1_d0p5_loss0p1,trust_only,1.000000,1.000000,0.500000,0.100000,theta_std,0.048610,0.003826,0.045257,0.051963,5
springer_revision_full_20260530,trust-only_p1_g1_d0p5_loss0p3,trust_only,1.000000,1.000000,0.500000,0.300000,pose_rmse_m,0.619465,0.020569,0.601436,0.637495,5
springer_revision_full_20260530,trust-only_p1_g1_d0p5_loss0p3,trust_only,1.000000,1.000000,0.500000,0.300000,map_alignment_rmse_m,0.474987,0.011212,0.465159,0.484815,5
springer_revision_full_20260530,trust-only_p1_g1_d0p5_loss0p3,trust_only,1.000000,1.000000,0.500000,0.300000,fusion_time_s,1.247603,0.019553,1.230464,1.264742,5
springer_revision_full_20260530,trust-only_p1_g1_d0p5_loss0p3,trust_only,1.000000,1.000000,0.500000,0.300000,theta_mean,0.335660,0.009769,0.327097,0.344223,5
springer_revision_full_20260530,trust-only_p1_g1_d0p5_loss0p3,trust_only,1.000000,1.000000,0.500000,0.300000,theta_std,0.044909,0.006320,0.039369,0.050449,5
springer_revision_full_20260530,trust-only_p1_g1_d2_loss0p1,trust_only,1.000000,1.000000,2.000000,0.100000,pose_rmse_m,0.677344,0.010780,0.667894,0.686793,5
springer_revision_full_20260530,trust-only_p1_g1_d2_loss0p1,trust_only,1.000000,1.000000,2.000000,0.100000,map_alignment_rmse_m,0.505771,0.006926,0.499700,0.511842,5
springer_revision_full_20260530,trust-only_p1_g1_d2_loss0p1,trust_only,1.000000,1.000000,2.000000,0.100000,fusion_time_s,1.603269,0.025374,1.581028,1.625510,5
springer_revision_full_20260530,trust-only_p1_g1_d2_loss0p1,trust_only,1.000000,1.000000,2.000000,0.100000,theta_mean,0.072463,0.001544,0.071109,0.073816,5
springer_revision_full_20260530,trust-only_p1_g1_d2_loss0p1,trust_only,1.000000,1.000000,2.000000,0.100000,theta_std,0.010493,0.001125,0.009507,0.011479,5
springer_revision_full_20260530,trust-only_p1_g1_d2_loss0p3,trust_only,1.000000,1.000000,2.000000,0.300000,pose_rmse_m,0.843336,0.012979,0.831960,0.854713,5
springer_revision_full_20260530,trust-only_p1_g1_d2_loss0p3,trust_only,1.000000,1.000000,2.000000,0.300000,map_alignment_rmse_m,0.639624,0.011283,0.629734,0.649514,5
springer_revision_full_20260530,trust-only_p1_g1_d2_loss0p3,trust_only,1.000000,1.000000,2.000000,0.300000,fusion_time_s,1.784406,0.004033,1.780871,1.787942,5
springer_revision_full_20260530,trust-only_p1_g1_d2_loss0p3,trust_only,1.000000,1.000000,2.000000,0.300000,theta_mean,0.060007,0.001412,0.058769,0.061244,5
springer_revision_full_20260530,trust-only_p1_g1_d2_loss0p3,trust_only,1.000000,1.000000,2.000000,0.300000,theta_std,0.009633,0.001313,0.008483,0.010784,5
springer_revision_full_20260530,trust-only_p2_g0_d0p5_loss0p1,trust_only,2.000000,0.000000,0.500000,0.100000,pose_rmse_m,0.355664,0.019458,0.338607,0.372720,5
springer_revision_full_20260530,trust-only_p2_g0_d0p5_loss0p1,trust_only,2.000000,0.000000,0.500000,0.100000,map_alignment_rmse_m,0.280516,0.014060,0.268192,0.292841,5
springer_revision_full_20260530,trust-only_p2_g0_d0p5_loss0p1,trust_only,2.000000,0.000000,0.500000,0.100000,fusion_time_s,1.019403,0.012581,1.008375,1.030431,5
springer_revision_full_20260530,trust-only_p2_g0_d0p5_loss0p1,trust_only,2.000000,0.000000,0.500000,0.100000,theta_mean,0.884456,0.010919,0.874885,0.894027,5
springer_revision_full_20260530,trust-only_p2_g0_d0p5_loss0p1,trust_only,2.000000,0.000000,0.500000,0.100000,theta_std,0.040064,0.003102,0.037345,0.042783,5
springer_revision_full_20260530,trust-only_p2_g0_d0p5_loss0p3,trust_only,2.000000,0.000000,0.500000,0.300000,pose_rmse_m,0.531754,0.019056,0.515050,0.548457,5
springer_revision_full_20260530,trust-only_p2_g0_d0p5_loss0p3,trust_only,2.000000,0.000000,0.500000,0.300000,map_alignment_rmse_m,0.411039,0.011186,0.401234,0.420843,5
springer_revision_full_20260530,trust-only_p2_g0_d0p5_loss0p3,trust_only,2.000000,0.000000,0.500000,0.300000,fusion_time_s,1.216370,0.022300,1.196823,1.235917,5
springer_revision_full_20260530,trust-only_p2_g0_d0p5_loss0p3,trust_only,2.000000,0.000000,0.500000,0.300000,theta_mean,0.802169,0.013421,0.790405,0.813933,5
springer_revision_full_20260530,trust-only_p2_g0_d0p5_loss0p3,trust_only,2.000000,0.000000,0.500000,0.300000,theta_std,0.049239,0.004219,0.045541,0.052938,5
springer_revision_full_20260530,trust-only_p2_g0_d2_loss0p1,trust_only,2.000000,0.000000,2.000000,0.100000,pose_rmse_m,0.546481,0.014305,0.533943,0.559020,5
springer_revision_full_20260530,trust-only_p2_g0_d2_loss0p1,trust_only,2.000000,0.000000,2.000000,0.100000,map_alignment_rmse_m,0.415325,0.010961,0.405717,0.424933,5
springer_revision_full_20260530,trust-only_p2_g0_d2_loss0p1,trust_only,2.000000,0.000000,2.000000,0.100000,fusion_time_s,1.580642,0.026282,1.557605,1.603679,5
springer_revision_full_20260530,trust-only_p2_g0_d2_loss0p1,trust_only,2.000000,0.000000,2.000000,0.100000,theta_mean,0.791842,0.013226,0.780248,0.803435,5
springer_revision_full_20260530,trust-only_p2_g0_d2_loss0p1,trust_only,2.000000,0.000000,2.000000,0.100000,theta_std,0.049634,0.006558,0.043886,0.055382,5
springer_revision_full_20260530,trust-only_p2_g0_d2_loss0p3,trust_only,2.000000,0.000000,2.000000,0.300000,pose_rmse_m,0.731096,0.008212,0.723898,0.738294,5
springer_revision_full_20260530,trust-only_p2_g0_d2_loss0p3,trust_only,2.000000,0.000000,2.000000,0.300000,map_alignment_rmse_m,0.547207,0.015433,0.533679,0.560734,5
springer_revision_full_20260530,trust-only_p2_g0_d2_loss0p3,trust_only,2.000000,0.000000,2.000000,0.300000,fusion_time_s,1.750307,0.011082,1.740593,1.760021,5
springer_revision_full_20260530,trust-only_p2_g0_d2_loss0p3,trust_only,2.000000,0.000000,2.000000,0.300000,theta_mean,0.678163,0.017205,0.663082,0.693244,5
springer_revision_full_20260530,trust-only_p2_g0_d2_loss0p3,trust_only,2.000000,0.000000,2.000000,0.300000,theta_std,0.064541,0.004802,0.060332,0.068751,5
springer_revision_full_20260530,trust-only_p2_g0p25_d0p5_loss0p1,trust_only,2.000000,0.250000,0.500000,0.100000,pose_rmse_m,0.369588,0.014889,0.356538,0.382639,5
springer_revision_full_20260530,trust-only_p2_g0p25_d0p5_loss0p1,trust_only,2.000000,0.250000,0.500000,0.100000,map_alignment_rmse_m,0.290734,0.010641,0.281407,0.300061,5
springer_revision_full_20260530,trust-only_p2_g0p25_d0p5_loss0p1,trust_only,2.000000,0.250000,0.500000,0.100000,fusion_time_s,1.016879,0.016717,1.002226,1.031532,5
springer_revision_full_20260530,trust-only_p2_g0p25_d0p5_loss0p1,trust_only,2.000000,0.250000,0.500000,0.100000,theta_mean,0.782343,0.010270,0.773341,0.791345,5
springer_revision_full_20260530,trust-only_p2_g0p25_d0p5_loss0p1,trust_only,2.000000,0.250000,0.500000,0.100000,theta_std,0.037817,0.002986,0.035200,0.040434,5
springer_revision_full_20260530,trust-only_p2_g0p25_d0p5_loss0p3,trust_only,2.000000,0.250000,0.500000,0.300000,pose_rmse_m,0.547624,0.014768,0.534679,0.560569,5
springer_revision_full_20260530,trust-only_p2_g0p25_d0p5_loss0p3,trust_only,2.000000,0.250000,0.500000,0.300000,map_alignment_rmse_m,0.418938,0.016116,0.404812,0.433064,5
springer_revision_full_20260530,trust-only_p2_g0p25_d0p5_loss0p3,trust_only,2.000000,0.250000,0.500000,0.300000,fusion_time_s,1.228337,0.019796,1.210985,1.245690,5
springer_revision_full_20260530,trust-only_p2_g0p25_d0p5_loss0p3,trust_only,2.000000,0.250000,0.500000,0.300000,theta_mean,0.704872,0.011301,0.694966,0.714777,5
springer_revision_full_20260530,trust-only_p2_g0p25_d0p5_loss0p3,trust_only,2.000000,0.250000,0.500000,0.300000,theta_std,0.047039,0.003930,0.043594,0.050483,5
springer_revision_full_20260530,trust-only_p2_g0p25_d2_loss0p1,trust_only,2.000000,0.250000,2.000000,0.100000,pose_rmse_m,0.609980,0.026672,0.586601,0.633359,5
springer_revision_full_20260530,trust-only_p2_g0p25_d2_loss0p1,trust_only,2.000000,0.250000,2.000000,0.100000,map_alignment_rmse_m,0.457723,0.016697,0.443088,0.472358,5
springer_revision_full_20260530,trust-only_p2_g0p25_d2_loss0p1,trust_only,2.000000,0.250000,2.000000,0.100000,fusion_time_s,1.555571,0.018382,1.539458,1.571683,5
springer_revision_full_20260530,trust-only_p2_g0p25_d2_loss0p1,trust_only,2.000000,0.250000,2.000000,0.100000,theta_mean,0.482463,0.009563,0.474081,0.490845,5
springer_revision_full_20260530,trust-only_p2_g0p25_d2_loss0p1,trust_only,2.000000,0.250000,2.000000,0.100000,theta_std,0.034882,0.000997,0.034009,0.035756,5
springer_revision_full_20260530,trust-only_p2_g0p25_d2_loss0p3,trust_only,2.000000,0.250000,2.000000,0.300000,pose_rmse_m,0.774059,0.023499,0.753462,0.794657,5
springer_revision_full_20260530,trust-only_p2_g0p25_d2_loss0p3,trust_only,2.000000,0.250000,2.000000,0.300000,map_alignment_rmse_m,0.585526,0.014579,0.572747,0.598305,5
springer_revision_full_20260530,trust-only_p2_g0p25_d2_loss0p3,trust_only,2.000000,0.250000,2.000000,0.300000,fusion_time_s,1.767696,0.008224,1.760488,1.774905,5
springer_revision_full_20260530,trust-only_p2_g0p25_d2_loss0p3,trust_only,2.000000,0.250000,2.000000,0.300000,theta_mean,0.412364,0.013841,0.400231,0.424496,5
springer_revision_full_20260530,trust-only_p2_g0p25_d2_loss0p3,trust_only,2.000000,0.250000,2.000000,0.300000,theta_std,0.039828,0.005904,0.034653,0.045003,5
springer_revision_full_20260530,trust-only_p2_g0p5_d0p5_loss0p1,trust_only,2.000000,0.500000,0.500000,0.100000,pose_rmse_m,0.375575,0.005155,0.371056,0.380094,5
springer_revision_full_20260530,trust-only_p2_g0p5_d0p5_loss0p1,trust_only,2.000000,0.500000,0.500000,0.100000,map_alignment_rmse_m,0.300813,0.013646,0.288852,0.312775,5
springer_revision_full_20260530,trust-only_p2_g0p5_d0p5_loss0p1,trust_only,2.000000,0.500000,0.500000,0.100000,fusion_time_s,1.049283,0.021415,1.030512,1.068053,5
springer_revision_full_20260530,trust-only_p2_g0p5_d0p5_loss0p1,trust_only,2.000000,0.500000,0.500000,0.100000,theta_mean,0.688856,0.010453,0.679694,0.698019,5
springer_revision_full_20260530,trust-only_p2_g0p5_d0p5_loss0p1,trust_only,2.000000,0.500000,0.500000,0.100000,theta_std,0.046836,0.005439,0.042069,0.051604,5
springer_revision_full_20260530,trust-only_p2_g0p5_d0p5_loss0p3,trust_only,2.000000,0.500000,0.500000,0.300000,pose_rmse_m,0.566446,0.006290,0.560932,0.571959,5
springer_revision_full_20260530,trust-only_p2_g0p5_d0p5_loss0p3,trust_only,2.000000,0.500000,0.500000,0.300000,map_alignment_rmse_m,0.438146,0.015957,0.424159,0.452133,5
springer_revision_full_20260530,trust-only_p2_g0p5_d0p5_loss0p3,trust_only,2.000000,0.500000,0.500000,0.300000,fusion_time_s,1.217384,0.024861,1.195592,1.239175,5
springer_revision_full_20260530,trust-only_p2_g0p5_d0p5_loss0p3,trust_only,2.000000,0.500000,0.500000,0.300000,theta_mean,0.621167,0.012657,0.610073,0.632261,5
springer_revision_full_20260530,trust-only_p2_g0p5_d0p5_loss0p3,trust_only,2.000000,0.500000,0.500000,0.300000,theta_std,0.052236,0.004125,0.048621,0.055852,5
springer_revision_full_20260530,trust-only_p2_g0p5_d2_loss0p1,trust_only,2.000000,0.500000,2.000000,0.100000,pose_rmse_m,0.628648,0.009609,0.620225,0.637070,5
springer_revision_full_20260530,trust-only_p2_g0p5_d2_loss0p1,trust_only,2.000000,0.500000,2.000000,0.100000,map_alignment_rmse_m,0.477383,0.013293,0.465732,0.489035,5
springer_revision_full_20260530,trust-only_p2_g0p5_d2_loss0p1,trust_only,2.000000,0.500000,2.000000,0.100000,fusion_time_s,1.583750,0.019438,1.566712,1.600788,5
springer_revision_full_20260530,trust-only_p2_g0p5_d2_loss0p1,trust_only,2.000000,0.500000,2.000000,0.100000,theta_mean,0.291849,0.003504,0.288778,0.294920,5
springer_revision_full_20260530,trust-only_p2_g0p5_d2_loss0p1,trust_only,2.000000,0.500000,2.000000,0.100000,theta_std,0.025665,0.002581,0.023403,0.027928,5
springer_revision_full_20260530,trust-only_p2_g0p5_d2_loss0p3,trust_only,2.000000,0.500000,2.000000,0.300000,pose_rmse_m,0.796615,0.008445,0.789212,0.804017,5
springer_revision_full_20260530,trust-only_p2_g0p5_d2_loss0p3,trust_only,2.000000,0.500000,2.000000,0.300000,map_alignment_rmse_m,0.609300,0.008484,0.601863,0.616737,5
springer_revision_full_20260530,trust-only_p2_g0p5_d2_loss0p3,trust_only,2.000000,0.500000,2.000000,0.300000,fusion_time_s,1.761406,0.010394,1.752295,1.770517,5
springer_revision_full_20260530,trust-only_p2_g0p5_d2_loss0p3,trust_only,2.000000,0.500000,2.000000,0.300000,theta_mean,0.250438,0.005410,0.245696,0.255181,5
springer_revision_full_20260530,trust-only_p2_g0p5_d2_loss0p3,trust_only,2.000000,0.500000,2.000000,0.300000,theta_std,0.028843,0.004804,0.024632,0.033055,5
springer_revision_full_20260530,trust-only_p2_g1_d0p5_loss0p1,trust_only,2.000000,1.000000,0.500000,0.100000,pose_rmse_m,0.401290,0.020027,0.383736,0.418845,5
springer_revision_full_20260530,trust-only_p2_g1_d0p5_loss0p1,trust_only,2.000000,1.000000,0.500000,0.100000,map_alignment_rmse_m,0.331861,0.014053,0.319543,0.344179,5
springer_revision_full_20260530,trust-only_p2_g1_d0p5_loss0p1,trust_only,2.000000,1.000000,0.500000,0.100000,fusion_time_s,1.059145,0.031722,1.031340,1.086951,5
springer_revision_full_20260530,trust-only_p2_g1_d0p5_loss0p1,trust_only,2.000000,1.000000,0.500000,0.100000,theta_mean,0.534695,0.008566,0.527187,0.542203,5
springer_revision_full_20260530,trust-only_p2_g1_d0p5_loss0p1,trust_only,2.000000,1.000000,0.500000,0.100000,theta_std,0.052856,0.007011,0.046711,0.059001,5
springer_revision_full_20260530,trust-only_p2_g1_d0p5_loss0p3,trust_only,2.000000,1.000000,0.500000,0.300000,pose_rmse_m,0.588210,0.005678,0.583233,0.593187,5
springer_revision_full_20260530,trust-only_p2_g1_d0p5_loss0p3,trust_only,2.000000,1.000000,0.500000,0.300000,map_alignment_rmse_m,0.468927,0.007009,0.462783,0.475070,5
springer_revision_full_20260530,trust-only_p2_g1_d0p5_loss0p3,trust_only,2.000000,1.000000,0.500000,0.300000,fusion_time_s,1.239335,0.017084,1.224360,1.254309,5
springer_revision_full_20260530,trust-only_p2_g1_d0p5_loss0p3,trust_only,2.000000,1.000000,0.500000,0.300000,theta_mean,0.483101,0.012321,0.472302,0.493901,5
springer_revision_full_20260530,trust-only_p2_g1_d0p5_loss0p3,trust_only,2.000000,1.000000,0.500000,0.300000,theta_std,0.054266,0.005412,0.049522,0.059010,5
springer_revision_full_20260530,trust-only_p2_g1_d2_loss0p1,trust_only,2.000000,1.000000,2.000000,0.100000,pose_rmse_m,0.670753,0.013753,0.658698,0.682808,5
springer_revision_full_20260530,trust-only_p2_g1_d2_loss0p1,trust_only,2.000000,1.000000,2.000000,0.100000,map_alignment_rmse_m,0.504007,0.009429,0.495742,0.512271,5
springer_revision_full_20260530,trust-only_p2_g1_d2_loss0p1,trust_only,2.000000,1.000000,2.000000,0.100000,fusion_time_s,1.608500,0.029104,1.582989,1.634010,5
springer_revision_full_20260530,trust-only_p2_g1_d2_loss0p1,trust_only,2.000000,1.000000,2.000000,0.100000,theta_mean,0.107474,0.002742,0.105071,0.109878,5
springer_revision_full_20260530,trust-only_p2_g1_d2_loss0p1,trust_only,2.000000,1.000000,2.000000,0.100000,theta_std,0.014502,0.000914,0.013701,0.015303,5
springer_revision_full_20260530,trust-only_p2_g1_d2_loss0p3,trust_only,2.000000,1.000000,2.000000,0.300000,pose_rmse_m,0.835277,0.012641,0.824197,0.846357,5
springer_revision_full_20260530,trust-only_p2_g1_d2_loss0p3,trust_only,2.000000,1.000000,2.000000,0.300000,map_alignment_rmse_m,0.624817,0.016681,0.610195,0.639439,5
springer_revision_full_20260530,trust-only_p2_g1_d2_loss0p3,trust_only,2.000000,1.000000,2.000000,0.300000,fusion_time_s,1.773495,0.011348,1.763549,1.783442,5
springer_revision_full_20260530,trust-only_p2_g1_d2_loss0p3,trust_only,2.000000,1.000000,2.000000,0.300000,theta_mean,0.093642,0.003145,0.090885,0.096399,5
springer_revision_full_20260530,trust-only_p2_g1_d2_loss0p3,trust_only,2.000000,1.000000,2.000000,0.300000,theta_std,0.014345,0.002211,0.012407,0.016282,5
springer_revision_full_20260530,trust-only_p3_g0_d0p5_loss0p1,trust_only,3.000000,0.000000,0.500000,0.100000,pose_rmse_m,0.344188,0.011139,0.334424,0.353952,5
springer_revision_full_20260530,trust-only_p3_g0_d0p5_loss0p1,trust_only,3.000000,0.000000,0.500000,0.100000,map_alignment_rmse_m,0.266895,0.010867,0.257369,0.276421,5
springer_revision_full_20260530,trust-only_p3_g0_d0p5_loss0p1,trust_only,3.000000,0.000000,0.500000,0.100000,fusion_time_s,1.026714,0.029976,1.000439,1.052990,5
springer_revision_full_20260530,trust-only_p3_g0_d0p5_loss0p1,trust_only,3.000000,0.000000,0.500000,0.100000,theta_mean,0.957943,0.006955,0.951847,0.964040,5
springer_revision_full_20260530,trust-only_p3_g0_d0p5_loss0p1,trust_only,3.000000,0.000000,0.500000,0.100000,theta_std,0.021515,0.004278,0.017765,0.025265,5
springer_revision_full_20260530,trust-only_p3_g0_d0p5_loss0p3,trust_only,3.000000,0.000000,0.500000,0.300000,pose_rmse_m,0.507249,0.010425,0.498111,0.516387,5
springer_revision_full_20260530,trust-only_p3_g0_d0p5_loss0p3,trust_only,3.000000,0.000000,0.500000,0.300000,map_alignment_rmse_m,0.397365,0.004622,0.393314,0.401417,5
springer_revision_full_20260530,trust-only_p3_g0_d0p5_loss0p3,trust_only,3.000000,0.000000,0.500000,0.300000,fusion_time_s,1.206469,0.023805,1.185603,1.227335,5
springer_revision_full_20260530,trust-only_p3_g0_d0p5_loss0p3,trust_only,3.000000,0.000000,0.500000,0.300000,theta_mean,0.907427,0.012178,0.896752,0.918101,5
springer_revision_full_20260530,trust-only_p3_g0_d0p5_loss0p3,trust_only,3.000000,0.000000,0.500000,0.300000,theta_std,0.030742,0.004057,0.027186,0.034297,5
springer_revision_full_20260530,trust-only_p3_g0_d2_loss0p1,trust_only,3.000000,0.000000,2.000000,0.100000,pose_rmse_m,0.526176,0.012085,0.515583,0.536769,5
springer_revision_full_20260530,trust-only_p3_g0_d2_loss0p1,trust_only,3.000000,0.000000,2.000000,0.100000,map_alignment_rmse_m,0.397298,0.012066,0.386722,0.407874,5
springer_revision_full_20260530,trust-only_p3_g0_d2_loss0p1,trust_only,3.000000,0.000000,2.000000,0.100000,fusion_time_s,1.560458,0.029916,1.534235,1.586680,5
springer_revision_full_20260530,trust-only_p3_g0_d2_loss0p1,trust_only,3.000000,0.000000,2.000000,0.100000,theta_mean,0.901747,0.010323,0.892698,0.910796,5
springer_revision_full_20260530,trust-only_p3_g0_d2_loss0p1,trust_only,3.000000,0.000000,2.000000,0.100000,theta_std,0.036121,0.002482,0.033945,0.038297,5
springer_revision_full_20260530,trust-only_p3_g0_d2_loss0p3,trust_only,3.000000,0.000000,2.000000,0.300000,pose_rmse_m,0.707858,0.010948,0.698262,0.717454,5
springer_revision_full_20260530,trust-only_p3_g0_d2_loss0p3,trust_only,3.000000,0.000000,2.000000,0.300000,map_alignment_rmse_m,0.528784,0.018659,0.512428,0.545139,5
springer_revision_full_20260530,trust-only_p3_g0_d2_loss0p3,trust_only,3.000000,0.000000,2.000000,0.300000,fusion_time_s,1.774639,0.013679,1.762648,1.786629,5
springer_revision_full_20260530,trust-only_p3_g0_d2_loss0p3,trust_only,3.000000,0.000000,2.000000,0.300000,theta_mean,0.809853,0.016293,0.795572,0.824135,5
springer_revision_full_20260530,trust-only_p3_g0_d2_loss0p3,trust_only,3.000000,0.000000,2.000000,0.300000,theta_std,0.055858,0.003616,0.052689,0.059028,5
springer_revision_full_20260530,trust-only_p3_g0p25_d0p5_loss0p1,trust_only,3.000000,0.250000,0.500000,0.100000,pose_rmse_m,0.361649,0.022849,0.341621,0.381678,5
springer_revision_full_20260530,trust-only_p3_g0p25_d0p5_loss0p1,trust_only,3.000000,0.250000,0.500000,0.100000,map_alignment_rmse_m,0.286175,0.003308,0.283275,0.289074,5
springer_revision_full_20260530,trust-only_p3_g0p25_d0p5_loss0p1,trust_only,3.000000,0.250000,0.500000,0.100000,fusion_time_s,1.023801,0.012742,1.012632,1.034970,5
springer_revision_full_20260530,trust-only_p3_g0p25_d0p5_loss0p1,trust_only,3.000000,0.250000,0.500000,0.100000,theta_mean,0.847280,0.004308,0.843504,0.851056,5
springer_revision_full_20260530,trust-only_p3_g0p25_d0p5_loss0p1,trust_only,3.000000,0.250000,0.500000,0.100000,theta_std,0.025459,0.003813,0.022117,0.028801,5
springer_revision_full_20260530,trust-only_p3_g0p25_d0p5_loss0p3,trust_only,3.000000,0.250000,0.500000,0.300000,pose_rmse_m,0.520443,0.016617,0.505878,0.535009,5
springer_revision_full_20260530,trust-only_p3_g0p25_d0p5_loss0p3,trust_only,3.000000,0.250000,0.500000,0.300000,map_alignment_rmse_m,0.410591,0.017472,0.395276,0.425906,5
springer_revision_full_20260530,trust-only_p3_g0p25_d0p5_loss0p3,trust_only,3.000000,0.250000,0.500000,0.300000,fusion_time_s,1.228376,0.023947,1.207385,1.249367,5
springer_revision_full_20260530,trust-only_p3_g0p25_d0p5_loss0p3,trust_only,3.000000,0.250000,0.500000,0.300000,theta_mean,0.804430,0.011305,0.794521,0.814339,5
springer_revision_full_20260530,trust-only_p3_g0p25_d0p5_loss0p3,trust_only,3.000000,0.250000,0.500000,0.300000,theta_std,0.036251,0.003393,0.033278,0.039225,5
springer_revision_full_20260530,trust-only_p3_g0p25_d2_loss0p1,trust_only,3.000000,0.250000,2.000000,0.100000,pose_rmse_m,0.584717,0.016941,0.569868,0.599566,5
springer_revision_full_20260530,trust-only_p3_g0p25_d2_loss0p1,trust_only,3.000000,0.250000,2.000000,0.100000,map_alignment_rmse_m,0.443958,0.004992,0.439583,0.448333,5
springer_revision_full_20260530,trust-only_p3_g0p25_d2_loss0p1,trust_only,3.000000,0.250000,2.000000,0.100000,fusion_time_s,1.580899,0.014685,1.568027,1.593770,5
springer_revision_full_20260530,trust-only_p3_g0p25_d2_loss0p1,trust_only,3.000000,0.250000,2.000000,0.100000,theta_mean,0.546697,0.007072,0.540498,0.552896,5
springer_revision_full_20260530,trust-only_p3_g0p25_d2_loss0p1,trust_only,3.000000,0.250000,2.000000,0.100000,theta_std,0.026769,0.002105,0.024924,0.028614,5
springer_revision_full_20260530,trust-only_p3_g0p25_d2_loss0p3,trust_only,3.000000,0.250000,2.000000,0.300000,pose_rmse_m,0.770404,0.020663,0.752292,0.788516,5
springer_revision_full_20260530,trust-only_p3_g0p25_d2_loss0p3,trust_only,3.000000,0.250000,2.000000,0.300000,map_alignment_rmse_m,0.581105,0.007781,0.574284,0.587926,5
springer_revision_full_20260530,trust-only_p3_g0p25_d2_loss0p3,trust_only,3.000000,0.250000,2.000000,0.300000,fusion_time_s,1.751423,0.029865,1.725246,1.777601,5
springer_revision_full_20260530,trust-only_p3_g0p25_d2_loss0p3,trust_only,3.000000,0.250000,2.000000,0.300000,theta_mean,0.496190,0.009361,0.487985,0.504395,5
springer_revision_full_20260530,trust-only_p3_g0p25_d2_loss0p3,trust_only,3.000000,0.250000,2.000000,0.300000,theta_std,0.035240,0.005257,0.030632,0.039849,5
springer_revision_full_20260530,trust-only_p3_g0p5_d0p5_loss0p1,trust_only,3.000000,0.500000,0.500000,0.100000,pose_rmse_m,0.361506,0.011561,0.351373,0.371640,5
springer_revision_full_20260530,trust-only_p3_g0p5_d0p5_loss0p1,trust_only,3.000000,0.500000,0.500000,0.100000,map_alignment_rmse_m,0.294185,0.014530,0.281448,0.306921,5
springer_revision_full_20260530,trust-only_p3_g0p5_d0p5_loss0p1,trust_only,3.000000,0.500000,0.500000,0.100000,fusion_time_s,1.050021,0.017111,1.035022,1.065019,5
springer_revision_full_20260530,trust-only_p3_g0p5_d0p5_loss0p1,trust_only,3.000000,0.500000,0.500000,0.100000,theta_mean,0.746834,0.008015,0.739808,0.753859,5
springer_revision_full_20260530,trust-only_p3_g0p5_d0p5_loss0p1,trust_only,3.000000,0.500000,0.500000,0.100000,theta_std,0.035061,0.002687,0.032705,0.037416,5
springer_revision_full_20260530,trust-only_p3_g0p5_d0p5_loss0p3,trust_only,3.000000,0.500000,0.500000,0.300000,pose_rmse_m,0.555559,0.008545,0.548069,0.563049,5
springer_revision_full_20260530,trust-only_p3_g0p5_d0p5_loss0p3,trust_only,3.000000,0.500000,0.500000,0.300000,map_alignment_rmse_m,0.429054,0.015979,0.415048,0.443061,5
springer_revision_full_20260530,trust-only_p3_g0p5_d0p5_loss0p3,trust_only,3.000000,0.500000,0.500000,0.300000,fusion_time_s,1.246649,0.017678,1.231154,1.262145,5
springer_revision_full_20260530,trust-only_p3_g0p5_d0p5_loss0p3,trust_only,3.000000,0.500000,0.500000,0.300000,theta_mean,0.705044,0.009388,0.696816,0.713273,5
springer_revision_full_20260530,trust-only_p3_g0p5_d0p5_loss0p3,trust_only,3.000000,0.500000,0.500000,0.300000,theta_std,0.041629,0.003784,0.038313,0.044946,5
springer_revision_full_20260530,trust-only_p3_g0p5_d2_loss0p1,trust_only,3.000000,0.500000,2.000000,0.100000,pose_rmse_m,0.619382,0.015124,0.606125,0.632638,5
springer_revision_full_20260530,trust-only_p3_g0p5_d2_loss0p1,trust_only,3.000000,0.500000,2.000000,0.100000,map_alignment_rmse_m,0.473586,0.010009,0.464812,0.482359,5
springer_revision_full_20260530,trust-only_p3_g0p5_d2_loss0p1,trust_only,3.000000,0.500000,2.000000,0.100000,fusion_time_s,1.591218,0.024302,1.569916,1.612519,5
springer_revision_full_20260530,trust-only_p3_g0p5_d2_loss0p1,trust_only,3.000000,0.500000,2.000000,0.100000,theta_mean,0.329787,0.005382,0.325069,0.334504,5
springer_revision_full_20260530,trust-only_p3_g0p5_d2_loss0p1,trust_only,3.000000,0.500000,2.000000,0.100000,theta_std,0.023954,0.003957,0.020485,0.027422,5
springer_revision_full_20260530,trust-only_p3_g0p5_d2_loss0p3,trust_only,3.000000,0.500000,2.000000,0.300000,pose_rmse_m,0.802005,0.011182,0.792204,0.811807,5
springer_revision_full_20260530,trust-only_p3_g0p5_d2_loss0p3,trust_only,3.000000,0.500000,2.000000,0.300000,map_alignment_rmse_m,0.608253,0.014493,0.595550,0.620956,5
springer_revision_full_20260530,trust-only_p3_g0p5_d2_loss0p3,trust_only,3.000000,0.500000,2.000000,0.300000,fusion_time_s,1.747511,0.015486,1.733937,1.761084,5
springer_revision_full_20260530,trust-only_p3_g0p5_d2_loss0p3,trust_only,3.000000,0.500000,2.000000,0.300000,theta_mean,0.299505,0.006443,0.293858,0.305153,5
springer_revision_full_20260530,trust-only_p3_g0p5_d2_loss0p3,trust_only,3.000000,0.500000,2.000000,0.300000,theta_std,0.027651,0.001852,0.026027,0.029274,5
springer_revision_full_20260530,trust-only_p3_g1_d0p5_loss0p1,trust_only,3.000000,1.000000,0.500000,0.100000,pose_rmse_m,0.403879,0.014928,0.390794,0.416964,5
springer_revision_full_20260530,trust-only_p3_g1_d0p5_loss0p1,trust_only,3.000000,1.000000,0.500000,0.100000,map_alignment_rmse_m,0.315451,0.015651,0.301732,0.329170,5
springer_revision_full_20260530,trust-only_p3_g1_d0p5_loss0p1,trust_only,3.000000,1.000000,0.500000,0.100000,fusion_time_s,1.059242,0.020241,1.041500,1.076983,5
springer_revision_full_20260530,trust-only_p3_g1_d0p5_loss0p1,trust_only,3.000000,1.000000,0.500000,0.100000,theta_mean,0.582117,0.007510,0.575534,0.588700,5
springer_revision_full_20260530,trust-only_p3_g1_d0p5_loss0p1,trust_only,3.000000,1.000000,0.500000,0.100000,theta_std,0.052187,0.002190,0.050268,0.054107,5
springer_revision_full_20260530,trust-only_p3_g1_d0p5_loss0p3,trust_only,3.000000,1.000000,0.500000,0.300000,pose_rmse_m,0.574336,0.025169,0.552275,0.596397,5
springer_revision_full_20260530,trust-only_p3_g1_d0p5_loss0p3,trust_only,3.000000,1.000000,0.500000,0.300000,map_alignment_rmse_m,0.450832,0.014208,0.438378,0.463286,5
springer_revision_full_20260530,trust-only_p3_g1_d0p5_loss0p3,trust_only,3.000000,1.000000,0.500000,0.300000,fusion_time_s,1.240618,0.019150,1.223832,1.257404,5
springer_revision_full_20260530,trust-only_p3_g1_d0p5_loss0p3,trust_only,3.000000,1.000000,0.500000,0.300000,theta_mean,0.555409,0.005195,0.550856,0.559963,5
springer_revision_full_20260530,trust-only_p3_g1_d0p5_loss0p3,trust_only,3.000000,1.000000,0.500000,0.300000,theta_std,0.054241,0.004895,0.049950,0.058531,5
springer_revision_full_20260530,trust-only_p3_g1_d2_loss0p1,trust_only,3.000000,1.000000,2.000000,0.100000,pose_rmse_m,0.668246,0.017751,0.652686,0.683805,5
springer_revision_full_20260530,trust-only_p3_g1_d2_loss0p1,trust_only,3.000000,1.000000,2.000000,0.100000,map_alignment_rmse_m,0.505846,0.009478,0.497538,0.514154,5
springer_revision_full_20260530,trust-only_p3_g1_d2_loss0p1,trust_only,3.000000,1.000000,2.000000,0.100000,fusion_time_s,1.585716,0.012326,1.574912,1.596521,5
springer_revision_full_20260530,trust-only_p3_g1_d2_loss0p1,trust_only,3.000000,1.000000,2.000000,0.100000,theta_mean,0.121717,0.001989,0.119974,0.123461,5
springer_revision_full_20260530,trust-only_p3_g1_d2_loss0p1,trust_only,3.000000,1.000000,2.000000,0.100000,theta_std,0.014907,0.002237,0.012946,0.016868,5
springer_revision_full_20260530,trust-only_p3_g1_d2_loss0p3,trust_only,3.000000,1.000000,2.000000,0.300000,pose_rmse_m,0.834357,0.017268,0.819221,0.849493,5
springer_revision_full_20260530,trust-only_p3_g1_d2_loss0p3,trust_only,3.000000,1.000000,2.000000,0.300000,map_alignment_rmse_m,0.622731,0.010468,0.613556,0.631907,5
springer_revision_full_20260530,trust-only_p3_g1_d2_loss0p3,trust_only,3.000000,1.000000,2.000000,0.300000,fusion_time_s,1.782865,0.018224,1.766891,1.798839,5
springer_revision_full_20260530,trust-only_p3_g1_d2_loss0p3,trust_only,3.000000,1.000000,2.000000,0.300000,theta_mean,0.111091,0.002847,0.108596,0.113587,5
springer_revision_full_20260530,trust-only_p3_g1_d2_loss0p3,trust_only,3.000000,1.000000,2.000000,0.300000,theta_std,0.015409,0.001194,0.014362,0.016456,5
