session_id,run_log_file,run_started_at_utc,run_completed_at_utc,configuration_id,run_id,ablation_mode,p,gamma,delay_s,packet_loss_rate,pose_rmse_m,map_alignment_rmse_m,fusion_time_s,theta_mean,theta_std
springer_revision_full_20260530,run_logs/20260530T210622607Z_baseline-graph-slam_p1_g0_d0p5_loss0p1_run01.csv,2026-05-30T21:06:22.607Z,2026-05-30T21:06:22.608Z,baseline-graph-slam_p1_g0_d0p5_loss0p1,1,baseline_graph_slam,1.000000,0.000000,0.500000,0.100000,0.643194,0.449578,1.167574,0.688208,0.060147
springer_revision_full_20260530,run_logs/20260530T210622608Z_baseline-graph-slam_p1_g0_d0p5_loss0p1_run02.csv,2026-05-30T21:06:22.608Z,2026-05-30T21:06:22.608Z,baseline-graph-slam_p1_g0_d0p5_loss0p1,2,baseline_graph_slam,1.000000,0.000000,0.500000,0.100000,0.679148,0.433938,1.162598,0.673632,0.058900
springer_revision_full_20260530,run_logs/20260530T210622608Z_baseline-graph-slam_p1_g0_d0p5_loss0p1_run03.csv,2026-05-30T21:06:22.608Z,2026-05-30T21:06:22.609Z,baseline-graph-slam_p1_g0_d0p5_loss0p1,3,baseline_graph_slam,1.000000,0.000000,0.500000,0.100000,0.664570,0.444508,1.138521,0.667693,0.071362
springer_revision_full_20260530,run_logs/20260530T210622609Z_baseline-graph-slam_p1_g0_d0p5_loss0p1_run04.csv,2026-05-30T21:06:22.609Z,2026-05-30T21:06:22.609Z,baseline-graph-slam_p1_g0_d0p5_loss0p1,4,baseline_graph_slam,1.000000,0.000000,0.500000,0.100000,0.614176,0.430224,1.145747,0.657991,0.053153
springer_revision_full_20260530,run_logs/20260530T210622610Z_baseline-graph-slam_p1_g0_d0p5_loss0p1_run05.csv,2026-05-30T21:06:22.610Z,2026-05-30T21:06:22.611Z,baseline-graph-slam_p1_g0_d0p5_loss0p1,5,baseline_graph_slam,1.000000,0.000000,0.500000,0.100000,0.651419,0.446393,1.146056,0.638888,0.053740
springer_revision_full_20260530,run_logs/20260530T210622611Z_baseline-graph-slam_p1_g0_d0p5_loss0p3_run01.csv,2026-05-30T21:06:22.611Z,2026-05-30T21:06:22.611Z,baseline-graph-slam_p1_g0_d0p5_loss0p3,1,baseline_graph_slam,1.000000,0.000000,0.500000,0.300000,0.819414,0.577088,1.378083,0.576496,0.058460
springer_revision_full_20260530,run_logs/20260530T210622612Z_baseline-graph-slam_p1_g0_d0p5_loss0p3_run02.csv,2026-05-30T21:06:22.612Z,2026-05-30T21:06:22.612Z,baseline-graph-slam_p1_g0_d0p5_loss0p3,2,baseline_graph_slam,1.000000,0.000000,0.500000,0.300000,0.832122,0.571298,1.361079,0.562999,0.053548
springer_revision_full_20260530,run_logs/20260530T210622612Z_baseline-graph-slam_p1_g0_d0p5_loss0p3_run03.csv,2026-05-30T21:06:22.612Z,2026-05-30T21:06:22.612Z,baseline-graph-slam_p1_g0_d0p5_loss0p3,3,baseline_graph_slam,1.000000,0.000000,0.500000,0.300000,0.798993,0.558708,1.338260,0.554130,0.051671
springer_revision_full_20260530,run_logs/20260530T210622613Z_baseline-graph-slam_p1_g0_d0p5_loss0p3_run04.csv,2026-05-30T21:06:22.613Z,2026-05-30T21:06:22.613Z,baseline-graph-slam_p1_g0_d0p5_loss0p3,4,baseline_graph_slam,1.000000,0.000000,0.500000,0.300000,0.825306,0.591949,1.358694,0.543623,0.059644
springer_revision_full_20260530,run_logs/20260530T210622613Z_baseline-graph-slam_p1_g0_d0p5_loss0p3_run05.csv,2026-05-30T21:06:22.613Z,2026-05-30T21:06:22.614Z,baseline-graph-slam_p1_g0_d0p5_loss0p3,5,baseline_graph_slam,1.000000,0.000000,0.500000,0.300000,0.808265,0.578151,1.338993,0.540478,0.059199
springer_revision_full_20260530,run_logs/20260530T210622614Z_baseline-graph-slam_p1_g0_d2_loss0p1_run01.csv,2026-05-30T21:06:22.614Z,2026-05-30T21:06:22.615Z,baseline-graph-slam_p1_g0_d2_loss0p1,1,baseline_graph_slam,1.000000,0.000000,2.000000,0.100000,0.826861,0.577576,1.702040,0.566574,0.055272
springer_revision_full_20260530,run_logs/20260530T210622615Z_baseline-graph-slam_p1_g0_d2_loss0p1_run02.csv,2026-05-30T21:06:22.615Z,2026-05-30T21:06:22.615Z,baseline-graph-slam_p1_g0_d2_loss0p1,2,baseline_graph_slam,1.000000,0.000000,2.000000,0.100000,0.807158,0.567986,1.714063,0.546550,0.058209
springer_revision_full_20260530,run_logs/20260530T210622616Z_baseline-graph-slam_p1_g0_d2_loss0p1_run03.csv,2026-05-30T21:06:22.616Z,2026-05-30T21:06:22.616Z,baseline-graph-slam_p1_g0_d2_loss0p1,3,baseline_graph_slam,1.000000,0.000000,2.000000,0.100000,0.829068,0.564912,1.676498,0.559444,0.065698
springer_revision_full_20260530,run_logs/20260530T210622616Z_baseline-graph-slam_p1_g0_d2_loss0p1_run04.csv,2026-05-30T21:06:22.616Z,2026-05-30T21:06:22.616Z,baseline-graph-slam_p1_g0_d2_loss0p1,4,baseline_graph_slam,1.000000,0.000000,2.000000,0.100000,0.849680,0.550152,1.698879,0.534216,0.055661
springer_revision_full_20260530,run_logs/20260530T210622617Z_baseline-graph-slam_p1_g0_d2_loss0p1_run05.csv,2026-05-30T21:06:22.617Z,2026-05-30T21:06:22.617Z,baseline-graph-slam_p1_g0_d2_loss0p1,5,baseline_graph_slam,1.000000,0.000000,2.000000,0.100000,0.829925,0.554801,1.668740,0.513410,0.063081
springer_revision_full_20260530,run_logs/20260530T210622617Z_baseline-graph-slam_p1_g0_d2_loss0p3_run01.csv,2026-05-30T21:06:22.617Z,2026-05-30T21:06:22.617Z,baseline-graph-slam_p1_g0_d2_loss0p3,1,baseline_graph_slam,1.000000,0.000000,2.000000,0.300000,0.989516,0.663352,1.904040,0.456523,0.052186
springer_revision_full_20260530,run_logs/20260530T210622618Z_baseline-graph-slam_p1_g0_d2_loss0p3_run02.csv,2026-05-30T21:06:22.618Z,2026-05-30T21:06:22.618Z,baseline-graph-slam_p1_g0_d2_loss0p3,2,baseline_graph_slam,1.000000,0.000000,2.000000,0.300000,0.966527,0.686409,1.856284,0.445181,0.053662
springer_revision_full_20260530,run_logs/20260530T210622618Z_baseline-graph-slam_p1_g0_d2_loss0p3_run03.csv,2026-05-30T21:06:22.618Z,2026-05-30T21:06:22.618Z,baseline-graph-slam_p1_g0_d2_loss0p3,3,baseline_graph_slam,1.000000,0.000000,2.000000,0.300000,0.991310,0.690583,1.888774,0.441218,0.057035
springer_revision_full_20260530,run_logs/20260530T210622618Z_baseline-graph-slam_p1_g0_d2_loss0p3_run04.csv,2026-05-30T21:06:22.618Z,2026-05-30T21:06:22.619Z,baseline-graph-slam_p1_g0_d2_loss0p3,4,baseline_graph_slam,1.000000,0.000000,2.000000,0.300000,0.986232,0.695191,1.870261,0.432764,0.063024
springer_revision_full_20260530,run_logs/20260530T210622619Z_baseline-graph-slam_p1_g0_d2_loss0p3_run05.csv,2026-05-30T21:06:22.619Z,2026-05-30T21:06:22.619Z,baseline-graph-slam_p1_g0_d2_loss0p3,5,baseline_graph_slam,1.000000,0.000000,2.000000,0.300000,1.002605,0.696779,1.889635,0.415672,0.061897
springer_revision_full_20260530,run_logs/20260530T210622619Z_baseline-graph-slam_p1_g0p25_d0p5_loss0p1_run01.csv,2026-05-30T21:06:22.619Z,2026-05-30T21:06:22.620Z,baseline-graph-slam_p1_g0p25_d0p5_loss0p1,1,baseline_graph_slam,1.000000,0.250000,0.500000,0.100000,0.657871,0.457479,1.170697,0.606033,0.048933
springer_revision_full_20260530,run_logs/20260530T210622620Z_baseline-graph-slam_p1_g0p25_d0p5_loss0p1_run02.csv,2026-05-30T21:06:22.620Z,2026-05-30T21:06:22.620Z,baseline-graph-slam_p1_g0p25_d0p5_loss0p1,2,baseline_graph_slam,1.000000,0.250000,0.500000,0.100000,0.648380,0.445158,1.152241,0.592391,0.048498
springer_revision_full_20260530,run_logs/20260530T210622620Z_baseline-graph-slam_p1_g0p25_d0p5_loss0p1_run03.csv,2026-05-30T21:06:22.620Z,2026-05-30T21:06:22.621Z,baseline-graph-slam_p1_g0p25_d0p5_loss0p1,3,baseline_graph_slam,1.000000,0.250000,0.500000,0.100000,0.654351,0.432748,1.144352,0.595696,0.048759
springer_revision_full_20260530,run_logs/20260530T210622621Z_baseline-graph-slam_p1_g0p25_d0p5_loss0p1_run04.csv,2026-05-30T21:06:22.621Z,2026-05-30T21:06:22.621Z,baseline-graph-slam_p1_g0p25_d0p5_loss0p1,4,baseline_graph_slam,1.000000,0.250000,0.500000,0.100000,0.683153,0.452085,1.168376,0.574032,0.065041
springer_revision_full_20260530,run_logs/20260530T210622621Z_baseline-graph-slam_p1_g0p25_d0p5_loss0p1_run05.csv,2026-05-30T21:06:22.621Z,2026-05-30T21:06:22.622Z,baseline-graph-slam_p1_g0p25_d0p5_loss0p1,5,baseline_graph_slam,1.000000,0.250000,0.500000,0.100000,0.628408,0.444913,1.153130,0.578019,0.047309
springer_revision_full_20260530,run_logs/20260530T210622622Z_baseline-graph-slam_p1_g0p25_d0p5_loss0p3_run01.csv,2026-05-30T21:06:22.622Z,2026-05-30T21:06:22.622Z,baseline-graph-slam_p1_g0p25_d0p5_loss0p3,1,baseline_graph_slam,1.000000,0.250000,0.500000,0.300000,0.815725,0.575890,1.347989,0.513159,0.046114
springer_revision_full_20260530,run_logs/20260530T210622622Z_baseline-graph-slam_p1_g0p25_d0p5_loss0p3_run02.csv,2026-05-30T21:06:22.622Z,2026-05-30T21:06:22.623Z,baseline-graph-slam_p1_g0p25_d0p5_loss0p3,2,baseline_graph_slam,1.000000,0.250000,0.500000,0.300000,0.838309,0.577623,1.330827,0.501678,0.050865
springer_revision_full_20260530,run_logs/20260530T210622623Z_baseline-graph-slam_p1_g0p25_d0p5_loss0p3_run03.csv,2026-05-30T21:06:22.623Z,2026-05-30T21:06:22.623Z,baseline-graph-slam_p1_g0p25_d0p5_loss0p3,3,baseline_graph_slam,1.000000,0.250000,0.500000,0.300000,0.827882,0.539807,1.344526,0.487481,0.044143
springer_revision_full_20260530,run_logs/20260530T210622623Z_baseline-graph-slam_p1_g0p25_d0p5_loss0p3_run04.csv,2026-05-30T21:06:22.623Z,2026-05-30T21:06:22.624Z,baseline-graph-slam_p1_g0p25_d0p5_loss0p3,4,baseline_graph_slam,1.000000,0.250000,0.500000,0.300000,0.823468,0.573025,1.309198,0.483580,0.052160
springer_revision_full_20260530,run_logs/20260530T210622624Z_baseline-graph-slam_p1_g0p25_d0p5_loss0p3_run05.csv,2026-05-30T21:06:22.624Z,2026-05-30T21:06:22.624Z,baseline-graph-slam_p1_g0p25_d0p5_loss0p3,5,baseline_graph_slam,1.000000,0.250000,0.500000,0.300000,0.811588,0.564549,1.335146,0.479627,0.049321
springer_revision_full_20260530,run_logs/20260530T210622624Z_baseline-graph-slam_p1_g0p25_d2_loss0p1_run01.csv,2026-05-30T21:06:22.624Z,2026-05-30T21:06:22.625Z,baseline-graph-slam_p1_g0p25_d2_loss0p1,1,baseline_graph_slam,1.000000,0.250000,2.000000,0.100000,0.847735,0.543553,1.686707,0.337764,0.036585
springer_revision_full_20260530,run_logs/20260530T210622625Z_baseline-graph-slam_p1_g0p25_d2_loss0p1_run02.csv,2026-05-30T21:06:22.625Z,2026-05-30T21:06:22.626Z,baseline-graph-slam_p1_g0p25_d2_loss0p1,2,baseline_graph_slam,1.000000,0.250000,2.000000,0.100000,0.846329,0.546093,1.656687,0.339067,0.033196
springer_revision_full_20260530,run_logs/20260530T210622626Z_baseline-graph-slam_p1_g0p25_d2_loss0p1_run03.csv,2026-05-30T21:06:22.626Z,2026-05-30T21:06:22.626Z,baseline-graph-slam_p1_g0p25_d2_loss0p1,3,baseline_graph_slam,1.000000,0.250000,2.000000,0.100000,0.839200,0.566258,1.712039,0.331152,0.034871
springer_revision_full_20260530,run_logs/20260530T210622627Z_baseline-graph-slam_p1_g0p25_d2_loss0p1_run04.csv,2026-05-30T21:06:22.627Z,2026-05-30T21:06:22.627Z,baseline-graph-slam_p1_g0p25_d2_loss0p1,4,baseline_graph_slam,1.000000,0.250000,2.000000,0.100000,0.837307,0.555935,1.682861,0.320877,0.029843
springer_revision_full_20260530,run_logs/20260530T210622627Z_baseline-graph-slam_p1_g0p25_d2_loss0p1_run05.csv,2026-05-30T21:06:22.627Z,2026-05-30T21:06:22.627Z,baseline-graph-slam_p1_g0p25_d2_loss0p1,5,baseline_graph_slam,1.000000,0.250000,2.000000,0.100000,0.808741,0.584454,1.696499,0.315572,0.033656
springer_revision_full_20260530,run_logs/20260530T210622628Z_baseline-graph-slam_p1_g0p25_d2_loss0p3_run01.csv,2026-05-30T21:06:22.628Z,2026-05-30T21:06:22.628Z,baseline-graph-slam_p1_g0p25_d2_loss0p3,1,baseline_graph_slam,1.000000,0.250000,2.000000,0.300000,0.997982,0.696741,1.890931,0.280066,0.035930
springer_revision_full_20260530,run_logs/20260530T210622628Z_baseline-graph-slam_p1_g0p25_d2_loss0p3_run02.csv,2026-05-30T21:06:22.628Z,2026-05-30T21:06:22.628Z,baseline-graph-slam_p1_g0p25_d2_loss0p3,2,baseline_graph_slam,1.000000,0.250000,2.000000,0.300000,1.010943,0.681470,1.913073,0.265502,0.033633
springer_revision_full_20260530,run_logs/20260530T210622628Z_baseline-graph-slam_p1_g0p25_d2_loss0p3_run03.csv,2026-05-30T21:06:22.628Z,2026-05-30T21:06:22.629Z,baseline-graph-slam_p1_g0p25_d2_loss0p3,3,baseline_graph_slam,1.000000,0.250000,2.000000,0.300000,0.985427,0.690731,1.907845,0.266998,0.037772
springer_revision_full_20260530,run_logs/20260530T210622629Z_baseline-graph-slam_p1_g0p25_d2_loss0p3_run04.csv,2026-05-30T21:06:22.629Z,2026-05-30T21:06:22.629Z,baseline-graph-slam_p1_g0p25_d2_loss0p3,4,baseline_graph_slam,1.000000,0.250000,2.000000,0.300000,0.972840,0.677480,1.921007,0.262592,0.037663
springer_revision_full_20260530,run_logs/20260530T210622629Z_baseline-graph-slam_p1_g0p25_d2_loss0p3_run05.csv,2026-05-30T21:06:22.629Z,2026-05-30T21:06:22.630Z,baseline-graph-slam_p1_g0p25_d2_loss0p3,5,baseline_graph_slam,1.000000,0.250000,2.000000,0.300000,0.986559,0.671998,1.894068,0.253114,0.037398
springer_revision_full_20260530,run_logs/20260530T210622630Z_baseline-graph-slam_p1_g0p5_d0p5_loss0p1_run01.csv,2026-05-30T21:06:22.630Z,2026-05-30T21:06:22.630Z,baseline-graph-slam_p1_g0p5_d0p5_loss0p1,1,baseline_graph_slam,1.000000,0.500000,0.500000,0.100000,0.654795,0.441304,1.180090,0.531373,0.049294
springer_revision_full_20260530,run_logs/20260530T210622630Z_baseline-graph-slam_p1_g0p5_d0p5_loss0p1_run02.csv,2026-05-30T21:06:22.630Z,2026-05-30T21:06:22.631Z,baseline-graph-slam_p1_g0p5_d0p5_loss0p1,2,baseline_graph_slam,1.000000,0.500000,0.500000,0.100000,0.645651,0.427123,1.177835,0.525217,0.044987
springer_revision_full_20260530,run_logs/20260530T210622631Z_baseline-graph-slam_p1_g0p5_d0p5_loss0p1_run03.csv,2026-05-30T21:06:22.631Z,2026-05-30T21:06:22.631Z,baseline-graph-slam_p1_g0p5_d0p5_loss0p1,3,baseline_graph_slam,1.000000,0.500000,0.500000,0.100000,0.661938,0.423186,1.140856,0.521356,0.045233
springer_revision_full_20260530,run_logs/20260530T210622631Z_baseline-graph-slam_p1_g0p5_d0p5_loss0p1_run04.csv,2026-05-30T21:06:22.631Z,2026-05-30T21:06:22.631Z,baseline-graph-slam_p1_g0p5_d0p5_loss0p1,4,baseline_graph_slam,1.000000,0.500000,0.500000,0.100000,0.652331,0.431037,1.194024,0.502443,0.049497
springer_revision_full_20260530,run_logs/20260530T210622632Z_baseline-graph-slam_p1_g0p5_d0p5_loss0p1_run05.csv,2026-05-30T21:06:22.632Z,2026-05-30T21:06:22.632Z,baseline-graph-slam_p1_g0p5_d0p5_loss0p1,5,baseline_graph_slam,1.000000,0.500000,0.500000,0.100000,0.679756,0.445338,1.158753,0.505257,0.051612
springer_revision_full_20260530,run_logs/20260530T210622632Z_baseline-graph-slam_p1_g0p5_d0p5_loss0p3_run01.csv,2026-05-30T21:06:22.632Z,2026-05-30T21:06:22.632Z,baseline-graph-slam_p1_g0p5_d0p5_loss0p3,1,baseline_graph_slam,1.000000,0.500000,0.500000,0.300000,0.838784,0.575527,1.337083,0.447372,0.048424
springer_revision_full_20260530,run_logs/20260530T210622633Z_baseline-graph-slam_p1_g0p5_d0p5_loss0p3_run02.csv,2026-05-30T21:06:22.633Z,2026-05-30T21:06:22.633Z,baseline-graph-slam_p1_g0p5_d0p5_loss0p3,2,baseline_graph_slam,1.000000,0.500000,0.500000,0.300000,0.813740,0.569758,1.335524,0.442594,0.045918
springer_revision_full_20260530,run_logs/20260530T210622633Z_baseline-graph-slam_p1_g0p5_d0p5_loss0p3_run03.csv,2026-05-30T21:06:22.633Z,2026-05-30T21:06:22.633Z,baseline-graph-slam_p1_g0p5_d0p5_loss0p3,3,baseline_graph_slam,1.000000,0.500000,0.500000,0.300000,0.840415,0.564796,1.370088,0.424377,0.044589
springer_revision_full_20260530,run_logs/20260530T210622633Z_baseline-graph-slam_p1_g0p5_d0p5_loss0p3_run04.csv,2026-05-30T21:06:22.633Z,2026-05-30T21:06:22.634Z,baseline-graph-slam_p1_g0p5_d0p5_loss0p3,4,baseline_graph_slam,1.000000,0.500000,0.500000,0.300000,0.814847,0.538076,1.367511,0.430932,0.048075
springer_revision_full_20260530,run_logs/20260530T210622634Z_baseline-graph-slam_p1_g0p5_d0p5_loss0p3_run05.csv,2026-05-30T21:06:22.634Z,2026-05-30T21:06:22.634Z,baseline-graph-slam_p1_g0p5_d0p5_loss0p3,5,baseline_graph_slam,1.000000,0.500000,0.500000,0.300000,0.808863,0.554356,1.352374,0.415182,0.050153
springer_revision_full_20260530,run_logs/20260530T210622634Z_baseline-graph-slam_p1_g0p5_d2_loss0p1_run01.csv,2026-05-30T21:06:22.634Z,2026-05-30T21:06:22.635Z,baseline-graph-slam_p1_g0p5_d2_loss0p1,1,baseline_graph_slam,1.000000,0.500000,2.000000,0.100000,0.826505,0.552128,1.687960,0.208328,0.021370
springer_revision_full_20260530,run_logs/20260530T210622635Z_baseline-graph-slam_p1_g0p5_d2_loss0p1_run02.csv,2026-05-30T21:06:22.635Z,2026-05-30T21:06:22.635Z,baseline-graph-slam_p1_g0p5_d2_loss0p1,2,baseline_graph_slam,1.000000,0.500000,2.000000,0.100000,0.822969,0.544247,1.700311,0.201503,0.024266
springer_revision_full_20260530,run_logs/20260530T210622635Z_baseline-graph-slam_p1_g0p5_d2_loss0p1_run03.csv,2026-05-30T21:06:22.635Z,2026-05-30T21:06:22.636Z,baseline-graph-slam_p1_g0p5_d2_loss0p1,3,baseline_graph_slam,1.000000,0.500000,2.000000,0.100000,0.850172,0.555409,1.722385,0.198522,0.026796
springer_revision_full_20260530,run_logs/20260530T210622636Z_baseline-graph-slam_p1_g0p5_d2_loss0p1_run04.csv,2026-05-30T21:06:22.636Z,2026-05-30T21:06:22.636Z,baseline-graph-slam_p1_g0p5_d2_loss0p1,4,baseline_graph_slam,1.000000,0.500000,2.000000,0.100000,0.844713,0.537703,1.716436,0.197566,0.027931
springer_revision_full_20260530,run_logs/20260530T210622636Z_baseline-graph-slam_p1_g0p5_d2_loss0p1_run05.csv,2026-05-30T21:06:22.636Z,2026-05-30T21:06:22.637Z,baseline-graph-slam_p1_g0p5_d2_loss0p1,5,baseline_graph_slam,1.000000,0.500000,2.000000,0.100000,0.841002,0.567364,1.691476,0.193712,0.022826
springer_revision_full_20260530,run_logs/20260530T210622637Z_baseline-graph-slam_p1_g0p5_d2_loss0p3_run01.csv,2026-05-30T21:06:22.637Z,2026-05-30T21:06:22.637Z,baseline-graph-slam_p1_g0p5_d2_loss0p3,1,baseline_graph_slam,1.000000,0.500000,2.000000,0.300000,1.006956,0.705253,1.869323,0.169538,0.024587
springer_revision_full_20260530,run_logs/20260530T210622637Z_baseline-graph-slam_p1_g0p5_d2_loss0p3_run02.csv,2026-05-30T21:06:22.637Z,2026-05-30T21:06:22.638Z,baseline-graph-slam_p1_g0p5_d2_loss0p3,2,baseline_graph_slam,1.000000,0.500000,2.000000,0.300000,0.997479,0.682941,1.908984,0.164350,0.024012
springer_revision_full_20260530,run_logs/20260530T210622638Z_baseline-graph-slam_p1_g0p5_d2_loss0p3_run03.csv,2026-05-30T21:06:22.638Z,2026-05-30T21:06:22.638Z,baseline-graph-slam_p1_g0p5_d2_loss0p3,3,baseline_graph_slam,1.000000,0.500000,2.000000,0.300000,1.008121,0.694731,1.863874,0.161229,0.021626
springer_revision_full_20260530,run_logs/20260530T210622638Z_baseline-graph-slam_p1_g0p5_d2_loss0p3_run04.csv,2026-05-30T21:06:22.638Z,2026-05-30T21:06:22.638Z,baseline-graph-slam_p1_g0p5_d2_loss0p3,4,baseline_graph_slam,1.000000,0.500000,2.000000,0.300000,1.003711,0.672054,1.904575,0.156742,0.022940
springer_revision_full_20260530,run_logs/20260530T210622639Z_baseline-graph-slam_p1_g0p5_d2_loss0p3_run05.csv,2026-05-30T21:06:22.639Z,2026-05-30T21:06:22.639Z,baseline-graph-slam_p1_g0p5_d2_loss0p3,5,baseline_graph_slam,1.000000,0.500000,2.000000,0.300000,1.018698,0.677649,1.919860,0.153854,0.020897
springer_revision_full_20260530,run_logs/20260530T210622639Z_baseline-graph-slam_p1_g1_d0p5_loss0p1_run01.csv,2026-05-30T21:06:22.639Z,2026-05-30T21:06:22.639Z,baseline-graph-slam_p1_g1_d0p5_loss0p1,1,baseline_graph_slam,1.000000,1.000000,0.500000,0.100000,0.636415,0.440516,1.196502,0.412483,0.050994
springer_revision_full_20260530,run_logs/20260530T210622640Z_baseline-graph-slam_p1_g1_d0p5_loss0p1_run02.csv,2026-05-30T21:06:22.640Z,2026-05-30T21:06:22.640Z,baseline-graph-slam_p1_g1_d0p5_loss0p1,2,baseline_graph_slam,1.000000,1.000000,0.500000,0.100000,0.643757,0.444555,1.177601,0.413905,0.051178
springer_revision_full_20260530,run_logs/20260530T210622640Z_baseline-graph-slam_p1_g1_d0p5_loss0p1_run03.csv,2026-05-30T21:06:22.640Z,2026-05-30T21:06:22.640Z,baseline-graph-slam_p1_g1_d0p5_loss0p1,3,baseline_graph_slam,1.000000,1.000000,0.500000,0.100000,0.640679,0.456236,1.152096,0.404768,0.050298
springer_revision_full_20260530,run_logs/20260530T210622640Z_baseline-graph-slam_p1_g1_d0p5_loss0p1_run04.csv,2026-05-30T21:06:22.640Z,2026-05-30T21:06:22.641Z,baseline-graph-slam_p1_g1_d0p5_loss0p1,4,baseline_graph_slam,1.000000,1.000000,0.500000,0.100000,0.642975,0.427252,1.181878,0.396157,0.051021
springer_revision_full_20260530,run_logs/20260530T210622641Z_baseline-graph-slam_p1_g1_d0p5_loss0p1_run05.csv,2026-05-30T21:06:22.641Z,2026-05-30T21:06:22.641Z,baseline-graph-slam_p1_g1_d0p5_loss0p1,5,baseline_graph_slam,1.000000,1.000000,0.500000,0.100000,0.658173,0.453984,1.198492,0.391386,0.048246
springer_revision_full_20260530,run_logs/20260530T210622641Z_baseline-graph-slam_p1_g1_d0p5_loss0p3_run01.csv,2026-05-30T21:06:22.641Z,2026-05-30T21:06:22.642Z,baseline-graph-slam_p1_g1_d0p5_loss0p3,1,baseline_graph_slam,1.000000,1.000000,0.500000,0.300000,0.811198,0.565256,1.330992,0.345984,0.048768
springer_revision_full_20260530,run_logs/20260530T210622642Z_baseline-graph-slam_p1_g1_d0p5_loss0p3_run02.csv,2026-05-30T21:06:22.642Z,2026-05-30T21:06:22.642Z,baseline-graph-slam_p1_g1_d0p5_loss0p3,2,baseline_graph_slam,1.000000,1.000000,0.500000,0.300000,0.841227,0.566598,1.378328,0.349512,0.037736
springer_revision_full_20260530,run_logs/20260530T210622642Z_baseline-graph-slam_p1_g1_d0p5_loss0p3_run03.csv,2026-05-30T21:06:22.642Z,2026-05-30T21:06:22.643Z,baseline-graph-slam_p1_g1_d0p5_loss0p3,3,baseline_graph_slam,1.000000,1.000000,0.500000,0.300000,0.857788,0.566097,1.358807,0.328530,0.046560
springer_revision_full_20260530,run_logs/20260530T210622643Z_baseline-graph-slam_p1_g1_d0p5_loss0p3_run04.csv,2026-05-30T21:06:22.643Z,2026-05-30T21:06:22.643Z,baseline-graph-slam_p1_g1_d0p5_loss0p3,4,baseline_graph_slam,1.000000,1.000000,0.500000,0.300000,0.831609,0.567433,1.361015,0.331454,0.047429
springer_revision_full_20260530,run_logs/20260530T210622643Z_baseline-graph-slam_p1_g1_d0p5_loss0p3_run05.csv,2026-05-30T21:06:22.643Z,2026-05-30T21:06:22.643Z,baseline-graph-slam_p1_g1_d0p5_loss0p3,5,baseline_graph_slam,1.000000,1.000000,0.500000,0.300000,0.812928,0.567011,1.355396,0.332058,0.049800
springer_revision_full_20260530,run_logs/20260530T210622644Z_baseline-graph-slam_p1_g1_d2_loss0p1_run01.csv,2026-05-30T21:06:22.644Z,2026-05-30T21:06:22.644Z,baseline-graph-slam_p1_g1_d2_loss0p1,1,baseline_graph_slam,1.000000,1.000000,2.000000,0.100000,0.817377,0.562717,1.720549,0.076529,0.011818
springer_revision_full_20260530,run_logs/20260530T210622644Z_baseline-graph-slam_p1_g1_d2_loss0p1_run02.csv,2026-05-30T21:06:22.644Z,2026-05-30T21:06:22.644Z,baseline-graph-slam_p1_g1_d2_loss0p1,2,baseline_graph_slam,1.000000,1.000000,2.000000,0.100000,0.842811,0.558258,1.684805,0.073720,0.011468
springer_revision_full_20260530,run_logs/20260530T210622644Z_baseline-graph-slam_p1_g1_d2_loss0p1_run03.csv,2026-05-30T21:06:22.644Z,2026-05-30T21:06:22.645Z,baseline-graph-slam_p1_g1_d2_loss0p1,3,baseline_graph_slam,1.000000,1.000000,2.000000,0.100000,0.848889,0.574169,1.745956,0.074886,0.013990
springer_revision_full_20260530,run_logs/20260530T210622645Z_baseline-graph-slam_p1_g1_d2_loss0p1_run04.csv,2026-05-30T21:06:22.645Z,2026-05-30T21:06:22.645Z,baseline-graph-slam_p1_g1_d2_loss0p1,4,baseline_graph_slam,1.000000,1.000000,2.000000,0.100000,0.812548,0.571152,1.702451,0.076031,0.011756
springer_revision_full_20260530,run_logs/20260530T210622645Z_baseline-graph-slam_p1_g1_d2_loss0p1_run05.csv,2026-05-30T21:06:22.645Z,2026-05-30T21:06:22.646Z,baseline-graph-slam_p1_g1_d2_loss0p1,5,baseline_graph_slam,1.000000,1.000000,2.000000,0.100000,0.830618,0.572116,1.746798,0.072608,0.012007
springer_revision_full_20260530,run_logs/20260530T210622646Z_baseline-graph-slam_p1_g1_d2_loss0p3_run01.csv,2026-05-30T21:06:22.646Z,2026-05-30T21:06:22.646Z,baseline-graph-slam_p1_g1_d2_loss0p3,1,baseline_graph_slam,1.000000,1.000000,2.000000,0.300000,0.985396,0.681196,1.942058,0.061971,0.011576
springer_revision_full_20260530,run_logs/20260530T210622646Z_baseline-graph-slam_p1_g1_d2_loss0p3_run02.csv,2026-05-30T21:06:22.646Z,2026-05-30T21:06:22.647Z,baseline-graph-slam_p1_g1_d2_loss0p3,2,baseline_graph_slam,1.000000,1.000000,2.000000,0.300000,1.027619,0.700287,1.889046,0.062161,0.012007
springer_revision_full_20260530,run_logs/20260530T210622647Z_baseline-graph-slam_p1_g1_d2_loss0p3_run03.csv,2026-05-30T21:06:22.647Z,2026-05-30T21:06:22.647Z,baseline-graph-slam_p1_g1_d2_loss0p3,3,baseline_graph_slam,1.000000,1.000000,2.000000,0.300000,1.001452,0.690793,1.886258,0.058577,0.010023
springer_revision_full_20260530,run_logs/20260530T210622647Z_baseline-graph-slam_p1_g1_d2_loss0p3_run04.csv,2026-05-30T21:06:22.647Z,2026-05-30T21:06:22.648Z,baseline-graph-slam_p1_g1_d2_loss0p3,4,baseline_graph_slam,1.000000,1.000000,2.000000,0.300000,0.979379,0.697745,1.903100,0.058083,0.009590
springer_revision_full_20260530,run_logs/20260530T210622648Z_baseline-graph-slam_p1_g1_d2_loss0p3_run05.csv,2026-05-30T21:06:22.648Z,2026-05-30T21:06:22.648Z,baseline-graph-slam_p1_g1_d2_loss0p3,5,baseline_graph_slam,1.000000,1.000000,2.000000,0.300000,1.000918,0.691339,1.895834,0.057011,0.010228
springer_revision_full_20260530,run_logs/20260530T210622648Z_baseline-graph-slam_p2_g0_d0p5_loss0p1_run01.csv,2026-05-30T21:06:22.648Z,2026-05-30T21:06:22.649Z,baseline-graph-slam_p2_g0_d0p5_loss0p1,1,baseline_graph_slam,2.000000,0.000000,0.500000,0.100000,0.615875,0.440414,1.157967,0.900249,0.036859
springer_revision_full_20260530,run_logs/20260530T210622649Z_baseline-graph-slam_p2_g0_d0p5_loss0p1_run02.csv,2026-05-30T21:06:22.649Z,2026-05-30T21:06:22.649Z,baseline-graph-slam_p2_g0_d0p5_loss0p1,2,baseline_graph_slam,2.000000,0.000000,0.500000,0.100000,0.658532,0.446855,1.136728,0.891328,0.044538
springer_revision_full_20260530,run_logs/20260530T210622649Z_baseline-graph-slam_p2_g0_d0p5_loss0p1_run03.csv,2026-05-30T21:06:22.649Z,2026-05-30T21:06:22.649Z,baseline-graph-slam_p2_g0_d0p5_loss0p1,3,baseline_graph_slam,2.000000,0.000000,0.500000,0.100000,0.681598,0.448277,1.150773,0.890280,0.034206
springer_revision_full_20260530,run_logs/20260530T210622650Z_baseline-graph-slam_p2_g0_d0p5_loss0p1_run04.csv,2026-05-30T21:06:22.650Z,2026-05-30T21:06:22.650Z,baseline-graph-slam_p2_g0_d0p5_loss0p1,4,baseline_graph_slam,2.000000,0.000000,0.500000,0.100000,0.661313,0.441258,1.150622,0.877920,0.038747
springer_revision_full_20260530,run_logs/20260530T210622650Z_baseline-graph-slam_p2_g0_d0p5_loss0p1_run05.csv,2026-05-30T21:06:22.650Z,2026-05-30T21:06:22.650Z,baseline-graph-slam_p2_g0_d0p5_loss0p1,5,baseline_graph_slam,2.000000,0.000000,0.500000,0.100000,0.676794,0.434172,1.170688,0.878310,0.042913
springer_revision_full_20260530,run_logs/20260530T210622650Z_baseline-graph-slam_p2_g0_d0p5_loss0p3_run01.csv,2026-05-30T21:06:22.650Z,2026-05-30T21:06:22.651Z,baseline-graph-slam_p2_g0_d0p5_loss0p3,1,baseline_graph_slam,2.000000,0.000000,0.500000,0.300000,0.816312,0.558777,1.345778,0.821501,0.044875
springer_revision_full_20260530,run_logs/20260530T210622651Z_baseline-graph-slam_p2_g0_d0p5_loss0p3_run02.csv,2026-05-30T21:06:22.651Z,2026-05-30T21:06:22.651Z,baseline-graph-slam_p2_g0_d0p5_loss0p3,2,baseline_graph_slam,2.000000,0.000000,0.500000,0.300000,0.827293,0.557616,1.329610,0.812977,0.052348
springer_revision_full_20260530,run_logs/20260530T210622651Z_baseline-graph-slam_p2_g0_d0p5_loss0p3_run03.csv,2026-05-30T21:06:22.651Z,2026-05-30T21:06:22.652Z,baseline-graph-slam_p2_g0_d0p5_loss0p3,3,baseline_graph_slam,2.000000,0.000000,0.500000,0.300000,0.831453,0.578390,1.350432,0.798689,0.053617
springer_revision_full_20260530,run_logs/20260530T210622652Z_baseline-graph-slam_p2_g0_d0p5_loss0p3_run04.csv,2026-05-30T21:06:22.652Z,2026-05-30T21:06:22.652Z,baseline-graph-slam_p2_g0_d0p5_loss0p3,4,baseline_graph_slam,2.000000,0.000000,0.500000,0.300000,0.818711,0.565827,1.296670,0.789255,0.057631
springer_revision_full_20260530,run_logs/20260530T210622652Z_baseline-graph-slam_p2_g0_d0p5_loss0p3_run05.csv,2026-05-30T21:06:22.652Z,2026-05-30T21:06:22.653Z,baseline-graph-slam_p2_g0_d0p5_loss0p3,5,baseline_graph_slam,2.000000,0.000000,0.500000,0.300000,0.797799,0.555867,1.316076,0.789157,0.057127
springer_revision_full_20260530,run_logs/20260530T210622653Z_baseline-graph-slam_p2_g0_d2_loss0p1_run01.csv,2026-05-30T21:06:22.653Z,2026-05-30T21:06:22.653Z,baseline-graph-slam_p2_g0_d2_loss0p1,1,baseline_graph_slam,2.000000,0.000000,2.000000,0.100000,0.830720,0.554224,1.674557,0.800317,0.036404
springer_revision_full_20260530,run_logs/20260530T210622653Z_baseline-graph-slam_p2_g0_d2_loss0p1_run02.csv,2026-05-30T21:06:22.653Z,2026-05-30T21:06:22.654Z,baseline-graph-slam_p2_g0_d2_loss0p1,2,baseline_graph_slam,2.000000,0.000000,2.000000,0.100000,0.806548,0.570640,1.678207,0.806716,0.047087
springer_revision_full_20260530,run_logs/20260530T210622654Z_baseline-graph-slam_p2_g0_d2_loss0p1_run03.csv,2026-05-30T21:06:22.654Z,2026-05-30T21:06:22.654Z,baseline-graph-slam_p2_g0_d2_loss0p1,3,baseline_graph_slam,2.000000,0.000000,2.000000,0.100000,0.853609,0.560130,1.714410,0.799548,0.047639
springer_revision_full_20260530,run_logs/20260530T210622654Z_baseline-graph-slam_p2_g0_d2_loss0p1_run04.csv,2026-05-30T21:06:22.654Z,2026-05-30T21:06:22.655Z,baseline-graph-slam_p2_g0_d2_loss0p1,4,baseline_graph_slam,2.000000,0.000000,2.000000,0.100000,0.825803,0.562811,1.707392,0.776963,0.055069
springer_revision_full_20260530,run_logs/20260530T210622655Z_baseline-graph-slam_p2_g0_d2_loss0p1_run05.csv,2026-05-30T21:06:22.655Z,2026-05-30T21:06:22.655Z,baseline-graph-slam_p2_g0_d2_loss0p1,5,baseline_graph_slam,2.000000,0.000000,2.000000,0.100000,0.838866,0.566255,1.660108,0.770128,0.062588
springer_revision_full_20260530,run_logs/20260530T210622655Z_baseline-graph-slam_p2_g0_d2_loss0p3_run01.csv,2026-05-30T21:06:22.655Z,2026-05-30T21:06:22.655Z,baseline-graph-slam_p2_g0_d2_loss0p3,1,baseline_graph_slam,2.000000,0.000000,2.000000,0.300000,1.002120,0.680551,1.879500,0.697745,0.065088
springer_revision_full_20260530,run_logs/20260530T210622656Z_baseline-graph-slam_p2_g0_d2_loss0p3_run02.csv,2026-05-30T21:06:22.656Z,2026-05-30T21:06:22.656Z,baseline-graph-slam_p2_g0_d2_loss0p3,2,baseline_graph_slam,2.000000,0.000000,2.000000,0.300000,1.017702,0.695047,1.861128,0.697391,0.063000
springer_revision_full_20260530,run_logs/20260530T210622656Z_baseline-graph-slam_p2_g0_d2_loss0p3_run03.csv,2026-05-30T21:06:22.656Z,2026-05-30T21:06:22.656Z,baseline-graph-slam_p2_g0_d2_loss0p3,3,baseline_graph_slam,2.000000,0.000000,2.000000,0.300000,0.994828,0.675944,1.907339,0.683364,0.062161
springer_revision_full_20260530,run_logs/20260530T210622657Z_baseline-graph-slam_p2_g0_d2_loss0p3_run04.csv,2026-05-30T21:06:22.657Z,2026-05-30T21:06:22.657Z,baseline-graph-slam_p2_g0_d2_loss0p3,4,baseline_graph_slam,2.000000,0.000000,2.000000,0.300000,0.997923,0.692446,1.874857,0.674056,0.058230
springer_revision_full_20260530,run_logs/20260530T210622657Z_baseline-graph-slam_p2_g0_d2_loss0p3_run05.csv,2026-05-30T21:06:22.657Z,2026-05-30T21:06:22.657Z,baseline-graph-slam_p2_g0_d2_loss0p3,5,baseline_graph_slam,2.000000,0.000000,2.000000,0.300000,1.009823,0.675330,1.876996,0.653604,0.057695
springer_revision_full_20260530,run_logs/20260530T210622657Z_baseline-graph-slam_p2_g0p25_d0p5_loss0p1_run01.csv,2026-05-30T21:06:22.657Z,2026-05-30T21:06:22.658Z,baseline-graph-slam_p2_g0p25_d0p5_loss0p1,1,baseline_graph_slam,2.000000,0.250000,0.500000,0.100000,0.657289,0.421587,1.145984,0.793915,0.041466
springer_revision_full_20260530,run_logs/20260530T210622658Z_baseline-graph-slam_p2_g0p25_d0p5_loss0p1_run02.csv,2026-05-30T21:06:22.658Z,2026-05-30T21:06:22.658Z,baseline-graph-slam_p2_g0p25_d0p5_loss0p1,2,baseline_graph_slam,2.000000,0.250000,0.500000,0.100000,0.654136,0.448135,1.161099,0.788600,0.035282
springer_revision_full_20260530,run_logs/20260530T210622658Z_baseline-graph-slam_p2_g0p25_d0p5_loss0p1_run03.csv,2026-05-30T21:06:22.658Z,2026-05-30T21:06:22.659Z,baseline-graph-slam_p2_g0p25_d0p5_loss0p1,3,baseline_graph_slam,2.000000,0.250000,0.500000,0.100000,0.630759,0.446036,1.174061,0.787703,0.038871
springer_revision_full_20260530,run_logs/20260530T210622659Z_baseline-graph-slam_p2_g0p25_d0p5_loss0p1_run04.csv,2026-05-30T21:06:22.659Z,2026-05-30T21:06:22.659Z,baseline-graph-slam_p2_g0p25_d0p5_loss0p1,4,baseline_graph_slam,2.000000,0.250000,0.500000,0.100000,0.667041,0.440782,1.158699,0.783637,0.033186
springer_revision_full_20260530,run_logs/20260530T210622659Z_baseline-graph-slam_p2_g0p25_d0p5_loss0p1_run05.csv,2026-05-30T21:06:22.659Z,2026-05-30T21:06:22.660Z,baseline-graph-slam_p2_g0p25_d0p5_loss0p1,5,baseline_graph_slam,2.000000,0.250000,0.500000,0.100000,0.684703,0.443026,1.162650,0.768555,0.040617
springer_revision_full_20260530,run_logs/20260530T210622660Z_baseline-graph-slam_p2_g0p25_d0p5_loss0p3_run01.csv,2026-05-30T21:06:22.660Z,2026-05-30T21:06:22.660Z,baseline-graph-slam_p2_g0p25_d0p5_loss0p3,1,baseline_graph_slam,2.000000,0.250000,0.500000,0.300000,0.837770,0.587273,1.345386,0.718795,0.037078
springer_revision_full_20260530,run_logs/20260530T210622660Z_baseline-graph-slam_p2_g0p25_d0p5_loss0p3_run02.csv,2026-05-30T21:06:22.660Z,2026-05-30T21:06:22.661Z,baseline-graph-slam_p2_g0p25_d0p5_loss0p3,2,baseline_graph_slam,2.000000,0.250000,0.500000,0.300000,0.839852,0.583776,1.331288,0.706291,0.046558
springer_revision_full_20260530,run_logs/20260530T210622661Z_baseline-graph-slam_p2_g0p25_d0p5_loss0p3_run03.csv,2026-05-30T21:06:22.661Z,2026-05-30T21:06:22.661Z,baseline-graph-slam_p2_g0p25_d0p5_loss0p3,3,baseline_graph_slam,2.000000,0.250000,0.500000,0.300000,0.830192,0.581757,1.359155,0.702841,0.045390
springer_revision_full_20260530,run_logs/20260530T210622661Z_baseline-graph-slam_p2_g0p25_d0p5_loss0p3_run04.csv,2026-05-30T21:06:22.661Z,2026-05-30T21:06:22.662Z,baseline-graph-slam_p2_g0p25_d0p5_loss0p3,4,baseline_graph_slam,2.000000,0.250000,0.500000,0.300000,0.860200,0.564198,1.306770,0.693587,0.050939
springer_revision_full_20260530,run_logs/20260530T210622662Z_baseline-graph-slam_p2_g0p25_d0p5_loss0p3_run05.csv,2026-05-30T21:06:22.662Z,2026-05-30T21:06:22.662Z,baseline-graph-slam_p2_g0p25_d0p5_loss0p3,5,baseline_graph_slam,2.000000,0.250000,0.500000,0.300000,0.813322,0.577679,1.356609,0.693680,0.043162
springer_revision_full_20260530,run_logs/20260530T210622662Z_baseline-graph-slam_p2_g0p25_d2_loss0p1_run01.csv,2026-05-30T21:06:22.662Z,2026-05-30T21:06:22.663Z,baseline-graph-slam_p2_g0p25_d2_loss0p1,1,baseline_graph_slam,2.000000,0.250000,2.000000,0.100000,0.843334,0.547856,1.700715,0.488486,0.031249
springer_revision_full_20260530,run_logs/20260530T210622663Z_baseline-graph-slam_p2_g0p25_d2_loss0p1_run02.csv,2026-05-30T21:06:22.663Z,2026-05-30T21:06:22.663Z,baseline-graph-slam_p2_g0p25_d2_loss0p1,2,baseline_graph_slam,2.000000,0.250000,2.000000,0.100000,0.850526,0.569210,1.709312,0.482381,0.033294
springer_revision_full_20260530,run_logs/20260530T210622663Z_baseline-graph-slam_p2_g0p25_d2_loss0p1_run03.csv,2026-05-30T21:06:22.663Z,2026-05-30T21:06:22.663Z,baseline-graph-slam_p2_g0p25_d2_loss0p1,3,baseline_graph_slam,2.000000,0.250000,2.000000,0.100000,0.845603,0.549124,1.731551,0.479548,0.037425
springer_revision_full_20260530,run_logs/20260530T210622664Z_baseline-graph-slam_p2_g0p25_d2_loss0p1_run04.csv,2026-05-30T21:06:22.664Z,2026-05-30T21:06:22.664Z,baseline-graph-slam_p2_g0p25_d2_loss0p1,4,baseline_graph_slam,2.000000,0.250000,2.000000,0.100000,0.855307,0.556872,1.715130,0.477934,0.035143
springer_revision_full_20260530,run_logs/20260530T210622664Z_baseline-graph-slam_p2_g0p25_d2_loss0p1_run05.csv,2026-05-30T21:06:22.664Z,2026-05-30T21:06:22.664Z,baseline-graph-slam_p2_g0p25_d2_loss0p1,5,baseline_graph_slam,2.000000,0.250000,2.000000,0.100000,0.824013,0.573409,1.694767,0.476439,0.036110
springer_revision_full_20260530,run_logs/20260530T210622664Z_baseline-graph-slam_p2_g0p25_d2_loss0p3_run01.csv,2026-05-30T21:06:22.664Z,2026-05-30T21:06:22.665Z,baseline-graph-slam_p2_g0p25_d2_loss0p3,1,baseline_graph_slam,2.000000,0.250000,2.000000,0.300000,1.007886,0.691721,1.869243,0.413823,0.044106
springer_revision_full_20260530,run_logs/20260530T210622665Z_baseline-graph-slam_p2_g0p25_d2_loss0p3_run02.csv,2026-05-30T21:06:22.665Z,2026-05-30T21:06:22.665Z,baseline-graph-slam_p2_g0p25_d2_loss0p3,2,baseline_graph_slam,2.000000,0.250000,2.000000,0.300000,1.000894,0.657993,1.868200,0.419356,0.036428
springer_revision_full_20260530,run_logs/20260530T210622665Z_baseline-graph-slam_p2_g0p25_d2_loss0p3_run03.csv,2026-05-30T21:06:22.665Z,2026-05-30T21:06:22.666Z,baseline-graph-slam_p2_g0p25_d2_loss0p3,3,baseline_graph_slam,2.000000,0.250000,2.000000,0.300000,1.021782,0.683196,1.870696,0.412300,0.039146
springer_revision_full_20260530,run_logs/20260530T210622666Z_baseline-graph-slam_p2_g0p25_d2_loss0p3_run04.csv,2026-05-30T21:06:22.666Z,2026-05-30T21:06:22.666Z,baseline-graph-slam_p2_g0p25_d2_loss0p3,4,baseline_graph_slam,2.000000,0.250000,2.000000,0.300000,1.013029,0.690169,1.899379,0.405079,0.042255
springer_revision_full_20260530,run_logs/20260530T210622666Z_baseline-graph-slam_p2_g0p25_d2_loss0p3_run05.csv,2026-05-30T21:06:22.666Z,2026-05-30T21:06:22.667Z,baseline-graph-slam_p2_g0p25_d2_loss0p3,5,baseline_graph_slam,2.000000,0.250000,2.000000,0.300000,0.987298,0.692885,1.887040,0.395150,0.044747
springer_revision_full_20260530,run_logs/20260530T210622667Z_baseline-graph-slam_p2_g0p5_d0p5_loss0p1_run01.csv,2026-05-30T21:06:22.667Z,2026-05-30T21:06:22.667Z,baseline-graph-slam_p2_g0p5_d0p5_loss0p1,1,baseline_graph_slam,2.000000,0.500000,0.500000,0.100000,0.660330,0.442472,1.145258,0.700912,0.044270
springer_revision_full_20260530,run_logs/20260530T210622667Z_baseline-graph-slam_p2_g0p5_d0p5_loss0p1_run02.csv,2026-05-30T21:06:22.667Z,2026-05-30T21:06:22.668Z,baseline-graph-slam_p2_g0p5_d0p5_loss0p1,2,baseline_graph_slam,2.000000,0.500000,0.500000,0.100000,0.669239,0.453760,1.167130,0.700626,0.037224
springer_revision_full_20260530,run_logs/20260530T210622668Z_baseline-graph-slam_p2_g0p5_d0p5_loss0p1_run03.csv,2026-05-30T21:06:22.668Z,2026-05-30T21:06:22.668Z,baseline-graph-slam_p2_g0p5_d0p5_loss0p1,3,baseline_graph_slam,2.000000,0.500000,0.500000,0.100000,0.644637,0.443967,1.182079,0.689153,0.032363
springer_revision_full_20260530,run_logs/20260530T210622668Z_baseline-graph-slam_p2_g0p5_d0p5_loss0p1_run04.csv,2026-05-30T21:06:22.668Z,2026-05-30T21:06:22.668Z,baseline-graph-slam_p2_g0p5_d0p5_loss0p1,4,baseline_graph_slam,2.000000,0.500000,0.500000,0.100000,0.658243,0.450593,1.175552,0.682378,0.045555
springer_revision_full_20260530,run_logs/20260530T210622669Z_baseline-graph-slam_p2_g0p5_d0p5_loss0p1_run05.csv,2026-05-30T21:06:22.669Z,2026-05-30T21:06:22.669Z,baseline-graph-slam_p2_g0p5_d0p5_loss0p1,5,baseline_graph_slam,2.000000,0.500000,0.500000,0.100000,0.676448,0.418708,1.130185,0.683945,0.041962
springer_revision_full_20260530,run_logs/20260530T210622669Z_baseline-graph-slam_p2_g0p5_d0p5_loss0p3_run01.csv,2026-05-30T21:06:22.669Z,2026-05-30T21:06:22.669Z,baseline-graph-slam_p2_g0p5_d0p5_loss0p3,1,baseline_graph_slam,2.000000,0.500000,0.500000,0.300000,0.842931,0.558043,1.326401,0.638934,0.045113
springer_revision_full_20260530,run_logs/20260530T210622669Z_baseline-graph-slam_p2_g0p5_d0p5_loss0p3_run02.csv,2026-05-30T21:06:22.669Z,2026-05-30T21:06:22.670Z,baseline-graph-slam_p2_g0p5_d0p5_loss0p3,2,baseline_graph_slam,2.000000,0.500000,0.500000,0.300000,0.822562,0.564079,1.376351,0.625334,0.040085
springer_revision_full_20260530,run_logs/20260530T210622670Z_baseline-graph-slam_p2_g0p5_d0p5_loss0p3_run03.csv,2026-05-30T21:06:22.670Z,2026-05-30T21:06:22.670Z,baseline-graph-slam_p2_g0p5_d0p5_loss0p3,3,baseline_graph_slam,2.000000,0.500000,0.500000,0.300000,0.833081,0.584880,1.366279,0.618570,0.050182
springer_revision_full_20260530,run_logs/20260530T210622670Z_baseline-graph-slam_p2_g0p5_d0p5_loss0p3_run04.csv,2026-05-30T21:06:22.670Z,2026-05-30T21:06:22.671Z,baseline-graph-slam_p2_g0p5_d0p5_loss0p3,4,baseline_graph_slam,2.000000,0.500000,0.500000,0.300000,0.841696,0.567739,1.354130,0.613108,0.053765
springer_revision_full_20260530,run_logs/20260530T210622671Z_baseline-graph-slam_p2_g0p5_d0p5_loss0p3_run05.csv,2026-05-30T21:06:22.671Z,2026-05-30T21:06:22.671Z,baseline-graph-slam_p2_g0p5_d0p5_loss0p3,5,baseline_graph_slam,2.000000,0.500000,0.500000,0.300000,0.806438,0.555273,1.317500,0.612013,0.058283
springer_revision_full_20260530,run_logs/20260530T210622671Z_baseline-graph-slam_p2_g0p5_d2_loss0p1_run01.csv,2026-05-30T21:06:22.671Z,2026-05-30T21:06:22.672Z,baseline-graph-slam_p2_g0p5_d2_loss0p1,1,baseline_graph_slam,2.000000,0.500000,2.000000,0.100000,0.826502,0.556942,1.721444,0.296452,0.024869
springer_revision_full_20260530,run_logs/20260530T210622672Z_baseline-graph-slam_p2_g0p5_d2_loss0p1_run02.csv,2026-05-30T21:06:22.672Z,2026-05-30T21:06:22.672Z,baseline-graph-slam_p2_g0p5_d2_loss0p1,2,baseline_graph_slam,2.000000,0.500000,2.000000,0.100000,0.837439,0.542941,1.700692,0.296913,0.024003
springer_revision_full_20260530,run_logs/20260530T210622672Z_baseline-graph-slam_p2_g0p5_d2_loss0p1_run03.csv,2026-05-30T21:06:22.672Z,2026-05-30T21:06:22.673Z,baseline-graph-slam_p2_g0p5_d2_loss0p1,3,baseline_graph_slam,2.000000,0.500000,2.000000,0.100000,0.825828,0.564082,1.707495,0.288992,0.023351
springer_revision_full_20260530,run_logs/20260530T210622673Z_baseline-graph-slam_p2_g0p5_d2_loss0p1_run04.csv,2026-05-30T21:06:22.673Z,2026-05-30T21:06:22.673Z,baseline-graph-slam_p2_g0p5_d2_loss0p1,4,baseline_graph_slam,2.000000,0.500000,2.000000,0.100000,0.817219,0.564006,1.713436,0.284808,0.030685
springer_revision_full_20260530,run_logs/20260530T210622673Z_baseline-graph-slam_p2_g0p5_d2_loss0p1_run05.csv,2026-05-30T21:06:22.673Z,2026-05-30T21:06:22.673Z,baseline-graph-slam_p2_g0p5_d2_loss0p1,5,baseline_graph_slam,2.000000,0.500000,2.000000,0.100000,0.834577,0.563382,1.696230,0.281266,0.025880
springer_revision_full_20260530,run_logs/20260530T210622674Z_baseline-graph-slam_p2_g0p5_d2_loss0p3_run01.csv,2026-05-30T21:06:22.674Z,2026-05-30T21:06:22.674Z,baseline-graph-slam_p2_g0p5_d2_loss0p3,1,baseline_graph_slam,2.000000,0.500000,2.000000,0.300000,1.009711,0.689486,1.921096,0.259478,0.029090
springer_revision_full_20260530,run_logs/20260530T210622674Z_baseline-graph-slam_p2_g0p5_d2_loss0p3_run02.csv,2026-05-30T21:06:22.674Z,2026-05-30T21:06:22.674Z,baseline-graph-slam_p2_g0p5_d2_loss0p3,2,baseline_graph_slam,2.000000,0.500000,2.000000,0.300000,1.017129,0.684005,1.857135,0.254524,0.024514
springer_revision_full_20260530,run_logs/20260530T210622674Z_baseline-graph-slam_p2_g0p5_d2_loss0p3_run03.csv,2026-05-30T21:06:22.674Z,2026-05-30T21:06:22.675Z,baseline-graph-slam_p2_g0p5_d2_loss0p3,3,baseline_graph_slam,2.000000,0.500000,2.000000,0.300000,1.003915,0.694436,1.917494,0.251071,0.030919
springer_revision_full_20260530,run_logs/20260530T210622675Z_baseline-graph-slam_p2_g0p5_d2_loss0p3_run04.csv,2026-05-30T21:06:22.675Z,2026-05-30T21:06:22.675Z,baseline-graph-slam_p2_g0p5_d2_loss0p3,4,baseline_graph_slam,2.000000,0.500000,2.000000,0.300000,0.980610,0.666149,1.880938,0.243582,0.021966
springer_revision_full_20260530,run_logs/20260530T210622675Z_baseline-graph-slam_p2_g0p5_d2_loss0p3_run05.csv,2026-05-30T21:06:22.675Z,2026-05-30T21:06:22.676Z,baseline-graph-slam_p2_g0p5_d2_loss0p3,5,baseline_graph_slam,2.000000,0.500000,2.000000,0.300000,1.007202,0.695312,1.909333,0.236942,0.030236
springer_revision_full_20260530,run_logs/20260530T210622676Z_baseline-graph-slam_p2_g1_d0p5_loss0p1_run01.csv,2026-05-30T21:06:22.676Z,2026-05-30T21:06:22.676Z,baseline-graph-slam_p2_g1_d0p5_loss0p1,1,baseline_graph_slam,2.000000,1.000000,0.500000,0.100000,0.626942,0.437345,1.167061,0.550064,0.052115
springer_revision_full_20260530,run_logs/20260530T210622676Z_baseline-graph-slam_p2_g1_d0p5_loss0p1_run02.csv,2026-05-30T21:06:22.676Z,2026-05-30T21:06:22.677Z,baseline-graph-slam_p2_g1_d0p5_loss0p1,2,baseline_graph_slam,2.000000,1.000000,0.500000,0.100000,0.653860,0.424265,1.148823,0.545206,0.050280
springer_revision_full_20260530,run_logs/20260530T210622677Z_baseline-graph-slam_p2_g1_d0p5_loss0p1_run03.csv,2026-05-30T21:06:22.677Z,2026-05-30T21:06:22.677Z,baseline-graph-slam_p2_g1_d0p5_loss0p1,3,baseline_graph_slam,2.000000,1.000000,0.500000,0.100000,0.645721,0.443640,1.156398,0.535328,0.050312
springer_revision_full_20260530,run_logs/20260530T210622677Z_baseline-graph-slam_p2_g1_d0p5_loss0p1_run04.csv,2026-05-30T21:06:22.677Z,2026-05-30T21:06:22.677Z,baseline-graph-slam_p2_g1_d0p5_loss0p1,4,baseline_graph_slam,2.000000,1.000000,0.500000,0.100000,0.651704,0.445310,1.132998,0.536196,0.056827
springer_revision_full_20260530,run_logs/20260530T210622678Z_baseline-graph-slam_p2_g1_d0p5_loss0p1_run05.csv,2026-05-30T21:06:22.678Z,2026-05-30T21:06:22.678Z,baseline-graph-slam_p2_g1_d0p5_loss0p1,5,baseline_graph_slam,2.000000,1.000000,0.500000,0.100000,0.641529,0.423498,1.166998,0.536837,0.054650
springer_revision_full_20260530,run_logs/20260530T210622678Z_baseline-graph-slam_p2_g1_d0p5_loss0p3_run01.csv,2026-05-30T21:06:22.678Z,2026-05-30T21:06:22.678Z,baseline-graph-slam_p2_g1_d0p5_loss0p3,1,baseline_graph_slam,2.000000,1.000000,0.500000,0.300000,0.831120,0.559483,1.338230,0.514328,0.051550
springer_revision_full_20260530,run_logs/20260530T210622678Z_baseline-graph-slam_p2_g1_d0p5_loss0p3_run02.csv,2026-05-30T21:06:22.678Z,2026-05-30T21:06:22.679Z,baseline-graph-slam_p2_g1_d0p5_loss0p3,2,baseline_graph_slam,2.000000,1.000000,0.500000,0.300000,0.820281,0.569528,1.384908,0.498349,0.056447
springer_revision_full_20260530,run_logs/20260530T210622679Z_baseline-graph-slam_p2_g1_d0p5_loss0p3_run03.csv,2026-05-30T21:06:22.679Z,2026-05-30T21:06:22.679Z,baseline-graph-slam_p2_g1_d0p5_loss0p3,3,baseline_graph_slam,2.000000,1.000000,0.500000,0.300000,0.843079,0.569443,1.342902,0.476320,0.047593
springer_revision_full_20260530,run_logs/20260530T210622679Z_baseline-graph-slam_p2_g1_d0p5_loss0p3_run04.csv,2026-05-30T21:06:22.679Z,2026-05-30T21:06:22.680Z,baseline-graph-slam_p2_g1_d0p5_loss0p3,4,baseline_graph_slam,2.000000,1.000000,0.500000,0.300000,0.829974,0.565457,1.349370,0.478401,0.058269
springer_revision_full_20260530,run_logs/20260530T210622680Z_baseline-graph-slam_p2_g1_d0p5_loss0p3_run05.csv,2026-05-30T21:06:22.680Z,2026-05-30T21:06:22.680Z,baseline-graph-slam_p2_g1_d0p5_loss0p3,5,baseline_graph_slam,2.000000,1.000000,0.500000,0.300000,0.833773,0.560905,1.341486,0.478414,0.055528
springer_revision_full_20260530,run_logs/20260530T210622680Z_baseline-graph-slam_p2_g1_d2_loss0p1_run01.csv,2026-05-30T21:06:22.680Z,2026-05-30T21:06:22.681Z,baseline-graph-slam_p2_g1_d2_loss0p1,1,baseline_graph_slam,2.000000,1.000000,2.000000,0.100000,0.843672,0.553938,1.684882,0.110962,0.016333
springer_revision_full_20260530,run_logs/20260530T210622681Z_baseline-graph-slam_p2_g1_d2_loss0p1_run02.csv,2026-05-30T21:06:22.681Z,2026-05-30T21:06:22.681Z,baseline-graph-slam_p2_g1_d2_loss0p1,2,baseline_graph_slam,2.000000,1.000000,2.000000,0.100000,0.812375,0.563749,1.697448,0.105373,0.016206
springer_revision_full_20260530,run_logs/20260530T210622681Z_baseline-graph-slam_p2_g1_d2_loss0p1_run03.csv,2026-05-30T21:06:22.681Z,2026-05-30T21:06:22.682Z,baseline-graph-slam_p2_g1_d2_loss0p1,3,baseline_graph_slam,2.000000,1.000000,2.000000,0.100000,0.848145,0.575604,1.714611,0.108535,0.020298
springer_revision_full_20260530,run_logs/20260530T210622682Z_baseline-graph-slam_p2_g1_d2_loss0p1_run04.csv,2026-05-30T21:06:22.682Z,2026-05-30T21:06:22.682Z,baseline-graph-slam_p2_g1_d2_loss0p1,4,baseline_graph_slam,2.000000,1.000000,2.000000,0.100000,0.835310,0.559852,1.727110,0.107875,0.011839
springer_revision_full_20260530,run_logs/20260530T210622682Z_baseline-graph-slam_p2_g1_d2_loss0p1_run05.csv,2026-05-30T21:06:22.682Z,2026-05-30T21:06:22.682Z,baseline-graph-slam_p2_g1_d2_loss0p1,5,baseline_graph_slam,2.000000,1.000000,2.000000,0.100000,0.868295,0.548705,1.707093,0.106139,0.014503
springer_revision_full_20260530,run_logs/20260530T210622683Z_baseline-graph-slam_p2_g1_d2_loss0p3_run01.csv,2026-05-30T21:06:22.683Z,2026-05-30T21:06:22.683Z,baseline-graph-slam_p2_g1_d2_loss0p3,1,baseline_graph_slam,2.000000,1.000000,2.000000,0.300000,1.004990,0.707283,1.916642,0.095694,0.015751
springer_revision_full_20260530,run_logs/20260530T210622683Z_baseline-graph-slam_p2_g1_d2_loss0p3_run02.csv,2026-05-30T21:06:22.683Z,2026-05-30T21:06:22.683Z,baseline-graph-slam_p2_g1_d2_loss0p3,2,baseline_graph_slam,2.000000,1.000000,2.000000,0.300000,0.999422,0.680106,1.893082,0.093465,0.015112
springer_revision_full_20260530,run_logs/20260530T210622684Z_baseline-graph-slam_p2_g1_d2_loss0p3_run03.csv,2026-05-30T21:06:22.684Z,2026-05-30T21:06:22.684Z,baseline-graph-slam_p2_g1_d2_loss0p3,3,baseline_graph_slam,2.000000,1.000000,2.000000,0.300000,0.999381,0.690143,1.920135,0.095665,0.014845
springer_revision_full_20260530,run_logs/20260530T210622684Z_baseline-graph-slam_p2_g1_d2_loss0p3_run04.csv,2026-05-30T21:06:22.684Z,2026-05-30T21:06:22.684Z,baseline-graph-slam_p2_g1_d2_loss0p3,4,baseline_graph_slam,2.000000,1.000000,2.000000,0.300000,1.000990,0.683478,1.881418,0.088515,0.012305
springer_revision_full_20260530,run_logs/20260530T210622684Z_baseline-graph-slam_p2_g1_d2_loss0p3_run05.csv,2026-05-30T21:06:22.684Z,2026-05-30T21:06:22.685Z,baseline-graph-slam_p2_g1_d2_loss0p3,5,baseline_graph_slam,2.000000,1.000000,2.000000,0.300000,1.028646,0.672069,1.869945,0.089734,0.013560
springer_revision_full_20260530,run_logs/20260530T210622685Z_baseline-graph-slam_p3_g0_d0p5_loss0p1_run01.csv,2026-05-30T21:06:22.685Z,2026-05-30T21:06:22.685Z,baseline-graph-slam_p3_g0_d0p5_loss0p1,1,baseline_graph_slam,3.000000,0.000000,0.500000,0.100000,0.668136,0.446027,1.149704,0.964995,0.018261
springer_revision_full_20260530,run_logs/20260530T210622685Z_baseline-graph-slam_p3_g0_d0p5_loss0p1_run02.csv,2026-05-30T21:06:22.685Z,2026-05-30T21:06:22.686Z,baseline-graph-slam_p3_g0_d0p5_loss0p1,2,baseline_graph_slam,3.000000,0.000000,0.500000,0.100000,0.670115,0.443229,1.146659,0.962810,0.016006
springer_revision_full_20260530,run_logs/20260530T210622686Z_baseline-graph-slam_p3_g0_d0p5_loss0p1_run03.csv,2026-05-30T21:06:22.686Z,2026-05-30T21:06:22.686Z,baseline-graph-slam_p3_g0_d0p5_loss0p1,3,baseline_graph_slam,3.000000,0.000000,0.500000,0.100000,0.644444,0.456512,1.170792,0.958736,0.018251
springer_revision_full_20260530,run_logs/20260530T210622686Z_baseline-graph-slam_p3_g0_d0p5_loss0p1_run04.csv,2026-05-30T21:06:22.686Z,2026-05-30T21:06:22.687Z,baseline-graph-slam_p3_g0_d0p5_loss0p1,4,baseline_graph_slam,3.000000,0.000000,0.500000,0.100000,0.685297,0.436654,1.146695,0.958589,0.020147
springer_revision_full_20260530,run_logs/20260530T210622687Z_baseline-graph-slam_p3_g0_d0p5_loss0p1_run05.csv,2026-05-30T21:06:22.687Z,2026-05-30T21:06:22.687Z,baseline-graph-slam_p3_g0_d0p5_loss0p1,5,baseline_graph_slam,3.000000,0.000000,0.500000,0.100000,0.678650,0.436660,1.117544,0.951432,0.023362
springer_revision_full_20260530,run_logs/20260530T210622687Z_baseline-graph-slam_p3_g0_d0p5_loss0p3_run01.csv,2026-05-30T21:06:22.687Z,2026-05-30T21:06:22.687Z,baseline-graph-slam_p3_g0_d0p5_loss0p3,1,baseline_graph_slam,3.000000,0.000000,0.500000,0.300000,0.828716,0.572534,1.348921,0.923286,0.027629
springer_revision_full_20260530,run_logs/20260530T210622688Z_baseline-graph-slam_p3_g0_d0p5_loss0p3_run02.csv,2026-05-30T21:06:22.688Z,2026-05-30T21:06:22.688Z,baseline-graph-slam_p3_g0_d0p5_loss0p3,2,baseline_graph_slam,3.000000,0.000000,0.500000,0.300000,0.832159,0.560740,1.337087,0.916547,0.032904
springer_revision_full_20260530,run_logs/20260530T210622688Z_baseline-graph-slam_p3_g0_d0p5_loss0p3_run03.csv,2026-05-30T21:06:22.688Z,2026-05-30T21:06:22.688Z,baseline-graph-slam_p3_g0_d0p5_loss0p3,3,baseline_graph_slam,3.000000,0.000000,0.500000,0.300000,0.816216,0.547963,1.341230,0.909670,0.037486
springer_revision_full_20260530,run_logs/20260530T210622688Z_baseline-graph-slam_p3_g0_d0p5_loss0p3_run04.csv,2026-05-30T21:06:22.688Z,2026-05-30T21:06:22.689Z,baseline-graph-slam_p3_g0_d0p5_loss0p3,4,baseline_graph_slam,3.000000,0.000000,0.500000,0.300000,0.819078,0.567305,1.301655,0.901218,0.035488
springer_revision_full_20260530,run_logs/20260530T210622689Z_baseline-graph-slam_p3_g0_d0p5_loss0p3_run05.csv,2026-05-30T21:06:22.689Z,2026-05-30T21:06:22.689Z,baseline-graph-slam_p3_g0_d0p5_loss0p3,5,baseline_graph_slam,3.000000,0.000000,0.500000,0.300000,0.827744,0.555307,1.362025,0.898430,0.035204
springer_revision_full_20260530,run_logs/20260530T210622689Z_baseline-graph-slam_p3_g0_d2_loss0p1_run01.csv,2026-05-30T21:06:22.689Z,2026-05-30T21:06:22.690Z,baseline-graph-slam_p3_g0_d2_loss0p1,1,baseline_graph_slam,3.000000,0.000000,2.000000,0.100000,0.840701,0.569495,1.695191,0.910350,0.034165
springer_revision_full_20260530,run_logs/20260530T210622690Z_baseline-graph-slam_p3_g0_d2_loss0p1_run02.csv,2026-05-30T21:06:22.690Z,2026-05-30T21:06:22.690Z,baseline-graph-slam_p3_g0_d2_loss0p1,2,baseline_graph_slam,3.000000,0.000000,2.000000,0.100000,0.830431,0.545487,1.714954,0.907238,0.034470
springer_revision_full_20260530,run_logs/20260530T210622690Z_baseline-graph-slam_p3_g0_d2_loss0p1_run03.csv,2026-05-30T21:06:22.690Z,2026-05-30T21:06:22.690Z,baseline-graph-slam_p3_g0_d2_loss0p1,3,baseline_graph_slam,3.000000,0.000000,2.000000,0.100000,0.851922,0.563083,1.682085,0.903090,0.039647
springer_revision_full_20260530,run_logs/20260530T210622691Z_baseline-graph-slam_p3_g0_d2_loss0p1_run04.csv,2026-05-30T21:06:22.691Z,2026-05-30T21:06:22.691Z,baseline-graph-slam_p3_g0_d2_loss0p1,4,baseline_graph_slam,3.000000,0.000000,2.000000,0.100000,0.844756,0.555561,1.681402,0.897848,0.036369
springer_revision_full_20260530,run_logs/20260530T210622691Z_baseline-graph-slam_p3_g0_d2_loss0p1_run05.csv,2026-05-30T21:06:22.691Z,2026-05-30T21:06:22.691Z,baseline-graph-slam_p3_g0_d2_loss0p1,5,baseline_graph_slam,3.000000,0.000000,2.000000,0.100000,0.840078,0.575517,1.648488,0.887381,0.037152
springer_revision_full_20260530,run_logs/20260530T210622691Z_baseline-graph-slam_p3_g0_d2_loss0p3_run01.csv,2026-05-30T21:06:22.691Z,2026-05-30T21:06:22.692Z,baseline-graph-slam_p3_g0_d2_loss0p3,1,baseline_graph_slam,3.000000,0.000000,2.000000,0.300000,0.985342,0.696345,1.882063,0.839908,0.050425
springer_revision_full_20260530,run_logs/20260530T210622692Z_baseline-graph-slam_p3_g0_d2_loss0p3_run02.csv,2026-05-30T21:06:22.692Z,2026-05-30T21:06:22.692Z,baseline-graph-slam_p3_g0_d2_loss0p3,2,baseline_graph_slam,3.000000,0.000000,2.000000,0.300000,0.996960,0.688693,1.872768,0.829897,0.057125
springer_revision_full_20260530,run_logs/20260530T210622692Z_baseline-graph-slam_p3_g0_d2_loss0p3_run03.csv,2026-05-30T21:06:22.692Z,2026-05-30T21:06:22.693Z,baseline-graph-slam_p3_g0_d2_loss0p3,3,baseline_graph_slam,3.000000,0.000000,2.000000,0.300000,1.010842,0.691657,1.902766,0.809620,0.059203
springer_revision_full_20260530,run_logs/20260530T210622693Z_baseline-graph-slam_p3_g0_d2_loss0p3_run04.csv,2026-05-30T21:06:22.693Z,2026-05-30T21:06:22.693Z,baseline-graph-slam_p3_g0_d2_loss0p3,4,baseline_graph_slam,3.000000,0.000000,2.000000,0.300000,1.001722,0.697275,1.886787,0.813869,0.054807
springer_revision_full_20260530,run_logs/20260530T210622693Z_baseline-graph-slam_p3_g0_d2_loss0p3_run05.csv,2026-05-30T21:06:22.693Z,2026-05-30T21:06:22.694Z,baseline-graph-slam_p3_g0_d2_loss0p3,5,baseline_graph_slam,3.000000,0.000000,2.000000,0.300000,1.042242,0.702690,1.885684,0.792531,0.067062
springer_revision_full_20260530,run_logs/20260530T210622694Z_baseline-graph-slam_p3_g0p25_d0p5_loss0p1_run01.csv,2026-05-30T21:06:22.694Z,2026-05-30T21:06:22.694Z,baseline-graph-slam_p3_g0p25_d0p5_loss0p1,1,baseline_graph_slam,3.000000,0.250000,0.500000,0.100000,0.670608,0.459780,1.155676,0.855888,0.031190
springer_revision_full_20260530,run_logs/20260530T210622694Z_baseline-graph-slam_p3_g0p25_d0p5_loss0p1_run02.csv,2026-05-30T21:06:22.694Z,2026-05-30T21:06:22.695Z,baseline-graph-slam_p3_g0p25_d0p5_loss0p1,2,baseline_graph_slam,3.000000,0.250000,0.500000,0.100000,0.664763,0.444909,1.146087,0.848465,0.026170
springer_revision_full_20260530,run_logs/20260530T210622695Z_baseline-graph-slam_p3_g0p25_d0p5_loss0p1_run03.csv,2026-05-30T21:06:22.695Z,2026-05-30T21:06:22.695Z,baseline-graph-slam_p3_g0p25_d0p5_loss0p1,3,baseline_graph_slam,3.000000,0.250000,0.500000,0.100000,0.642532,0.437291,1.196957,0.842092,0.023979
springer_revision_full_20260530,run_logs/20260530T210622695Z_baseline-graph-slam_p3_g0p25_d0p5_loss0p1_run04.csv,2026-05-30T21:06:22.695Z,2026-05-30T21:06:22.696Z,baseline-graph-slam_p3_g0p25_d0p5_loss0p1,4,baseline_graph_slam,3.000000,0.250000,0.500000,0.100000,0.672459,0.455967,1.161009,0.840295,0.025642
springer_revision_full_20260530,run_logs/20260530T210622696Z_baseline-graph-slam_p3_g0p25_d0p5_loss0p1_run05.csv,2026-05-30T21:06:22.696Z,2026-05-30T21:06:22.696Z,baseline-graph-slam_p3_g0p25_d0p5_loss0p1,5,baseline_graph_slam,3.000000,0.250000,0.500000,0.100000,0.644070,0.415912,1.196831,0.847449,0.025360
springer_revision_full_20260530,run_logs/20260530T210622696Z_baseline-graph-slam_p3_g0p25_d0p5_loss0p3_run01.csv,2026-05-30T21:06:22.696Z,2026-05-30T21:06:22.696Z,baseline-graph-slam_p3_g0p25_d0p5_loss0p3,1,baseline_graph_slam,3.000000,0.250000,0.500000,0.300000,0.830319,0.586546,1.344988,0.812786,0.038007
springer_revision_full_20260530,run_logs/20260530T210622697Z_baseline-graph-slam_p3_g0p25_d0p5_loss0p3_run02.csv,2026-05-30T21:06:22.697Z,2026-05-30T21:06:22.697Z,baseline-graph-slam_p3_g0p25_d0p5_loss0p3,2,baseline_graph_slam,3.000000,0.250000,0.500000,0.300000,0.818664,0.563871,1.340018,0.806133,0.031304
springer_revision_full_20260530,run_logs/20260530T210622697Z_baseline-graph-slam_p3_g0p25_d0p5_loss0p3_run03.csv,2026-05-30T21:06:22.697Z,2026-05-30T21:06:22.697Z,baseline-graph-slam_p3_g0p25_d0p5_loss0p3,3,baseline_graph_slam,3.000000,0.250000,0.500000,0.300000,0.835374,0.585400,1.370434,0.805650,0.035341
springer_revision_full_20260530,run_logs/20260530T210622698Z_baseline-graph-slam_p3_g0p25_d0p5_loss0p3_run04.csv,2026-05-30T21:06:22.698Z,2026-05-30T21:06:22.698Z,baseline-graph-slam_p3_g0p25_d0p5_loss0p3,4,baseline_graph_slam,3.000000,0.250000,0.500000,0.300000,0.769230,0.585920,1.370769,0.796387,0.036475
springer_revision_full_20260530,run_logs/20260530T210622698Z_baseline-graph-slam_p3_g0p25_d0p5_loss0p3_run05.csv,2026-05-30T21:06:22.698Z,2026-05-30T21:06:22.698Z,baseline-graph-slam_p3_g0p25_d0p5_loss0p3,5,baseline_graph_slam,3.000000,0.250000,0.500000,0.300000,0.821184,0.543255,1.334129,0.792557,0.036940
springer_revision_full_20260530,run_logs/20260530T210622699Z_baseline-graph-slam_p3_g0p25_d2_loss0p1_run01.csv,2026-05-30T21:06:22.699Z,2026-05-30T21:06:22.699Z,baseline-graph-slam_p3_g0p25_d2_loss0p1,1,baseline_graph_slam,3.000000,0.250000,2.000000,0.100000,0.828438,0.559745,1.717426,0.555860,0.023732
springer_revision_full_20260530,run_logs/20260530T210622699Z_baseline-graph-slam_p3_g0p25_d2_loss0p1_run02.csv,2026-05-30T21:06:22.699Z,2026-05-30T21:06:22.699Z,baseline-graph-slam_p3_g0p25_d2_loss0p1,2,baseline_graph_slam,3.000000,0.250000,2.000000,0.100000,0.812787,0.570499,1.678097,0.550564,0.025060
springer_revision_full_20260530,run_logs/20260530T210622700Z_baseline-graph-slam_p3_g0p25_d2_loss0p1_run03.csv,2026-05-30T21:06:22.700Z,2026-05-30T21:06:22.700Z,baseline-graph-slam_p3_g0p25_d2_loss0p1,3,baseline_graph_slam,3.000000,0.250000,2.000000,0.100000,0.816492,0.554625,1.697385,0.546647,0.026965
springer_revision_full_20260530,run_logs/20260530T210622700Z_baseline-graph-slam_p3_g0p25_d2_loss0p1_run04.csv,2026-05-30T21:06:22.700Z,2026-05-30T21:06:22.700Z,baseline-graph-slam_p3_g0p25_d2_loss0p1,4,baseline_graph_slam,3.000000,0.250000,2.000000,0.100000,0.842969,0.553452,1.709950,0.544321,0.024129
springer_revision_full_20260530,run_logs/20260530T210622700Z_baseline-graph-slam_p3_g0p25_d2_loss0p1_run05.csv,2026-05-30T21:06:22.700Z,2026-05-30T21:06:22.701Z,baseline-graph-slam_p3_g0p25_d2_loss0p1,5,baseline_graph_slam,3.000000,0.250000,2.000000,0.100000,0.831849,0.556362,1.662821,0.540981,0.030820
springer_revision_full_20260530,run_logs/20260530T210622701Z_baseline-graph-slam_p3_g0p25_d2_loss0p3_run01.csv,2026-05-30T21:06:22.701Z,2026-05-30T21:06:22.701Z,baseline-graph-slam_p3_g0p25_d2_loss0p3,1,baseline_graph_slam,3.000000,0.250000,2.000000,0.300000,1.015515,0.690087,1.889889,0.507175,0.032966
springer_revision_full_20260530,run_logs/20260530T210622701Z_baseline-graph-slam_p3_g0p25_d2_loss0p3_run02.csv,2026-05-30T21:06:22.701Z,2026-05-30T21:06:22.702Z,baseline-graph-slam_p3_g0p25_d2_loss0p3,2,baseline_graph_slam,3.000000,0.250000,2.000000,0.300000,1.001674,0.679723,1.884448,0.494620,0.032433
springer_revision_full_20260530,run_logs/20260530T210622702Z_baseline-graph-slam_p3_g0p25_d2_loss0p3_run03.csv,2026-05-30T21:06:22.702Z,2026-05-30T21:06:22.702Z,baseline-graph-slam_p3_g0p25_d2_loss0p3,3,baseline_graph_slam,3.000000,0.250000,2.000000,0.300000,1.005353,0.680986,1.879607,0.494561,0.038098
springer_revision_full_20260530,run_logs/20260530T210622702Z_baseline-graph-slam_p3_g0p25_d2_loss0p3_run04.csv,2026-05-30T21:06:22.702Z,2026-05-30T21:06:22.703Z,baseline-graph-slam_p3_g0p25_d2_loss0p3,4,baseline_graph_slam,3.000000,0.250000,2.000000,0.300000,0.978460,0.682416,1.862840,0.491061,0.037212
springer_revision_full_20260530,run_logs/20260530T210622703Z_baseline-graph-slam_p3_g0p25_d2_loss0p3_run05.csv,2026-05-30T21:06:22.703Z,2026-05-30T21:06:22.703Z,baseline-graph-slam_p3_g0p25_d2_loss0p3,5,baseline_graph_slam,3.000000,0.250000,2.000000,0.300000,1.011645,0.658703,1.877952,0.479824,0.043815
springer_revision_full_20260530,run_logs/20260530T210622703Z_baseline-graph-slam_p3_g0p5_d0p5_loss0p1_run01.csv,2026-05-30T21:06:22.703Z,2026-05-30T21:06:22.704Z,baseline-graph-slam_p3_g0p5_d0p5_loss0p1,1,baseline_graph_slam,3.000000,0.500000,0.500000,0.100000,0.645653,0.457569,1.154882,0.754005,0.037182
springer_revision_full_20260530,run_logs/20260530T210622704Z_baseline-graph-slam_p3_g0p5_d0p5_loss0p1_run02.csv,2026-05-30T21:06:22.704Z,2026-05-30T21:06:22.704Z,baseline-graph-slam_p3_g0p5_d0p5_loss0p1,2,baseline_graph_slam,3.000000,0.500000,0.500000,0.100000,0.652231,0.425350,1.168768,0.755581,0.034273
springer_revision_full_20260530,run_logs/20260530T210622704Z_baseline-graph-slam_p3_g0p5_d0p5_loss0p1_run03.csv,2026-05-30T21:06:22.704Z,2026-05-30T21:06:22.705Z,baseline-graph-slam_p3_g0p5_d0p5_loss0p1,3,baseline_graph_slam,3.000000,0.500000,0.500000,0.100000,0.650882,0.425528,1.164685,0.747286,0.035359
springer_revision_full_20260530,run_logs/20260530T210622705Z_baseline-graph-slam_p3_g0p5_d0p5_loss0p1_run04.csv,2026-05-30T21:06:22.705Z,2026-05-30T21:06:22.705Z,baseline-graph-slam_p3_g0p5_d0p5_loss0p1,4,baseline_graph_slam,3.000000,0.500000,0.500000,0.100000,0.632258,0.439632,1.149878,0.751931,0.034865
springer_revision_full_20260530,run_logs/20260530T210622705Z_baseline-graph-slam_p3_g0p5_d0p5_loss0p1_run05.csv,2026-05-30T21:06:22.705Z,2026-05-30T21:06:22.706Z,baseline-graph-slam_p3_g0p5_d0p5_loss0p1,5,baseline_graph_slam,3.000000,0.500000,0.500000,0.100000,0.681939,0.438841,1.137107,0.746013,0.037943
springer_revision_full_20260530,run_logs/20260530T210622706Z_baseline-graph-slam_p3_g0p5_d0p5_loss0p3_run01.csv,2026-05-30T21:06:22.706Z,2026-05-30T21:06:22.706Z,baseline-graph-slam_p3_g0p5_d0p5_loss0p3,1,baseline_graph_slam,3.000000,0.500000,0.500000,0.300000,0.806802,0.568186,1.343417,0.712763,0.041379
springer_revision_full_20260530,run_logs/20260530T210622706Z_baseline-graph-slam_p3_g0p5_d0p5_loss0p3_run02.csv,2026-05-30T21:06:22.706Z,2026-05-30T21:06:22.706Z,baseline-graph-slam_p3_g0p5_d0p5_loss0p3,2,baseline_graph_slam,3.000000,0.500000,0.500000,0.300000,0.848772,0.566033,1.346647,0.716834,0.036994
springer_revision_full_20260530,run_logs/20260530T210622707Z_baseline-graph-slam_p3_g0p5_d0p5_loss0p3_run03.csv,2026-05-30T21:06:22.707Z,2026-05-30T21:06:22.707Z,baseline-graph-slam_p3_g0p5_d0p5_loss0p3,3,baseline_graph_slam,3.000000,0.500000,0.500000,0.300000,0.823780,0.579642,1.363029,0.710836,0.034477
springer_revision_full_20260530,run_logs/20260530T210622707Z_baseline-graph-slam_p3_g0p5_d0p5_loss0p3_run04.csv,2026-05-30T21:06:22.707Z,2026-05-30T21:06:22.707Z,baseline-graph-slam_p3_g0p5_d0p5_loss0p3,4,baseline_graph_slam,3.000000,0.500000,0.500000,0.300000,0.806353,0.565478,1.336556,0.698203,0.048855
springer_revision_full_20260530,run_logs/20260530T210622707Z_baseline-graph-slam_p3_g0p5_d0p5_loss0p3_run05.csv,2026-05-30T21:06:22.707Z,2026-05-30T21:06:22.708Z,baseline-graph-slam_p3_g0p5_d0p5_loss0p3,5,baseline_graph_slam,3.000000,0.500000,0.500000,0.300000,0.852763,0.579534,1.368559,0.700660,0.040239
springer_revision_full_20260530,run_logs/20260530T210622708Z_baseline-graph-slam_p3_g0p5_d2_loss0p1_run01.csv,2026-05-30T21:06:22.708Z,2026-05-30T21:06:22.708Z,baseline-graph-slam_p3_g0p5_d2_loss0p1,1,baseline_graph_slam,3.000000,0.500000,2.000000,0.100000,0.819493,0.583690,1.732614,0.334885,0.026101
springer_revision_full_20260530,run_logs/20260530T210622708Z_baseline-graph-slam_p3_g0p5_d2_loss0p1_run02.csv,2026-05-30T21:06:22.708Z,2026-05-30T21:06:22.709Z,baseline-graph-slam_p3_g0p5_d2_loss0p1,2,baseline_graph_slam,3.000000,0.500000,2.000000,0.100000,0.842023,0.548099,1.703464,0.335198,0.020351
springer_revision_full_20260530,run_logs/20260530T210622709Z_baseline-graph-slam_p3_g0p5_d2_loss0p1_run03.csv,2026-05-30T21:06:22.709Z,2026-05-30T21:06:22.709Z,baseline-graph-slam_p3_g0p5_d2_loss0p1,3,baseline_graph_slam,3.000000,0.500000,2.000000,0.100000,0.859581,0.568626,1.689645,0.328908,0.026864
springer_revision_full_20260530,run_logs/20260530T210622709Z_baseline-graph-slam_p3_g0p5_d2_loss0p1_run04.csv,2026-05-30T21:06:22.709Z,2026-05-30T21:06:22.710Z,baseline-graph-slam_p3_g0p5_d2_loss0p1,4,baseline_graph_slam,3.000000,0.500000,2.000000,0.100000,0.858238,0.564546,1.681941,0.332822,0.024525
springer_revision_full_20260530,run_logs/20260530T210622710Z_baseline-graph-slam_p3_g0p5_d2_loss0p1_run05.csv,2026-05-30T21:06:22.710Z,2026-05-30T21:06:22.710Z,baseline-graph-slam_p3_g0p5_d2_loss0p1,5,baseline_graph_slam,3.000000,0.500000,2.000000,0.100000,0.837707,0.542445,1.678006,0.330574,0.025218
springer_revision_full_20260530,run_logs/20260530T210622710Z_baseline-graph-slam_p3_g0p5_d2_loss0p3_run01.csv,2026-05-30T21:06:22.710Z,2026-05-30T21:06:22.710Z,baseline-graph-slam_p3_g0p5_d2_loss0p3,1,baseline_graph_slam,3.000000,0.500000,2.000000,0.300000,1.015312,0.693574,1.915452,0.306900,0.022240
springer_revision_full_20260530,run_logs/20260530T210622711Z_baseline-graph-slam_p3_g0p5_d2_loss0p3_run02.csv,2026-05-30T21:06:22.711Z,2026-05-30T21:06:22.711Z,baseline-graph-slam_p3_g0p5_d2_loss0p3,2,baseline_graph_slam,3.000000,0.500000,2.000000,0.300000,1.000691,0.685900,1.896661,0.300071,0.027812
springer_revision_full_20260530,run_logs/20260530T210622711Z_baseline-graph-slam_p3_g0p5_d2_loss0p3_run03.csv,2026-05-30T21:06:22.711Z,2026-05-30T21:06:22.711Z,baseline-graph-slam_p3_g0p5_d2_loss0p3,3,baseline_graph_slam,3.000000,0.500000,2.000000,0.300000,1.006514,0.693494,1.923781,0.297407,0.027198
springer_revision_full_20260530,run_logs/20260530T210622711Z_baseline-graph-slam_p3_g0p5_d2_loss0p3_run04.csv,2026-05-30T21:06:22.711Z,2026-05-30T21:06:22.712Z,baseline-graph-slam_p3_g0p5_d2_loss0p3,4,baseline_graph_slam,3.000000,0.500000,2.000000,0.300000,1.006016,0.667369,1.912924,0.292667,0.030552
springer_revision_full_20260530,run_logs/20260530T210622712Z_baseline-graph-slam_p3_g0p5_d2_loss0p3_run05.csv,2026-05-30T21:06:22.712Z,2026-05-30T21:06:22.712Z,baseline-graph-slam_p3_g0p5_d2_loss0p3,5,baseline_graph_slam,3.000000,0.500000,2.000000,0.300000,1.010572,0.703103,1.897093,0.294492,0.030438
springer_revision_full_20260530,run_logs/20260530T210622712Z_baseline-graph-slam_p3_g1_d0p5_loss0p1_run01.csv,2026-05-30T21:06:22.712Z,2026-05-30T21:06:22.713Z,baseline-graph-slam_p3_g1_d0p5_loss0p1,1,baseline_graph_slam,3.000000,1.000000,0.500000,0.100000,0.657189,0.455321,1.206476,0.583070,0.061836
springer_revision_full_20260530,run_logs/20260530T210622713Z_baseline-graph-slam_p3_g1_d0p5_loss0p1_run02.csv,2026-05-30T21:06:22.713Z,2026-05-30T21:06:22.713Z,baseline-graph-slam_p3_g1_d0p5_loss0p1,2,baseline_graph_slam,3.000000,1.000000,0.500000,0.100000,0.661121,0.449232,1.178180,0.588659,0.059902
springer_revision_full_20260530,run_logs/20260530T210622713Z_baseline-graph-slam_p3_g1_d0p5_loss0p1_run03.csv,2026-05-30T21:06:22.713Z,2026-05-30T21:06:22.714Z,baseline-graph-slam_p3_g1_d0p5_loss0p1,3,baseline_graph_slam,3.000000,1.000000,0.500000,0.100000,0.650593,0.458537,1.143013,0.579321,0.053819
springer_revision_full_20260530,run_logs/20260530T210622714Z_baseline-graph-slam_p3_g1_d0p5_loss0p1_run04.csv,2026-05-30T21:06:22.714Z,2026-05-30T21:06:22.714Z,baseline-graph-slam_p3_g1_d0p5_loss0p1,4,baseline_graph_slam,3.000000,1.000000,0.500000,0.100000,0.667958,0.449459,1.181603,0.571333,0.052125
springer_revision_full_20260530,run_logs/20260530T210622714Z_baseline-graph-slam_p3_g1_d0p5_loss0p1_run05.csv,2026-05-30T21:06:22.714Z,2026-05-30T21:06:22.715Z,baseline-graph-slam_p3_g1_d0p5_loss0p1,5,baseline_graph_slam,3.000000,1.000000,0.500000,0.100000,0.672736,0.433954,1.188223,0.567881,0.056514
springer_revision_full_20260530,run_logs/20260530T210622715Z_baseline-graph-slam_p3_g1_d0p5_loss0p3_run01.csv,2026-05-30T21:06:22.715Z,2026-05-30T21:06:22.715Z,baseline-graph-slam_p3_g1_d0p5_loss0p3,1,baseline_graph_slam,3.000000,1.000000,0.500000,0.300000,0.844260,0.561930,1.382953,0.568922,0.062975
springer_revision_full_20260530,run_logs/20260530T210622715Z_baseline-graph-slam_p3_g1_d0p5_loss0p3_run02.csv,2026-05-30T21:06:22.715Z,2026-05-30T21:06:22.715Z,baseline-graph-slam_p3_g1_d0p5_loss0p3,2,baseline_graph_slam,3.000000,1.000000,0.500000,0.300000,0.815133,0.549109,1.408887,0.553652,0.051519
springer_revision_full_20260530,run_logs/20260530T210622716Z_baseline-graph-slam_p3_g1_d0p5_loss0p3_run03.csv,2026-05-30T21:06:22.716Z,2026-05-30T21:06:22.716Z,baseline-graph-slam_p3_g1_d0p5_loss0p3,3,baseline_graph_slam,3.000000,1.000000,0.500000,0.300000,0.811103,0.566604,1.349068,0.552073,0.058043
springer_revision_full_20260530,run_logs/20260530T210622716Z_baseline-graph-slam_p3_g1_d0p5_loss0p3_run04.csv,2026-05-30T21:06:22.716Z,2026-05-30T21:06:22.716Z,baseline-graph-slam_p3_g1_d0p5_loss0p3,4,baseline_graph_slam,3.000000,1.000000,0.500000,0.300000,0.822802,0.555290,1.392017,0.552070,0.056250
springer_revision_full_20260530,run_logs/20260530T210622716Z_baseline-graph-slam_p3_g1_d0p5_loss0p3_run05.csv,2026-05-30T21:06:22.716Z,2026-05-30T21:06:22.717Z,baseline-graph-slam_p3_g1_d0p5_loss0p3,5,baseline_graph_slam,3.000000,1.000000,0.500000,0.300000,0.824979,0.590416,1.370965,0.540401,0.055120
springer_revision_full_20260530,run_logs/20260530T210622717Z_baseline-graph-slam_p3_g1_d2_loss0p1_run01.csv,2026-05-30T21:06:22.717Z,2026-05-30T21:06:22.717Z,baseline-graph-slam_p3_g1_d2_loss0p1,1,baseline_graph_slam,3.000000,1.000000,2.000000,0.100000,0.837557,0.562534,1.735351,0.126706,0.015445
springer_revision_full_20260530,run_logs/20260530T210622717Z_baseline-graph-slam_p3_g1_d2_loss0p1_run02.csv,2026-05-30T21:06:22.717Z,2026-05-30T21:06:22.718Z,baseline-graph-slam_p3_g1_d2_loss0p1,2,baseline_graph_slam,3.000000,1.000000,2.000000,0.100000,0.843671,0.567914,1.728761,0.121958,0.015834
springer_revision_full_20260530,run_logs/20260530T210622718Z_baseline-graph-slam_p3_g1_d2_loss0p1_run03.csv,2026-05-30T21:06:22.718Z,2026-05-30T21:06:22.718Z,baseline-graph-slam_p3_g1_d2_loss0p1,3,baseline_graph_slam,3.000000,1.000000,2.000000,0.100000,0.868213,0.533721,1.739268,0.122394,0.014305
springer_revision_full_20260530,run_logs/20260530T210622718Z_baseline-graph-slam_p3_g1_d2_loss0p1_run04.csv,2026-05-30T21:06:22.718Z,2026-05-30T21:06:22.719Z,baseline-graph-slam_p3_g1_d2_loss0p1,4,baseline_graph_slam,3.000000,1.000000,2.000000,0.100000,0.860843,0.551570,1.688127,0.121259,0.012197
springer_revision_full_20260530,run_logs/20260530T210622719Z_baseline-graph-slam_p3_g1_d2_loss0p1_run05.csv,2026-05-30T21:06:22.719Z,2026-05-30T21:06:22.719Z,baseline-graph-slam_p3_g1_d2_loss0p1,5,baseline_graph_slam,3.000000,1.000000,2.000000,0.100000,0.805790,0.546055,1.687308,0.120925,0.015413
springer_revision_full_20260530,run_logs/20260530T210622719Z_baseline-graph-slam_p3_g1_d2_loss0p3_run01.csv,2026-05-30T21:06:22.719Z,2026-05-30T21:06:22.720Z,baseline-graph-slam_p3_g1_d2_loss0p3,1,baseline_graph_slam,3.000000,1.000000,2.000000,0.300000,0.998559,0.701640,1.879401,0.109649,0.013853
springer_revision_full_20260530,run_logs/20260530T210622720Z_baseline-graph-slam_p3_g1_d2_loss0p3_run02.csv,2026-05-30T21:06:22.720Z,2026-05-30T21:06:22.720Z,baseline-graph-slam_p3_g1_d2_loss0p3,2,baseline_graph_slam,3.000000,1.000000,2.000000,0.300000,1.015852,0.700315,1.922930,0.113504,0.015345
springer_revision_full_20260530,run_logs/20260530T210622720Z_baseline-graph-slam_p3_g1_d2_loss0p3_run03.csv,2026-05-30T21:06:22.720Z,2026-05-30T21:06:22.720Z,baseline-graph-slam_p3_g1_d2_loss0p3,3,baseline_graph_slam,3.000000,1.000000,2.000000,0.300000,0.993249,0.686195,1.890847,0.107814,0.017229
springer_revision_full_20260530,run_logs/20260530T210622721Z_baseline-graph-slam_p3_g1_d2_loss0p3_run04.csv,2026-05-30T21:06:22.721Z,2026-05-30T21:06:22.721Z,baseline-graph-slam_p3_g1_d2_loss0p3,4,baseline_graph_slam,3.000000,1.000000,2.000000,0.300000,1.001966,0.705043,1.893947,0.110262,0.015063
springer_revision_full_20260530,run_logs/20260530T210622721Z_baseline-graph-slam_p3_g1_d2_loss0p3_run05.csv,2026-05-30T21:06:22.721Z,2026-05-30T21:06:22.721Z,baseline-graph-slam_p3_g1_d2_loss0p3,5,baseline_graph_slam,3.000000,1.000000,2.000000,0.300000,1.002875,0.667211,1.918056,0.108252,0.013303
springer_revision_full_20260530,run_logs/20260530T210622721Z_decentralized-only_p1_g0_d0p5_loss0p1_run01.csv,2026-05-30T21:06:22.721Z,2026-05-30T21:06:22.722Z,decentralized-only_p1_g0_d0p5_loss0p1,1,decentralized_only,1.000000,0.000000,0.500000,0.100000,0.816456,0.525385,0.938160,0.684116,0.060317
springer_revision_full_20260530,run_logs/20260530T210622722Z_decentralized-only_p1_g0_d0p5_loss0p1_run02.csv,2026-05-30T21:06:22.722Z,2026-05-30T21:06:22.722Z,decentralized-only_p1_g0_d0p5_loss0p1,2,decentralized_only,1.000000,0.000000,0.500000,0.100000,0.790539,0.536059,0.947709,0.677177,0.066287
springer_revision_full_20260530,run_logs/20260530T210622722Z_decentralized-only_p1_g0_d0p5_loss0p1_run03.csv,2026-05-30T21:06:22.722Z,2026-05-30T21:06:22.723Z,decentralized-only_p1_g0_d0p5_loss0p1,3,decentralized_only,1.000000,0.000000,0.500000,0.100000,0.786062,0.551623,0.941309,0.666815,0.053322
springer_revision_full_20260530,run_logs/20260530T210622723Z_decentralized-only_p1_g0_d0p5_loss0p1_run04.csv,2026-05-30T21:06:22.723Z,2026-05-30T21:06:22.723Z,decentralized-only_p1_g0_d0p5_loss0p1,4,decentralized_only,1.000000,0.000000,0.500000,0.100000,0.811797,0.540347,0.969115,0.665795,0.061796
springer_revision_full_20260530,run_logs/20260530T210622723Z_decentralized-only_p1_g0_d0p5_loss0p1_run05.csv,2026-05-30T21:06:22.723Z,2026-05-30T21:06:22.724Z,decentralized-only_p1_g0_d0p5_loss0p1,5,decentralized_only,1.000000,0.000000,0.500000,0.100000,0.807334,0.542437,0.952780,0.638935,0.057627
springer_revision_full_20260530,run_logs/20260530T210622724Z_decentralized-only_p1_g0_d0p5_loss0p3_run01.csv,2026-05-30T21:06:22.724Z,2026-05-30T21:06:22.724Z,decentralized-only_p1_g0_d0p5_loss0p3,1,decentralized_only,1.000000,0.000000,0.500000,0.300000,0.970168,0.638832,1.154636,0.572124,0.058614
springer_revision_full_20260530,run_logs/20260530T210622724Z_decentralized-only_p1_g0_d0p5_loss0p3_run02.csv,2026-05-30T21:06:22.724Z,2026-05-30T21:06:22.724Z,decentralized-only_p1_g0_d0p5_loss0p3,2,decentralized_only,1.000000,0.000000,0.500000,0.300000,0.979919,0.659871,1.127295,0.568380,0.049365
springer_revision_full_20260530,run_logs/20260530T210622725Z_decentralized-only_p1_g0_d0p5_loss0p3_run03.csv,2026-05-30T21:06:22.725Z,2026-05-30T21:06:22.725Z,decentralized-only_p1_g0_d0p5_loss0p3,3,decentralized_only,1.000000,0.000000,0.500000,0.300000,0.986872,0.675899,1.152341,0.560694,0.050777
springer_revision_full_20260530,run_logs/20260530T210622725Z_decentralized-only_p1_g0_d0p5_loss0p3_run04.csv,2026-05-30T21:06:22.725Z,2026-05-30T21:06:22.725Z,decentralized-only_p1_g0_d0p5_loss0p3,4,decentralized_only,1.000000,0.000000,0.500000,0.300000,0.973359,0.668168,1.092833,0.540008,0.056920
springer_revision_full_20260530,run_logs/20260530T210622726Z_decentralized-only_p1_g0_d0p5_loss0p3_run05.csv,2026-05-30T21:06:22.726Z,2026-05-30T21:06:22.726Z,decentralized-only_p1_g0_d0p5_loss0p3,5,decentralized_only,1.000000,0.000000,0.500000,0.300000,0.976986,0.656932,1.113945,0.532752,0.056804
springer_revision_full_20260530,run_logs/20260530T210622726Z_decentralized-only_p1_g0_d2_loss0p1_run01.csv,2026-05-30T21:06:22.726Z,2026-05-30T21:06:22.726Z,decentralized-only_p1_g0_d2_loss0p1,1,decentralized_only,1.000000,0.000000,2.000000,0.100000,0.991851,0.660525,1.472602,0.572240,0.051776
springer_revision_full_20260530,run_logs/20260530T210622727Z_decentralized-only_p1_g0_d2_loss0p1_run02.csv,2026-05-30T21:06:22.727Z,2026-05-30T21:06:22.727Z,decentralized-only_p1_g0_d2_loss0p1,2,decentralized_only,1.000000,0.000000,2.000000,0.100000,0.979931,0.661650,1.509866,0.561975,0.058830
springer_revision_full_20260530,run_logs/20260530T210622727Z_decentralized-only_p1_g0_d2_loss0p1_run03.csv,2026-05-30T21:06:22.727Z,2026-05-30T21:06:22.727Z,decentralized-only_p1_g0_d2_loss0p1,3,decentralized_only,1.000000,0.000000,2.000000,0.100000,1.002581,0.657854,1.486819,0.548327,0.058388
springer_revision_full_20260530,run_logs/20260530T210622727Z_decentralized-only_p1_g0_d2_loss0p1_run04.csv,2026-05-30T21:06:22.727Z,2026-05-30T21:06:22.728Z,decentralized-only_p1_g0_d2_loss0p1,4,decentralized_only,1.000000,0.000000,2.000000,0.100000,0.979099,0.659461,1.482189,0.542233,0.057810
springer_revision_full_20260530,run_logs/20260530T210622728Z_decentralized-only_p1_g0_d2_loss0p1_run05.csv,2026-05-30T21:06:22.728Z,2026-05-30T21:06:22.728Z,decentralized-only_p1_g0_d2_loss0p1,5,decentralized_only,1.000000,0.000000,2.000000,0.100000,0.962891,0.661779,1.517151,0.527452,0.059944
springer_revision_full_20260530,run_logs/20260530T210622728Z_decentralized-only_p1_g0_d2_loss0p3_run01.csv,2026-05-30T21:06:22.728Z,2026-05-30T21:06:22.729Z,decentralized-only_p1_g0_d2_loss0p3,1,decentralized_only,1.000000,0.000000,2.000000,0.300000,1.179189,0.786242,1.645720,0.447664,0.058697
springer_revision_full_20260530,run_logs/20260530T210622729Z_decentralized-only_p1_g0_d2_loss0p3_run02.csv,2026-05-30T21:06:22.729Z,2026-05-30T21:06:22.729Z,decentralized-only_p1_g0_d2_loss0p3,2,decentralized_only,1.000000,0.000000,2.000000,0.300000,1.148238,0.798968,1.660274,0.439456,0.062725
springer_revision_full_20260530,run_logs/20260530T210622729Z_decentralized-only_p1_g0_d2_loss0p3_run03.csv,2026-05-30T21:06:22.729Z,2026-05-30T21:06:22.730Z,decentralized-only_p1_g0_d2_loss0p3,3,decentralized_only,1.000000,0.000000,2.000000,0.300000,1.147673,0.786859,1.657948,0.440154,0.058790
springer_revision_full_20260530,run_logs/20260530T210622730Z_decentralized-only_p1_g0_d2_loss0p3_run04.csv,2026-05-30T21:06:22.730Z,2026-05-30T21:06:22.730Z,decentralized-only_p1_g0_d2_loss0p3,4,decentralized_only,1.000000,0.000000,2.000000,0.300000,1.159839,0.779017,1.698427,0.432710,0.057199
springer_revision_full_20260530,run_logs/20260530T210622730Z_decentralized-only_p1_g0_d2_loss0p3_run05.csv,2026-05-30T21:06:22.730Z,2026-05-30T21:06:22.731Z,decentralized-only_p1_g0_d2_loss0p3,5,decentralized_only,1.000000,0.000000,2.000000,0.300000,1.174220,0.791803,1.663408,0.415257,0.062935
springer_revision_full_20260530,run_logs/20260530T210622731Z_decentralized-only_p1_g0p25_d0p5_loss0p1_run01.csv,2026-05-30T21:06:22.731Z,2026-05-30T21:06:22.731Z,decentralized-only_p1_g0p25_d0p5_loss0p1,1,decentralized_only,1.000000,0.250000,0.500000,0.100000,0.775444,0.548111,0.942595,0.613448,0.054091
springer_revision_full_20260530,run_logs/20260530T210622731Z_decentralized-only_p1_g0p25_d0p5_loss0p1_run02.csv,2026-05-30T21:06:22.731Z,2026-05-30T21:06:22.732Z,decentralized-only_p1_g0p25_d0p5_loss0p1,2,decentralized_only,1.000000,0.250000,0.500000,0.100000,0.812754,0.545816,0.957281,0.593683,0.043636
springer_revision_full_20260530,run_logs/20260530T210622732Z_decentralized-only_p1_g0p25_d0p5_loss0p1_run03.csv,2026-05-30T21:06:22.732Z,2026-05-30T21:06:22.732Z,decentralized-only_p1_g0p25_d0p5_loss0p1,3,decentralized_only,1.000000,0.250000,0.500000,0.100000,0.805205,0.551415,0.942774,0.591791,0.052224
springer_revision_full_20260530,run_logs/20260530T210622732Z_decentralized-only_p1_g0p25_d0p5_loss0p1_run04.csv,2026-05-30T21:06:22.732Z,2026-05-30T21:06:22.733Z,decentralized-only_p1_g0p25_d0p5_loss0p1,4,decentralized_only,1.000000,0.250000,0.500000,0.100000,0.802654,0.520800,0.917040,0.582085,0.052788
springer_revision_full_20260530,run_logs/20260530T210622733Z_decentralized-only_p1_g0p25_d0p5_loss0p1_run05.csv,2026-05-30T21:06:22.733Z,2026-05-30T21:06:22.733Z,decentralized-only_p1_g0p25_d0p5_loss0p1,5,decentralized_only,1.000000,0.250000,0.500000,0.100000,0.813881,0.537226,0.955779,0.568293,0.040087
springer_revision_full_20260530,run_logs/20260530T210622733Z_decentralized-only_p1_g0p25_d0p5_loss0p3_run01.csv,2026-05-30T21:06:22.733Z,2026-05-30T21:06:22.733Z,decentralized-only_p1_g0p25_d0p5_loss0p3,1,decentralized_only,1.000000,0.250000,0.500000,0.300000,0.968307,0.666575,1.120626,0.509502,0.047440
springer_revision_full_20260530,run_logs/20260530T210622734Z_decentralized-only_p1_g0p25_d0p5_loss0p3_run02.csv,2026-05-30T21:06:22.734Z,2026-05-30T21:06:22.734Z,decentralized-only_p1_g0p25_d0p5_loss0p3,2,decentralized_only,1.000000,0.250000,0.500000,0.300000,0.956178,0.688251,1.122709,0.503375,0.045600
springer_revision_full_20260530,run_logs/20260530T210622734Z_decentralized-only_p1_g0p25_d0p5_loss0p3_run03.csv,2026-05-30T21:06:22.734Z,2026-05-30T21:06:22.734Z,decentralized-only_p1_g0p25_d0p5_loss0p3,3,decentralized_only,1.000000,0.250000,0.500000,0.300000,0.982452,0.651372,1.168816,0.485256,0.050173
springer_revision_full_20260530,run_logs/20260530T210622734Z_decentralized-only_p1_g0p25_d0p5_loss0p3_run04.csv,2026-05-30T21:06:22.734Z,2026-05-30T21:06:22.735Z,decentralized-only_p1_g0p25_d0p5_loss0p3,4,decentralized_only,1.000000,0.250000,0.500000,0.300000,0.978275,0.681542,1.159816,0.485109,0.055366
springer_revision_full_20260530,run_logs/20260530T210622735Z_decentralized-only_p1_g0p25_d0p5_loss0p3_run05.csv,2026-05-30T21:06:22.735Z,2026-05-30T21:06:22.735Z,decentralized-only_p1_g0p25_d0p5_loss0p3,5,decentralized_only,1.000000,0.250000,0.500000,0.300000,0.951426,0.680999,1.179592,0.472820,0.049853
springer_revision_full_20260530,run_logs/20260530T210622735Z_decentralized-only_p1_g0p25_d2_loss0p1_run01.csv,2026-05-30T21:06:22.735Z,2026-05-30T21:06:22.736Z,decentralized-only_p1_g0p25_d2_loss0p1,1,decentralized_only,1.000000,0.250000,2.000000,0.100000,0.968340,0.652047,1.501683,0.346051,0.035247
springer_revision_full_20260530,run_logs/20260530T210622736Z_decentralized-only_p1_g0p25_d2_loss0p1_run02.csv,2026-05-30T21:06:22.736Z,2026-05-30T21:06:22.736Z,decentralized-only_p1_g0p25_d2_loss0p1,2,decentralized_only,1.000000,0.250000,2.000000,0.100000,0.965854,0.675183,1.551856,0.338096,0.032957
springer_revision_full_20260530,run_logs/20260530T210622736Z_decentralized-only_p1_g0p25_d2_loss0p1_run03.csv,2026-05-30T21:06:22.736Z,2026-05-30T21:06:22.737Z,decentralized-only_p1_g0p25_d2_loss0p1,3,decentralized_only,1.000000,0.250000,2.000000,0.100000,0.981227,0.627295,1.471947,0.338183,0.039313
springer_revision_full_20260530,run_logs/20260530T210622737Z_decentralized-only_p1_g0p25_d2_loss0p1_run04.csv,2026-05-30T21:06:22.737Z,2026-05-30T21:06:22.737Z,decentralized-only_p1_g0p25_d2_loss0p1,4,decentralized_only,1.000000,0.250000,2.000000,0.100000,0.986910,0.651560,1.494052,0.328735,0.040060
springer_revision_full_20260530,run_logs/20260530T210622737Z_decentralized-only_p1_g0p25_d2_loss0p1_run05.csv,2026-05-30T21:06:22.737Z,2026-05-30T21:06:22.737Z,decentralized-only_p1_g0p25_d2_loss0p1,5,decentralized_only,1.000000,0.250000,2.000000,0.100000,0.974234,0.669037,1.480648,0.320151,0.034569
springer_revision_full_20260530,run_logs/20260530T210622738Z_decentralized-only_p1_g0p25_d2_loss0p3_run01.csv,2026-05-30T21:06:22.738Z,2026-05-30T21:06:22.738Z,decentralized-only_p1_g0p25_d2_loss0p3,1,decentralized_only,1.000000,0.250000,2.000000,0.300000,1.154709,0.775507,1.713903,0.279691,0.030726
springer_revision_full_20260530,run_logs/20260530T210622738Z_decentralized-only_p1_g0p25_d2_loss0p3_run02.csv,2026-05-30T21:06:22.738Z,2026-05-30T21:06:22.738Z,decentralized-only_p1_g0p25_d2_loss0p3,2,decentralized_only,1.000000,0.250000,2.000000,0.300000,1.172333,0.785863,1.701015,0.271328,0.042649
springer_revision_full_20260530,run_logs/20260530T210622738Z_decentralized-only_p1_g0p25_d2_loss0p3_run03.csv,2026-05-30T21:06:22.738Z,2026-05-30T21:06:22.739Z,decentralized-only_p1_g0p25_d2_loss0p3,3,decentralized_only,1.000000,0.250000,2.000000,0.300000,1.144576,0.777029,1.695016,0.264276,0.038473
springer_revision_full_20260530,run_logs/20260530T210622739Z_decentralized-only_p1_g0p25_d2_loss0p3_run04.csv,2026-05-30T21:06:22.739Z,2026-05-30T21:06:22.739Z,decentralized-only_p1_g0p25_d2_loss0p3,4,decentralized_only,1.000000,0.250000,2.000000,0.300000,1.144532,0.807743,1.712397,0.258589,0.038770
springer_revision_full_20260530,run_logs/20260530T210622739Z_decentralized-only_p1_g0p25_d2_loss0p3_run05.csv,2026-05-30T21:06:22.739Z,2026-05-30T21:06:22.740Z,decentralized-only_p1_g0p25_d2_loss0p3,5,decentralized_only,1.000000,0.250000,2.000000,0.300000,1.136438,0.781719,1.660175,0.257314,0.034234
springer_revision_full_20260530,run_logs/20260530T210622740Z_decentralized-only_p1_g0p5_d0p5_loss0p1_run01.csv,2026-05-30T21:06:22.740Z,2026-05-30T21:06:22.740Z,decentralized-only_p1_g0p5_d0p5_loss0p1,1,decentralized_only,1.000000,0.500000,0.500000,0.100000,0.801515,0.532914,0.949971,0.535794,0.051668
springer_revision_full_20260530,run_logs/20260530T210622740Z_decentralized-only_p1_g0p5_d0p5_loss0p1_run02.csv,2026-05-30T21:06:22.740Z,2026-05-30T21:06:22.741Z,decentralized-only_p1_g0p5_d0p5_loss0p1,2,decentralized_only,1.000000,0.500000,0.500000,0.100000,0.802630,0.539383,0.919548,0.539233,0.052274
springer_revision_full_20260530,run_logs/20260530T210622741Z_decentralized-only_p1_g0p5_d0p5_loss0p1_run03.csv,2026-05-30T21:06:22.741Z,2026-05-30T21:06:22.741Z,decentralized-only_p1_g0p5_d0p5_loss0p1,3,decentralized_only,1.000000,0.500000,0.500000,0.100000,0.814477,0.529217,0.909882,0.522131,0.061678
springer_revision_full_20260530,run_logs/20260530T210622741Z_decentralized-only_p1_g0p5_d0p5_loss0p1_run04.csv,2026-05-30T21:06:22.741Z,2026-05-30T21:06:22.742Z,decentralized-only_p1_g0p5_d0p5_loss0p1,4,decentralized_only,1.000000,0.500000,0.500000,0.100000,0.791270,0.560162,0.955672,0.509360,0.038142
springer_revision_full_20260530,run_logs/20260530T210622742Z_decentralized-only_p1_g0p5_d0p5_loss0p1_run05.csv,2026-05-30T21:06:22.742Z,2026-05-30T21:06:22.742Z,decentralized-only_p1_g0p5_d0p5_loss0p1,5,decentralized_only,1.000000,0.500000,0.500000,0.100000,0.818603,0.521458,0.972469,0.509213,0.052142
springer_revision_full_20260530,run_logs/20260530T210622742Z_decentralized-only_p1_g0p5_d0p5_loss0p3_run01.csv,2026-05-30T21:06:22.742Z,2026-05-30T21:06:22.743Z,decentralized-only_p1_g0p5_d0p5_loss0p3,1,decentralized_only,1.000000,0.500000,0.500000,0.300000,0.993977,0.685733,1.127084,0.444802,0.042360
springer_revision_full_20260530,run_logs/20260530T210622743Z_decentralized-only_p1_g0p5_d0p5_loss0p3_run02.csv,2026-05-30T21:06:22.743Z,2026-05-30T21:06:22.743Z,decentralized-only_p1_g0p5_d0p5_loss0p3,2,decentralized_only,1.000000,0.500000,0.500000,0.300000,0.982669,0.666365,1.141305,0.451752,0.042192
springer_revision_full_20260530,run_logs/20260530T210622743Z_decentralized-only_p1_g0p5_d0p5_loss0p3_run03.csv,2026-05-30T21:06:22.743Z,2026-05-30T21:06:22.743Z,decentralized-only_p1_g0p5_d0p5_loss0p3,3,decentralized_only,1.000000,0.500000,0.500000,0.300000,0.975762,0.673008,1.157474,0.434640,0.046378
springer_revision_full_20260530,run_logs/20260530T210622744Z_decentralized-only_p1_g0p5_d0p5_loss0p3_run04.csv,2026-05-30T21:06:22.744Z,2026-05-30T21:06:22.744Z,decentralized-only_p1_g0p5_d0p5_loss0p3,4,decentralized_only,1.000000,0.500000,0.500000,0.300000,0.971809,0.672153,1.132761,0.432999,0.045910
springer_revision_full_20260530,run_logs/20260530T210622744Z_decentralized-only_p1_g0p5_d0p5_loss0p3_run05.csv,2026-05-30T21:06:22.744Z,2026-05-30T21:06:22.744Z,decentralized-only_p1_g0p5_d0p5_loss0p3,5,decentralized_only,1.000000,0.500000,0.500000,0.300000,0.974388,0.667780,1.178619,0.422741,0.049862
springer_revision_full_20260530,run_logs/20260530T210622744Z_decentralized-only_p1_g0p5_d2_loss0p1_run01.csv,2026-05-30T21:06:22.744Z,2026-05-30T21:06:22.745Z,decentralized-only_p1_g0p5_d2_loss0p1,1,decentralized_only,1.000000,0.500000,2.000000,0.100000,0.977241,0.675813,1.506496,0.208238,0.025173
springer_revision_full_20260530,run_logs/20260530T210622745Z_decentralized-only_p1_g0p5_d2_loss0p1_run02.csv,2026-05-30T21:06:22.745Z,2026-05-30T21:06:22.745Z,decentralized-only_p1_g0p5_d2_loss0p1,2,decentralized_only,1.000000,0.500000,2.000000,0.100000,1.005463,0.644187,1.486766,0.204977,0.025769
springer_revision_full_20260530,run_logs/20260530T210622745Z_decentralized-only_p1_g0p5_d2_loss0p1_run03.csv,2026-05-30T21:06:22.745Z,2026-05-30T21:06:22.746Z,decentralized-only_p1_g0p5_d2_loss0p1,3,decentralized_only,1.000000,0.500000,2.000000,0.100000,1.002707,0.651234,1.529285,0.200168,0.026281
springer_revision_full_20260530,run_logs/20260530T210622746Z_decentralized-only_p1_g0p5_d2_loss0p1_run04.csv,2026-05-30T21:06:22.746Z,2026-05-30T21:06:22.746Z,decentralized-only_p1_g0p5_d2_loss0p1,4,decentralized_only,1.000000,0.500000,2.000000,0.100000,0.980142,0.664576,1.508872,0.198744,0.023699
springer_revision_full_20260530,run_logs/20260530T210622746Z_decentralized-only_p1_g0p5_d2_loss0p1_run05.csv,2026-05-30T21:06:22.746Z,2026-05-30T21:06:22.747Z,decentralized-only_p1_g0p5_d2_loss0p1,5,decentralized_only,1.000000,0.500000,2.000000,0.100000,0.985642,0.670577,1.469700,0.192558,0.022448
springer_revision_full_20260530,run_logs/20260530T210622747Z_decentralized-only_p1_g0p5_d2_loss0p3_run01.csv,2026-05-30T21:06:22.747Z,2026-05-30T21:06:22.747Z,decentralized-only_p1_g0p5_d2_loss0p3,1,decentralized_only,1.000000,0.500000,2.000000,0.300000,1.146808,0.777490,1.673647,0.169864,0.022420
springer_revision_full_20260530,run_logs/20260530T210622747Z_decentralized-only_p1_g0p5_d2_loss0p3_run02.csv,2026-05-30T21:06:22.747Z,2026-05-30T21:06:22.747Z,decentralized-only_p1_g0p5_d2_loss0p3,2,decentralized_only,1.000000,0.500000,2.000000,0.300000,1.171305,0.766309,1.700721,0.164199,0.021886
springer_revision_full_20260530,run_logs/20260530T210622748Z_decentralized-only_p1_g0p5_d2_loss0p3_run03.csv,2026-05-30T21:06:22.748Z,2026-05-30T21:06:22.748Z,decentralized-only_p1_g0p5_d2_loss0p3,3,decentralized_only,1.000000,0.500000,2.000000,0.300000,1.155749,0.803736,1.693240,0.160368,0.024365
springer_revision_full_20260530,run_logs/20260530T210622748Z_decentralized-only_p1_g0p5_d2_loss0p3_run04.csv,2026-05-30T21:06:22.748Z,2026-05-30T21:06:22.748Z,decentralized-only_p1_g0p5_d2_loss0p3,4,decentralized_only,1.000000,0.500000,2.000000,0.300000,1.169430,0.789624,1.706537,0.161515,0.022451
springer_revision_full_20260530,run_logs/20260530T210622748Z_decentralized-only_p1_g0p5_d2_loss0p3_run05.csv,2026-05-30T21:06:22.748Z,2026-05-30T21:06:22.749Z,decentralized-only_p1_g0p5_d2_loss0p3,5,decentralized_only,1.000000,0.500000,2.000000,0.300000,1.147476,0.764840,1.679239,0.155248,0.023112
springer_revision_full_20260530,run_logs/20260530T210622749Z_decentralized-only_p1_g1_d0p5_loss0p1_run01.csv,2026-05-30T21:06:22.749Z,2026-05-30T21:06:22.750Z,decentralized-only_p1_g1_d0p5_loss0p1,1,decentralized_only,1.000000,1.000000,0.500000,0.100000,0.816297,0.542735,0.971187,0.416825,0.054163
springer_revision_full_20260530,run_logs/20260530T210622750Z_decentralized-only_p1_g1_d0p5_loss0p1_run02.csv,2026-05-30T21:06:22.750Z,2026-05-30T21:06:22.750Z,decentralized-only_p1_g1_d0p5_loss0p1,2,decentralized_only,1.000000,1.000000,0.500000,0.100000,0.808338,0.556096,1.003363,0.409369,0.052960
springer_revision_full_20260530,run_logs/20260530T210622750Z_decentralized-only_p1_g1_d0p5_loss0p1_run03.csv,2026-05-30T21:06:22.750Z,2026-05-30T21:06:22.751Z,decentralized-only_p1_g1_d0p5_loss0p1,3,decentralized_only,1.000000,1.000000,0.500000,0.100000,0.791708,0.533619,0.934795,0.403793,0.055941
springer_revision_full_20260530,run_logs/20260530T210622751Z_decentralized-only_p1_g1_d0p5_loss0p1_run04.csv,2026-05-30T21:06:22.751Z,2026-05-30T21:06:22.751Z,decentralized-only_p1_g1_d0p5_loss0p1,4,decentralized_only,1.000000,1.000000,0.500000,0.100000,0.809797,0.558750,0.991695,0.401246,0.053597
springer_revision_full_20260530,run_logs/20260530T210622752Z_decentralized-only_p1_g1_d0p5_loss0p1_run05.csv,2026-05-30T21:06:22.752Z,2026-05-30T21:06:22.752Z,decentralized-only_p1_g1_d0p5_loss0p1,5,decentralized_only,1.000000,1.000000,0.500000,0.100000,0.804070,0.559044,1.014488,0.398161,0.045741
springer_revision_full_20260530,run_logs/20260530T210622752Z_decentralized-only_p1_g1_d0p5_loss0p3_run01.csv,2026-05-30T21:06:22.752Z,2026-05-30T21:06:22.752Z,decentralized-only_p1_g1_d0p5_loss0p3,1,decentralized_only,1.000000,1.000000,0.500000,0.300000,0.980568,0.670126,1.166088,0.355606,0.055529
springer_revision_full_20260530,run_logs/20260530T210622753Z_decentralized-only_p1_g1_d0p5_loss0p3_run02.csv,2026-05-30T21:06:22.753Z,2026-05-30T21:06:22.753Z,decentralized-only_p1_g1_d0p5_loss0p3,2,decentralized_only,1.000000,1.000000,0.500000,0.300000,0.940178,0.676231,1.174710,0.348323,0.043192
springer_revision_full_20260530,run_logs/20260530T210622753Z_decentralized-only_p1_g1_d0p5_loss0p3_run03.csv,2026-05-30T21:06:22.753Z,2026-05-30T21:06:22.754Z,decentralized-only_p1_g1_d0p5_loss0p3,3,decentralized_only,1.000000,1.000000,0.500000,0.300000,0.987850,0.670478,1.201300,0.336638,0.038719
springer_revision_full_20260530,run_logs/20260530T210622754Z_decentralized-only_p1_g1_d0p5_loss0p3_run04.csv,2026-05-30T21:06:22.754Z,2026-05-30T21:06:22.754Z,decentralized-only_p1_g1_d0p5_loss0p3,4,decentralized_only,1.000000,1.000000,0.500000,0.300000,0.987460,0.657892,1.183594,0.329183,0.052920
springer_revision_full_20260530,run_logs/20260530T210622754Z_decentralized-only_p1_g1_d0p5_loss0p3_run05.csv,2026-05-30T21:06:22.754Z,2026-05-30T21:06:22.754Z,decentralized-only_p1_g1_d0p5_loss0p3,5,decentralized_only,1.000000,1.000000,0.500000,0.300000,0.976859,0.679569,1.159308,0.326540,0.042473
springer_revision_full_20260530,run_logs/20260530T210622755Z_decentralized-only_p1_g1_d2_loss0p1_run01.csv,2026-05-30T21:06:22.755Z,2026-05-30T21:06:22.755Z,decentralized-only_p1_g1_d2_loss0p1,1,decentralized_only,1.000000,1.000000,2.000000,0.100000,1.017260,0.648143,1.517122,0.080079,0.011972
springer_revision_full_20260530,run_logs/20260530T210622755Z_decentralized-only_p1_g1_d2_loss0p1_run02.csv,2026-05-30T21:06:22.755Z,2026-05-30T21:06:22.755Z,decentralized-only_p1_g1_d2_loss0p1,2,decentralized_only,1.000000,1.000000,2.000000,0.100000,0.992298,0.659700,1.511322,0.077388,0.013659
springer_revision_full_20260530,run_logs/20260530T210622756Z_decentralized-only_p1_g1_d2_loss0p1_run03.csv,2026-05-30T21:06:22.756Z,2026-05-30T21:06:22.756Z,decentralized-only_p1_g1_d2_loss0p1,3,decentralized_only,1.000000,1.000000,2.000000,0.100000,0.986896,0.665898,1.487678,0.075670,0.012611
springer_revision_full_20260530,run_logs/20260530T210622756Z_decentralized-only_p1_g1_d2_loss0p1_run04.csv,2026-05-30T21:06:22.756Z,2026-05-30T21:06:22.756Z,decentralized-only_p1_g1_d2_loss0p1,4,decentralized_only,1.000000,1.000000,2.000000,0.100000,0.979847,0.670648,1.544426,0.071025,0.011080
springer_revision_full_20260530,run_logs/20260530T210622756Z_decentralized-only_p1_g1_d2_loss0p1_run05.csv,2026-05-30T21:06:22.756Z,2026-05-30T21:06:22.757Z,decentralized-only_p1_g1_d2_loss0p1,5,decentralized_only,1.000000,1.000000,2.000000,0.100000,0.981837,0.659089,1.515015,0.072105,0.012221
springer_revision_full_20260530,run_logs/20260530T210622757Z_decentralized-only_p1_g1_d2_loss0p3_run01.csv,2026-05-30T21:06:22.757Z,2026-05-30T21:06:22.757Z,decentralized-only_p1_g1_d2_loss0p3,1,decentralized_only,1.000000,1.000000,2.000000,0.300000,1.152403,0.786901,1.698225,0.062449,0.008007
springer_revision_full_20260530,run_logs/20260530T210622757Z_decentralized-only_p1_g1_d2_loss0p3_run02.csv,2026-05-30T21:06:22.757Z,2026-05-30T21:06:22.758Z,decentralized-only_p1_g1_d2_loss0p3,2,decentralized_only,1.000000,1.000000,2.000000,0.300000,1.162261,0.774760,1.727275,0.061519,0.013072
springer_revision_full_20260530,run_logs/20260530T210622758Z_decentralized-only_p1_g1_d2_loss0p3_run03.csv,2026-05-30T21:06:22.758Z,2026-05-30T21:06:22.759Z,decentralized-only_p1_g1_d2_loss0p3,3,decentralized_only,1.000000,1.000000,2.000000,0.300000,1.191840,0.800948,1.693361,0.059594,0.011582
springer_revision_full_20260530,run_logs/20260530T210622759Z_decentralized-only_p1_g1_d2_loss0p3_run04.csv,2026-05-30T21:06:22.759Z,2026-05-30T21:06:22.759Z,decentralized-only_p1_g1_d2_loss0p3,4,decentralized_only,1.000000,1.000000,2.000000,0.300000,1.161143,0.776677,1.748307,0.059083,0.010453
springer_revision_full_20260530,run_logs/20260530T210622760Z_decentralized-only_p1_g1_d2_loss0p3_run05.csv,2026-05-30T21:06:22.760Z,2026-05-30T21:06:22.760Z,decentralized-only_p1_g1_d2_loss0p3,5,decentralized_only,1.000000,1.000000,2.000000,0.300000,1.168211,0.786971,1.707988,0.057514,0.013778
springer_revision_full_20260530,run_logs/20260530T210622760Z_decentralized-only_p2_g0_d0p5_loss0p1_run01.csv,2026-05-30T21:06:22.760Z,2026-05-30T21:06:22.761Z,decentralized-only_p2_g0_d0p5_loss0p1,1,decentralized_only,2.000000,0.000000,0.500000,0.100000,0.770557,0.531653,0.959867,0.895479,0.037392
springer_revision_full_20260530,run_logs/20260530T210622761Z_decentralized-only_p2_g0_d0p5_loss0p1_run02.csv,2026-05-30T21:06:22.761Z,2026-05-30T21:06:22.762Z,decentralized-only_p2_g0_d0p5_loss0p1,2,decentralized_only,2.000000,0.000000,0.500000,0.100000,0.777603,0.532969,0.947806,0.889709,0.034377
springer_revision_full_20260530,run_logs/20260530T210622762Z_decentralized-only_p2_g0_d0p5_loss0p1_run03.csv,2026-05-30T21:06:22.762Z,2026-05-30T21:06:22.763Z,decentralized-only_p2_g0_d0p5_loss0p1,3,decentralized_only,2.000000,0.000000,0.500000,0.100000,0.805698,0.530777,0.954172,0.882333,0.040722
springer_revision_full_20260530,run_logs/20260530T210622763Z_decentralized-only_p2_g0_d0p5_loss0p1_run04.csv,2026-05-30T21:06:22.763Z,2026-05-30T21:06:22.764Z,decentralized-only_p2_g0_d0p5_loss0p1,4,decentralized_only,2.000000,0.000000,0.500000,0.100000,0.811097,0.553719,0.967120,0.876441,0.042944
springer_revision_full_20260530,run_logs/20260530T210622764Z_decentralized-only_p2_g0_d0p5_loss0p1_run05.csv,2026-05-30T21:06:22.764Z,2026-05-30T21:06:22.764Z,decentralized-only_p2_g0_d0p5_loss0p1,5,decentralized_only,2.000000,0.000000,0.500000,0.100000,0.768063,0.535838,0.962378,0.867576,0.037200
springer_revision_full_20260530,run_logs/20260530T210622765Z_decentralized-only_p2_g0_d0p5_loss0p3_run01.csv,2026-05-30T21:06:22.765Z,2026-05-30T21:06:22.765Z,decentralized-only_p2_g0_d0p5_loss0p3,1,decentralized_only,2.000000,0.000000,0.500000,0.300000,0.984733,0.669803,1.131154,0.815202,0.048947
springer_revision_full_20260530,run_logs/20260530T210622766Z_decentralized-only_p2_g0_d0p5_loss0p3_run02.csv,2026-05-30T21:06:22.766Z,2026-05-30T21:06:22.766Z,decentralized-only_p2_g0_d0p5_loss0p3,2,decentralized_only,2.000000,0.000000,0.500000,0.300000,0.963260,0.679570,1.167359,0.801096,0.051606
springer_revision_full_20260530,run_logs/20260530T210622766Z_decentralized-only_p2_g0_d0p5_loss0p3_run03.csv,2026-05-30T21:06:22.766Z,2026-05-30T21:06:22.767Z,decentralized-only_p2_g0_d0p5_loss0p3,3,decentralized_only,2.000000,0.000000,0.500000,0.300000,0.974060,0.661224,1.159608,0.797565,0.053504
springer_revision_full_20260530,run_logs/20260530T210622767Z_decentralized-only_p2_g0_d0p5_loss0p3_run04.csv,2026-05-30T21:06:22.767Z,2026-05-30T21:06:22.768Z,decentralized-only_p2_g0_d0p5_loss0p3,4,decentralized_only,2.000000,0.000000,0.500000,0.300000,0.972332,0.653504,1.193256,0.788946,0.051655
springer_revision_full_20260530,run_logs/20260530T210622768Z_decentralized-only_p2_g0_d0p5_loss0p3_run05.csv,2026-05-30T21:06:22.768Z,2026-05-30T21:06:22.769Z,decentralized-only_p2_g0_d0p5_loss0p3,5,decentralized_only,2.000000,0.000000,0.500000,0.300000,0.965782,0.658837,1.144090,0.777866,0.049972
springer_revision_full_20260530,run_logs/20260530T210622769Z_decentralized-only_p2_g0_d2_loss0p1_run01.csv,2026-05-30T21:06:22.769Z,2026-05-30T21:06:22.770Z,decentralized-only_p2_g0_d2_loss0p1,1,decentralized_only,2.000000,0.000000,2.000000,0.100000,1.001749,0.663958,1.459869,0.807814,0.045032
springer_revision_full_20260530,run_logs/20260530T210622770Z_decentralized-only_p2_g0_d2_loss0p1_run02.csv,2026-05-30T21:06:22.770Z,2026-05-30T21:06:22.771Z,decentralized-only_p2_g0_d2_loss0p1,2,decentralized_only,2.000000,0.000000,2.000000,0.100000,0.977664,0.667328,1.485216,0.792780,0.055699
springer_revision_full_20260530,run_logs/20260530T210622771Z_decentralized-only_p2_g0_d2_loss0p1_run03.csv,2026-05-30T21:06:22.771Z,2026-05-30T21:06:22.772Z,decentralized-only_p2_g0_d2_loss0p1,3,decentralized_only,2.000000,0.000000,2.000000,0.100000,0.992151,0.667743,1.485426,0.793675,0.052569
springer_revision_full_20260530,run_logs/20260530T210622772Z_decentralized-only_p2_g0_d2_loss0p1_run04.csv,2026-05-30T21:06:22.772Z,2026-05-30T21:06:22.772Z,decentralized-only_p2_g0_d2_loss0p1,4,decentralized_only,2.000000,0.000000,2.000000,0.100000,0.971310,0.660037,1.476250,0.782014,0.057065
springer_revision_full_20260530,run_logs/20260530T210622773Z_decentralized-only_p2_g0_d2_loss0p1_run05.csv,2026-05-30T21:06:22.773Z,2026-05-30T21:06:22.773Z,decentralized-only_p2_g0_d2_loss0p1,5,decentralized_only,2.000000,0.000000,2.000000,0.100000,1.001776,0.670780,1.458660,0.778396,0.053796
springer_revision_full_20260530,run_logs/20260530T210622774Z_decentralized-only_p2_g0_d2_loss0p3_run01.csv,2026-05-30T21:06:22.774Z,2026-05-30T21:06:22.774Z,decentralized-only_p2_g0_d2_loss0p3,1,decentralized_only,2.000000,0.000000,2.000000,0.300000,1.125829,0.778832,1.682542,0.705090,0.055091
springer_revision_full_20260530,run_logs/20260530T210622774Z_decentralized-only_p2_g0_d2_loss0p3_run02.csv,2026-05-30T21:06:22.774Z,2026-05-30T21:06:22.775Z,decentralized-only_p2_g0_d2_loss0p3,2,decentralized_only,2.000000,0.000000,2.000000,0.300000,1.150853,0.798082,1.664438,0.687023,0.063094
springer_revision_full_20260530,run_logs/20260530T210622775Z_decentralized-only_p2_g0_d2_loss0p3_run03.csv,2026-05-30T21:06:22.775Z,2026-05-30T21:06:22.776Z,decentralized-only_p2_g0_d2_loss0p3,3,decentralized_only,2.000000,0.000000,2.000000,0.300000,1.157877,0.791581,1.688963,0.682667,0.061350
springer_revision_full_20260530,run_logs/20260530T210622776Z_decentralized-only_p2_g0_d2_loss0p3_run04.csv,2026-05-30T21:06:22.776Z,2026-05-30T21:06:22.777Z,decentralized-only_p2_g0_d2_loss0p3,4,decentralized_only,2.000000,0.000000,2.000000,0.300000,1.126262,0.788219,1.663138,0.666610,0.062193
springer_revision_full_20260530,run_logs/20260530T210622777Z_decentralized-only_p2_g0_d2_loss0p3_run05.csv,2026-05-30T21:06:22.777Z,2026-05-30T21:06:22.778Z,decentralized-only_p2_g0_d2_loss0p3,5,decentralized_only,2.000000,0.000000,2.000000,0.300000,1.118634,0.768599,1.699154,0.652478,0.067895
springer_revision_full_20260530,run_logs/20260530T210622778Z_decentralized-only_p2_g0p25_d0p5_loss0p1_run01.csv,2026-05-30T21:06:22.778Z,2026-05-30T21:06:22.779Z,decentralized-only_p2_g0p25_d0p5_loss0p1,1,decentralized_only,2.000000,0.250000,0.500000,0.100000,0.814307,0.549372,0.965960,0.790261,0.035763
springer_revision_full_20260530,run_logs/20260530T210622779Z_decentralized-only_p2_g0p25_d0p5_loss0p1_run02.csv,2026-05-30T21:06:22.779Z,2026-05-30T21:06:22.780Z,decentralized-only_p2_g0p25_d0p5_loss0p1,2,decentralized_only,2.000000,0.250000,0.500000,0.100000,0.812631,0.529368,0.935630,0.779139,0.039575
springer_revision_full_20260530,run_logs/20260530T210622780Z_decentralized-only_p2_g0p25_d0p5_loss0p1_run03.csv,2026-05-30T21:06:22.780Z,2026-05-30T21:06:22.780Z,decentralized-only_p2_g0p25_d0p5_loss0p1,3,decentralized_only,2.000000,0.250000,0.500000,0.100000,0.799043,0.555762,0.949490,0.780984,0.038080
springer_revision_full_20260530,run_logs/20260530T210622781Z_decentralized-only_p2_g0p25_d0p5_loss0p1_run04.csv,2026-05-30T21:06:22.781Z,2026-05-30T21:06:22.781Z,decentralized-only_p2_g0p25_d0p5_loss0p1,4,decentralized_only,2.000000,0.250000,0.500000,0.100000,0.812931,0.533815,0.956151,0.773971,0.038238
springer_revision_full_20260530,run_logs/20260530T210622781Z_decentralized-only_p2_g0p25_d0p5_loss0p1_run05.csv,2026-05-30T21:06:22.781Z,2026-05-30T21:06:22.782Z,decentralized-only_p2_g0p25_d0p5_loss0p1,5,decentralized_only,2.000000,0.250000,0.500000,0.100000,0.808590,0.527488,0.970184,0.763525,0.038583
springer_revision_full_20260530,run_logs/20260530T210622782Z_decentralized-only_p2_g0p25_d0p5_loss0p3_run01.csv,2026-05-30T21:06:22.782Z,2026-05-30T21:06:22.783Z,decentralized-only_p2_g0p25_d0p5_loss0p3,1,decentralized_only,2.000000,0.250000,0.500000,0.300000,0.978429,0.660680,1.147559,0.720499,0.048767
springer_revision_full_20260530,run_logs/20260530T210622783Z_decentralized-only_p2_g0p25_d0p5_loss0p3_run02.csv,2026-05-30T21:06:22.783Z,2026-05-30T21:06:22.784Z,decentralized-only_p2_g0p25_d0p5_loss0p3,2,decentralized_only,2.000000,0.250000,0.500000,0.300000,0.983946,0.674828,1.141367,0.718884,0.043193
springer_revision_full_20260530,run_logs/20260530T210622784Z_decentralized-only_p2_g0p25_d0p5_loss0p3_run03.csv,2026-05-30T21:06:22.784Z,2026-05-30T21:06:22.784Z,decentralized-only_p2_g0p25_d0p5_loss0p3,3,decentralized_only,2.000000,0.250000,0.500000,0.300000,0.967983,0.663973,1.150466,0.704763,0.047734
springer_revision_full_20260530,run_logs/20260530T210622785Z_decentralized-only_p2_g0p25_d0p5_loss0p3_run04.csv,2026-05-30T21:06:22.785Z,2026-05-30T21:06:22.785Z,decentralized-only_p2_g0p25_d0p5_loss0p3,4,decentralized_only,2.000000,0.250000,0.500000,0.300000,0.952018,0.662449,1.137129,0.698297,0.048553
springer_revision_full_20260530,run_logs/20260530T210622785Z_decentralized-only_p2_g0p25_d0p5_loss0p3_run05.csv,2026-05-30T21:06:22.785Z,2026-05-30T21:06:22.786Z,decentralized-only_p2_g0p25_d0p5_loss0p3,5,decentralized_only,2.000000,0.250000,0.500000,0.300000,0.968386,0.669105,1.153155,0.695035,0.049507
springer_revision_full_20260530,run_logs/20260530T210622786Z_decentralized-only_p2_g0p25_d2_loss0p1_run01.csv,2026-05-30T21:06:22.786Z,2026-05-30T21:06:22.787Z,decentralized-only_p2_g0p25_d2_loss0p1,1,decentralized_only,2.000000,0.250000,2.000000,0.100000,0.997031,0.666365,1.467026,0.491309,0.029748
springer_revision_full_20260530,run_logs/20260530T210622787Z_decentralized-only_p2_g0p25_d2_loss0p1_run02.csv,2026-05-30T21:06:22.787Z,2026-05-30T21:06:22.787Z,decentralized-only_p2_g0p25_d2_loss0p1,2,decentralized_only,2.000000,0.250000,2.000000,0.100000,0.983252,0.660978,1.486273,0.481779,0.035715
springer_revision_full_20260530,run_logs/20260530T210622787Z_decentralized-only_p2_g0p25_d2_loss0p1_run03.csv,2026-05-30T21:06:22.787Z,2026-05-30T21:06:22.788Z,decentralized-only_p2_g0p25_d2_loss0p1,3,decentralized_only,2.000000,0.250000,2.000000,0.100000,0.977457,0.653763,1.544680,0.478633,0.035097
springer_revision_full_20260530,run_logs/20260530T210622788Z_decentralized-only_p2_g0p25_d2_loss0p1_run04.csv,2026-05-30T21:06:22.788Z,2026-05-30T21:06:22.789Z,decentralized-only_p2_g0p25_d2_loss0p1,4,decentralized_only,2.000000,0.250000,2.000000,0.100000,0.993936,0.657711,1.481752,0.474609,0.034673
springer_revision_full_20260530,run_logs/20260530T210622789Z_decentralized-only_p2_g0p25_d2_loss0p1_run05.csv,2026-05-30T21:06:22.789Z,2026-05-30T21:06:22.790Z,decentralized-only_p2_g0p25_d2_loss0p1,5,decentralized_only,2.000000,0.250000,2.000000,0.100000,0.977410,0.677053,1.477156,0.468120,0.029441
springer_revision_full_20260530,run_logs/20260530T210622790Z_decentralized-only_p2_g0p25_d2_loss0p3_run01.csv,2026-05-30T21:06:22.790Z,2026-05-30T21:06:22.790Z,decentralized-only_p2_g0p25_d2_loss0p3,1,decentralized_only,2.000000,0.250000,2.000000,0.300000,1.150987,0.786028,1.720191,0.427777,0.038923
springer_revision_full_20260530,run_logs/20260530T210622791Z_decentralized-only_p2_g0p25_d2_loss0p3_run02.csv,2026-05-30T21:06:22.791Z,2026-05-30T21:06:22.791Z,decentralized-only_p2_g0p25_d2_loss0p3,2,decentralized_only,2.000000,0.250000,2.000000,0.300000,1.150676,0.764861,1.673176,0.417902,0.042850
springer_revision_full_20260530,run_logs/20260530T210622792Z_decentralized-only_p2_g0p25_d2_loss0p3_run03.csv,2026-05-30T21:06:22.792Z,2026-05-30T21:06:22.792Z,decentralized-only_p2_g0p25_d2_loss0p3,3,decentralized_only,2.000000,0.250000,2.000000,0.300000,1.151267,0.786906,1.703017,0.406967,0.033608
springer_revision_full_20260530,run_logs/20260530T210622792Z_decentralized-only_p2_g0p25_d2_loss0p3_run04.csv,2026-05-30T21:06:22.792Z,2026-05-30T21:06:22.793Z,decentralized-only_p2_g0p25_d2_loss0p3,4,decentralized_only,2.000000,0.250000,2.000000,0.300000,1.158596,0.776131,1.680096,0.404635,0.043740
springer_revision_full_20260530,run_logs/20260530T210622793Z_decentralized-only_p2_g0p25_d2_loss0p3_run05.csv,2026-05-30T21:06:22.793Z,2026-05-30T21:06:22.794Z,decentralized-only_p2_g0p25_d2_loss0p3,5,decentralized_only,2.000000,0.250000,2.000000,0.300000,1.143327,0.787150,1.679440,0.396244,0.046161
springer_revision_full_20260530,run_logs/20260530T210622794Z_decentralized-only_p2_g0p5_d0p5_loss0p1_run01.csv,2026-05-30T21:06:22.794Z,2026-05-30T21:06:22.795Z,decentralized-only_p2_g0p5_d0p5_loss0p1,1,decentralized_only,2.000000,0.500000,0.500000,0.100000,0.814347,0.550602,0.985871,0.700008,0.037249
springer_revision_full_20260530,run_logs/20260530T210622795Z_decentralized-only_p2_g0p5_d0p5_loss0p1_run02.csv,2026-05-30T21:06:22.795Z,2026-05-30T21:06:22.796Z,decentralized-only_p2_g0p5_d0p5_loss0p1,2,decentralized_only,2.000000,0.500000,0.500000,0.100000,0.822964,0.534922,0.966963,0.702498,0.046904
springer_revision_full_20260530,run_logs/20260530T210622796Z_decentralized-only_p2_g0p5_d0p5_loss0p1_run03.csv,2026-05-30T21:06:22.796Z,2026-05-30T21:06:22.797Z,decentralized-only_p2_g0p5_d0p5_loss0p1,3,decentralized_only,2.000000,0.500000,0.500000,0.100000,0.814572,0.549985,0.911759,0.684240,0.047072
springer_revision_full_20260530,run_logs/20260530T210622797Z_decentralized-only_p2_g0p5_d0p5_loss0p1_run04.csv,2026-05-30T21:06:22.797Z,2026-05-30T21:06:22.797Z,decentralized-only_p2_g0p5_d0p5_loss0p1,4,decentralized_only,2.000000,0.500000,0.500000,0.100000,0.785972,0.536680,0.983300,0.682156,0.041577
springer_revision_full_20260530,run_logs/20260530T210622798Z_decentralized-only_p2_g0p5_d0p5_loss0p1_run05.csv,2026-05-30T21:06:22.798Z,2026-05-30T21:06:22.798Z,decentralized-only_p2_g0p5_d0p5_loss0p1,5,decentralized_only,2.000000,0.500000,0.500000,0.100000,0.806533,0.526487,0.962415,0.677250,0.040715
springer_revision_full_20260530,run_logs/20260530T210622798Z_decentralized-only_p2_g0p5_d0p5_loss0p3_run01.csv,2026-05-30T21:06:22.798Z,2026-05-30T21:06:22.799Z,decentralized-only_p2_g0p5_d0p5_loss0p3,1,decentralized_only,2.000000,0.500000,0.500000,0.300000,0.945937,0.663234,1.130406,0.640073,0.045416
springer_revision_full_20260530,run_logs/20260530T210622799Z_decentralized-only_p2_g0p5_d0p5_loss0p3_run02.csv,2026-05-30T21:06:22.799Z,2026-05-30T21:06:22.800Z,decentralized-only_p2_g0p5_d0p5_loss0p3,2,decentralized_only,2.000000,0.500000,0.500000,0.300000,0.957751,0.691756,1.130919,0.625175,0.052743
springer_revision_full_20260530,run_logs/20260530T210622800Z_decentralized-only_p2_g0p5_d0p5_loss0p3_run03.csv,2026-05-30T21:06:22.800Z,2026-05-30T21:06:22.801Z,decentralized-only_p2_g0p5_d0p5_loss0p3,3,decentralized_only,2.000000,0.500000,0.500000,0.300000,0.965472,0.667240,1.134637,0.618759,0.054986
springer_revision_full_20260530,run_logs/20260530T210622801Z_decentralized-only_p2_g0p5_d0p5_loss0p3_run04.csv,2026-05-30T21:06:22.801Z,2026-05-30T21:06:22.802Z,decentralized-only_p2_g0p5_d0p5_loss0p3,4,decentralized_only,2.000000,0.500000,0.500000,0.300000,0.976971,0.678164,1.152628,0.621023,0.047351
springer_revision_full_20260530,run_logs/20260530T210622802Z_decentralized-only_p2_g0p5_d0p5_loss0p3_run05.csv,2026-05-30T21:06:22.802Z,2026-05-30T21:06:22.803Z,decentralized-only_p2_g0p5_d0p5_loss0p3,5,decentralized_only,2.000000,0.500000,0.500000,0.300000,0.984607,0.666292,1.123712,0.613613,0.053009
springer_revision_full_20260530,run_logs/20260530T210622803Z_decentralized-only_p2_g0p5_d2_loss0p1_run01.csv,2026-05-30T21:06:22.803Z,2026-05-30T21:06:22.803Z,decentralized-only_p2_g0p5_d2_loss0p1,1,decentralized_only,2.000000,0.500000,2.000000,0.100000,0.993815,0.656200,1.513480,0.298958,0.025192
springer_revision_full_20260530,run_logs/20260530T210622804Z_decentralized-only_p2_g0p5_d2_loss0p1_run02.csv,2026-05-30T21:06:22.804Z,2026-05-30T21:06:22.804Z,decentralized-only_p2_g0p5_d2_loss0p1,2,decentralized_only,2.000000,0.500000,2.000000,0.100000,1.009897,0.646878,1.506526,0.297155,0.023746
springer_revision_full_20260530,run_logs/20260530T210622804Z_decentralized-only_p2_g0p5_d2_loss0p1_run03.csv,2026-05-30T21:06:22.804Z,2026-05-30T21:06:22.805Z,decentralized-only_p2_g0p5_d2_loss0p1,3,decentralized_only,2.000000,0.500000,2.000000,0.100000,0.993276,0.658625,1.516815,0.295242,0.024322
springer_revision_full_20260530,run_logs/20260530T210622805Z_decentralized-only_p2_g0p5_d2_loss0p1_run04.csv,2026-05-30T21:06:22.805Z,2026-05-30T21:06:22.806Z,decentralized-only_p2_g0p5_d2_loss0p1,4,decentralized_only,2.000000,0.500000,2.000000,0.100000,0.996960,0.658654,1.522014,0.283444,0.025381
springer_revision_full_20260530,run_logs/20260530T210622806Z_decentralized-only_p2_g0p5_d2_loss0p1_run05.csv,2026-05-30T21:06:22.806Z,2026-05-30T21:06:22.807Z,decentralized-only_p2_g0p5_d2_loss0p1,5,decentralized_only,2.000000,0.500000,2.000000,0.100000,1.009902,0.651441,1.481593,0.281158,0.026771
springer_revision_full_20260530,run_logs/20260530T210622807Z_decentralized-only_p2_g0p5_d2_loss0p3_run01.csv,2026-05-30T21:06:22.807Z,2026-05-30T21:06:22.808Z,decentralized-only_p2_g0p5_d2_loss0p3,1,decentralized_only,2.000000,0.500000,2.000000,0.300000,1.171124,0.775266,1.663947,0.257231,0.025430
springer_revision_full_20260530,run_logs/20260530T210622808Z_decentralized-only_p2_g0p5_d2_loss0p3_run02.csv,2026-05-30T21:06:22.808Z,2026-05-30T21:06:22.808Z,decentralized-only_p2_g0p5_d2_loss0p3,2,decentralized_only,2.000000,0.500000,2.000000,0.300000,1.175255,0.791899,1.696040,0.250578,0.029590
springer_revision_full_20260530,run_logs/20260530T210622809Z_decentralized-only_p2_g0p5_d2_loss0p3_run03.csv,2026-05-30T21:06:22.809Z,2026-05-30T21:06:22.809Z,decentralized-only_p2_g0p5_d2_loss0p3,3,decentralized_only,2.000000,0.500000,2.000000,0.300000,1.160391,0.796115,1.727105,0.242217,0.026415
springer_revision_full_20260530,run_logs/20260530T210622810Z_decentralized-only_p2_g0p5_d2_loss0p3_run04.csv,2026-05-30T21:06:22.810Z,2026-05-30T21:06:22.810Z,decentralized-only_p2_g0p5_d2_loss0p3,4,decentralized_only,2.000000,0.500000,2.000000,0.300000,1.168902,0.799799,1.685788,0.247448,0.029122
springer_revision_full_20260530,run_logs/20260530T210622810Z_decentralized-only_p2_g0p5_d2_loss0p3_run05.csv,2026-05-30T21:06:22.810Z,2026-05-30T21:06:22.811Z,decentralized-only_p2_g0p5_d2_loss0p3,5,decentralized_only,2.000000,0.500000,2.000000,0.300000,1.132204,0.774860,1.706420,0.245272,0.029585
springer_revision_full_20260530,run_logs/20260530T210622811Z_decentralized-only_p2_g1_d0p5_loss0p1_run01.csv,2026-05-30T21:06:22.811Z,2026-05-30T21:06:22.812Z,decentralized-only_p2_g1_d0p5_loss0p1,1,decentralized_only,2.000000,1.000000,0.500000,0.100000,0.810881,0.529900,0.982577,0.545219,0.053382
springer_revision_full_20260530,run_logs/20260530T210622812Z_decentralized-only_p2_g1_d0p5_loss0p1_run02.csv,2026-05-30T21:06:22.812Z,2026-05-30T21:06:22.813Z,decentralized-only_p2_g1_d0p5_loss0p1,2,decentralized_only,2.000000,1.000000,0.500000,0.100000,0.843122,0.552616,0.961414,0.545116,0.056766
springer_revision_full_20260530,run_logs/20260530T210622813Z_decentralized-only_p2_g1_d0p5_loss0p1_run03.csv,2026-05-30T21:06:22.813Z,2026-05-30T21:06:22.814Z,decentralized-only_p2_g1_d0p5_loss0p1,3,decentralized_only,2.000000,1.000000,0.500000,0.100000,0.813666,0.559142,0.971427,0.542713,0.057404
springer_revision_full_20260530,run_logs/20260530T210622814Z_decentralized-only_p2_g1_d0p5_loss0p1_run04.csv,2026-05-30T21:06:22.814Z,2026-05-30T21:06:22.815Z,decentralized-only_p2_g1_d0p5_loss0p1,4,decentralized_only,2.000000,1.000000,0.500000,0.100000,0.806256,0.526985,0.955601,0.541611,0.063297
springer_revision_full_20260530,run_logs/20260530T210622815Z_decentralized-only_p2_g1_d0p5_loss0p1_run05.csv,2026-05-30T21:06:22.815Z,2026-05-30T21:06:22.815Z,decentralized-only_p2_g1_d0p5_loss0p1,5,decentralized_only,2.000000,1.000000,0.500000,0.100000,0.805658,0.568184,0.994353,0.531916,0.056739
springer_revision_full_20260530,run_logs/20260530T210622816Z_decentralized-only_p2_g1_d0p5_loss0p3_run01.csv,2026-05-30T21:06:22.816Z,2026-05-30T21:06:22.816Z,decentralized-only_p2_g1_d0p5_loss0p3,1,decentralized_only,2.000000,1.000000,0.500000,0.300000,0.954659,0.663992,1.160041,0.499247,0.054194
springer_revision_full_20260530,run_logs/20260530T210622816Z_decentralized-only_p2_g1_d0p5_loss0p3_run02.csv,2026-05-30T21:06:22.816Z,2026-05-30T21:06:22.817Z,decentralized-only_p2_g1_d0p5_loss0p3,2,decentralized_only,2.000000,1.000000,0.500000,0.300000,0.994487,0.656695,1.175574,0.495042,0.049209
springer_revision_full_20260530,run_logs/20260530T210622817Z_decentralized-only_p2_g1_d0p5_loss0p3_run03.csv,2026-05-30T21:06:22.817Z,2026-05-30T21:06:22.818Z,decentralized-only_p2_g1_d0p5_loss0p3,3,decentralized_only,2.000000,1.000000,0.500000,0.300000,0.947890,0.677258,1.173216,0.493250,0.049926
springer_revision_full_20260530,run_logs/20260530T210622818Z_decentralized-only_p2_g1_d0p5_loss0p3_run04.csv,2026-05-30T21:06:22.818Z,2026-05-30T21:06:22.819Z,decentralized-only_p2_g1_d0p5_loss0p3,4,decentralized_only,2.000000,1.000000,0.500000,0.300000,0.975223,0.662299,1.156888,0.482799,0.056804
springer_revision_full_20260530,run_logs/20260530T210622819Z_decentralized-only_p2_g1_d0p5_loss0p3_run05.csv,2026-05-30T21:06:22.819Z,2026-05-30T21:06:22.820Z,decentralized-only_p2_g1_d0p5_loss0p3,5,decentralized_only,2.000000,1.000000,0.500000,0.300000,0.977611,0.678297,1.142998,0.466731,0.055888
springer_revision_full_20260530,run_logs/20260530T210622820Z_decentralized-only_p2_g1_d2_loss0p1_run01.csv,2026-05-30T21:06:22.820Z,2026-05-30T21:06:22.820Z,decentralized-only_p2_g1_d2_loss0p1,1,decentralized_only,2.000000,1.000000,2.000000,0.100000,0.985636,0.671329,1.502438,0.108279,0.015714
springer_revision_full_20260530,run_logs/20260530T210622821Z_decentralized-only_p2_g1_d2_loss0p1_run02.csv,2026-05-30T21:06:22.821Z,2026-05-30T21:06:22.821Z,decentralized-only_p2_g1_d2_loss0p1,2,decentralized_only,2.000000,1.000000,2.000000,0.100000,0.990036,0.663896,1.532801,0.108255,0.013878
springer_revision_full_20260530,run_logs/20260530T210622822Z_decentralized-only_p2_g1_d2_loss0p1_run03.csv,2026-05-30T21:06:22.822Z,2026-05-30T21:06:22.822Z,decentralized-only_p2_g1_d2_loss0p1,3,decentralized_only,2.000000,1.000000,2.000000,0.100000,0.951004,0.668154,1.536413,0.104884,0.014312
springer_revision_full_20260530,run_logs/20260530T210622822Z_decentralized-only_p2_g1_d2_loss0p1_run04.csv,2026-05-30T21:06:22.822Z,2026-05-30T21:06:22.823Z,decentralized-only_p2_g1_d2_loss0p1,4,decentralized_only,2.000000,1.000000,2.000000,0.100000,0.987687,0.662226,1.515726,0.108131,0.015685
springer_revision_full_20260530,run_logs/20260530T210622823Z_decentralized-only_p2_g1_d2_loss0p1_run05.csv,2026-05-30T21:06:22.823Z,2026-05-30T21:06:22.824Z,decentralized-only_p2_g1_d2_loss0p1,5,decentralized_only,2.000000,1.000000,2.000000,0.100000,0.990629,0.660196,1.500958,0.106447,0.014846
springer_revision_full_20260530,run_logs/20260530T210622824Z_decentralized-only_p2_g1_d2_loss0p3_run01.csv,2026-05-30T21:06:22.824Z,2026-05-30T21:06:22.825Z,decentralized-only_p2_g1_d2_loss0p3,1,decentralized_only,2.000000,1.000000,2.000000,0.300000,1.184514,0.785925,1.717494,0.096742,0.014095
springer_revision_full_20260530,run_logs/20260530T210622825Z_decentralized-only_p2_g1_d2_loss0p3_run02.csv,2026-05-30T21:06:22.825Z,2026-05-30T21:06:22.825Z,decentralized-only_p2_g1_d2_loss0p3,2,decentralized_only,2.000000,1.000000,2.000000,0.300000,1.162056,0.808297,1.713571,0.089870,0.012913
springer_revision_full_20260530,run_logs/20260530T210622826Z_decentralized-only_p2_g1_d2_loss0p3_run03.csv,2026-05-30T21:06:22.826Z,2026-05-30T21:06:22.826Z,decentralized-only_p2_g1_d2_loss0p3,3,decentralized_only,2.000000,1.000000,2.000000,0.300000,1.138110,0.767126,1.720887,0.092419,0.015017
springer_revision_full_20260530,run_logs/20260530T210622826Z_decentralized-only_p2_g1_d2_loss0p3_run04.csv,2026-05-30T21:06:22.826Z,2026-05-30T21:06:22.826Z,decentralized-only_p2_g1_d2_loss0p3,4,decentralized_only,2.000000,1.000000,2.000000,0.300000,1.154716,0.755654,1.699179,0.088585,0.013575
springer_revision_full_20260530,run_logs/20260530T210622826Z_decentralized-only_p2_g1_d2_loss0p3_run05.csv,2026-05-30T21:06:22.826Z,2026-05-30T21:06:22.827Z,decentralized-only_p2_g1_d2_loss0p3,5,decentralized_only,2.000000,1.000000,2.000000,0.300000,1.164114,0.784652,1.716908,0.089877,0.014659
springer_revision_full_20260530,run_logs/20260530T210622827Z_decentralized-only_p3_g0_d0p5_loss0p1_run01.csv,2026-05-30T21:06:22.827Z,2026-05-30T21:06:22.827Z,decentralized-only_p3_g0_d0p5_loss0p1,1,decentralized_only,3.000000,0.000000,0.500000,0.100000,0.778379,0.563588,0.960778,0.965333,0.017915
springer_revision_full_20260530,run_logs/20260530T210622827Z_decentralized-only_p3_g0_d0p5_loss0p1_run02.csv,2026-05-30T21:06:22.827Z,2026-05-30T21:06:22.828Z,decentralized-only_p3_g0_d0p5_loss0p1,2,decentralized_only,3.000000,0.000000,0.500000,0.100000,0.806092,0.548629,0.967096,0.961678,0.023314
springer_revision_full_20260530,run_logs/20260530T210622828Z_decentralized-only_p3_g0_d0p5_loss0p1_run03.csv,2026-05-30T21:06:22.828Z,2026-05-30T21:06:22.828Z,decentralized-only_p3_g0_d0p5_loss0p1,3,decentralized_only,3.000000,0.000000,0.500000,0.100000,0.809704,0.555749,0.961544,0.960348,0.018674
springer_revision_full_20260530,run_logs/20260530T210622828Z_decentralized-only_p3_g0_d0p5_loss0p1_run04.csv,2026-05-30T21:06:22.828Z,2026-05-30T21:06:22.829Z,decentralized-only_p3_g0_d0p5_loss0p1,4,decentralized_only,3.000000,0.000000,0.500000,0.100000,0.834215,0.545007,0.945342,0.952985,0.023697
springer_revision_full_20260530,run_logs/20260530T210622829Z_decentralized-only_p3_g0_d0p5_loss0p1_run05.csv,2026-05-30T21:06:22.829Z,2026-05-30T21:06:22.829Z,decentralized-only_p3_g0_d0p5_loss0p1,5,decentralized_only,3.000000,0.000000,0.500000,0.100000,0.794455,0.549447,0.931778,0.948825,0.026332
springer_revision_full_20260530,run_logs/20260530T210622829Z_decentralized-only_p3_g0_d0p5_loss0p3_run01.csv,2026-05-30T21:06:22.829Z,2026-05-30T21:06:22.830Z,decentralized-only_p3_g0_d0p5_loss0p3,1,decentralized_only,3.000000,0.000000,0.500000,0.300000,0.992446,0.664916,1.115800,0.918547,0.034956
springer_revision_full_20260530,run_logs/20260530T210622830Z_decentralized-only_p3_g0_d0p5_loss0p3_run02.csv,2026-05-30T21:06:22.830Z,2026-05-30T21:06:22.830Z,decentralized-only_p3_g0_d0p5_loss0p3,2,decentralized_only,3.000000,0.000000,0.500000,0.300000,0.973805,0.676013,1.122255,0.909944,0.040369
springer_revision_full_20260530,run_logs/20260530T210622830Z_decentralized-only_p3_g0_d0p5_loss0p3_run03.csv,2026-05-30T21:06:22.830Z,2026-05-30T21:06:22.831Z,decentralized-only_p3_g0_d0p5_loss0p3,3,decentralized_only,3.000000,0.000000,0.500000,0.300000,0.952395,0.657117,1.120122,0.911932,0.035861
springer_revision_full_20260530,run_logs/20260530T210622831Z_decentralized-only_p3_g0_d0p5_loss0p3_run04.csv,2026-05-30T21:06:22.831Z,2026-05-30T21:06:22.831Z,decentralized-only_p3_g0_d0p5_loss0p3,4,decentralized_only,3.000000,0.000000,0.500000,0.300000,0.965753,0.661816,1.150319,0.906458,0.034851
springer_revision_full_20260530,run_logs/20260530T210622831Z_decentralized-only_p3_g0_d0p5_loss0p3_run05.csv,2026-05-30T21:06:22.831Z,2026-05-30T21:06:22.831Z,decentralized-only_p3_g0_d0p5_loss0p3,5,decentralized_only,3.000000,0.000000,0.500000,0.300000,0.979504,0.688310,1.122948,0.892694,0.039878
springer_revision_full_20260530,run_logs/20260530T210622832Z_decentralized-only_p3_g0_d2_loss0p1_run01.csv,2026-05-30T21:06:22.832Z,2026-05-30T21:06:22.832Z,decentralized-only_p3_g0_d2_loss0p1,1,decentralized_only,3.000000,0.000000,2.000000,0.100000,0.997553,0.677425,1.526954,0.911048,0.035610
springer_revision_full_20260530,run_logs/20260530T210622832Z_decentralized-only_p3_g0_d2_loss0p1_run02.csv,2026-05-30T21:06:22.832Z,2026-05-30T21:06:22.832Z,decentralized-only_p3_g0_d2_loss0p1,2,decentralized_only,3.000000,0.000000,2.000000,0.100000,0.992698,0.658507,1.499174,0.911382,0.033398
springer_revision_full_20260530,run_logs/20260530T210622833Z_decentralized-only_p3_g0_d2_loss0p1_run03.csv,2026-05-30T21:06:22.833Z,2026-05-30T21:06:22.833Z,decentralized-only_p3_g0_d2_loss0p1,3,decentralized_only,3.000000,0.000000,2.000000,0.100000,1.004880,0.653743,1.511734,0.899159,0.046386
springer_revision_full_20260530,run_logs/20260530T210622833Z_decentralized-only_p3_g0_d2_loss0p1_run04.csv,2026-05-30T21:06:22.833Z,2026-05-30T21:06:22.833Z,decentralized-only_p3_g0_d2_loss0p1,4,decentralized_only,3.000000,0.000000,2.000000,0.100000,0.986275,0.664187,1.491669,0.892847,0.034138
springer_revision_full_20260530,run_logs/20260530T210622833Z_decentralized-only_p3_g0_d2_loss0p1_run05.csv,2026-05-30T21:06:22.833Z,2026-05-30T21:06:22.834Z,decentralized-only_p3_g0_d2_loss0p1,5,decentralized_only,3.000000,0.000000,2.000000,0.100000,0.977170,0.671894,1.472274,0.891390,0.040506
springer_revision_full_20260530,run_logs/20260530T210622834Z_decentralized-only_p3_g0_d2_loss0p3_run01.csv,2026-05-30T21:06:22.834Z,2026-05-30T21:06:22.834Z,decentralized-only_p3_g0_d2_loss0p3,1,decentralized_only,3.000000,0.000000,2.000000,0.300000,1.128009,0.768098,1.710592,0.828506,0.053923
springer_revision_full_20260530,run_logs/20260530T210622834Z_decentralized-only_p3_g0_d2_loss0p3_run02.csv,2026-05-30T21:06:22.834Z,2026-05-30T21:06:22.835Z,decentralized-only_p3_g0_d2_loss0p3,2,decentralized_only,3.000000,0.000000,2.000000,0.300000,1.171047,0.778127,1.675693,0.826827,0.055098
springer_revision_full_20260530,run_logs/20260530T210622835Z_decentralized-only_p3_g0_d2_loss0p3_run03.csv,2026-05-30T21:06:22.835Z,2026-05-30T21:06:22.835Z,decentralized-only_p3_g0_d2_loss0p3,3,decentralized_only,3.000000,0.000000,2.000000,0.300000,1.153355,0.783116,1.688953,0.811180,0.056610
springer_revision_full_20260530,run_logs/20260530T210622835Z_decentralized-only_p3_g0_d2_loss0p3_run04.csv,2026-05-30T21:06:22.835Z,2026-05-30T21:06:22.836Z,decentralized-only_p3_g0_d2_loss0p3,4,decentralized_only,3.000000,0.000000,2.000000,0.300000,1.147056,0.776033,1.699879,0.812705,0.061656
springer_revision_full_20260530,run_logs/20260530T210622836Z_decentralized-only_p3_g0_d2_loss0p3_run05.csv,2026-05-30T21:06:22.836Z,2026-05-30T21:06:22.836Z,decentralized-only_p3_g0_d2_loss0p3,5,decentralized_only,3.000000,0.000000,2.000000,0.300000,1.139007,0.769468,1.671824,0.795337,0.062967
springer_revision_full_20260530,run_logs/20260530T210622836Z_decentralized-only_p3_g0p25_d0p5_loss0p1_run01.csv,2026-05-30T21:06:22.836Z,2026-05-30T21:06:22.836Z,decentralized-only_p3_g0p25_d0p5_loss0p1,1,decentralized_only,3.000000,0.250000,0.500000,0.100000,0.807926,0.522513,0.938337,0.854867,0.023505
springer_revision_full_20260530,run_logs/20260530T210622837Z_decentralized-only_p3_g0p25_d0p5_loss0p1_run02.csv,2026-05-30T21:06:22.837Z,2026-05-30T21:06:22.837Z,decentralized-only_p3_g0p25_d0p5_loss0p1,2,decentralized_only,3.000000,0.250000,0.500000,0.100000,0.790130,0.530334,0.980080,0.847885,0.023021
springer_revision_full_20260530,run_logs/20260530T210622837Z_decentralized-only_p3_g0p25_d0p5_loss0p1_run03.csv,2026-05-30T21:06:22.837Z,2026-05-30T21:06:22.837Z,decentralized-only_p3_g0p25_d0p5_loss0p1,3,decentralized_only,3.000000,0.250000,0.500000,0.100000,0.796844,0.541415,0.924602,0.844230,0.026703
springer_revision_full_20260530,run_logs/20260530T210622837Z_decentralized-only_p3_g0p25_d0p5_loss0p1_run04.csv,2026-05-30T21:06:22.837Z,2026-05-30T21:06:22.838Z,decentralized-only_p3_g0p25_d0p5_loss0p1,4,decentralized_only,3.000000,0.250000,0.500000,0.100000,0.822725,0.536191,0.950270,0.845895,0.023099
springer_revision_full_20260530,run_logs/20260530T210622838Z_decentralized-only_p3_g0p25_d0p5_loss0p1_run05.csv,2026-05-30T21:06:22.838Z,2026-05-30T21:06:22.838Z,decentralized-only_p3_g0p25_d0p5_loss0p1,5,decentralized_only,3.000000,0.250000,0.500000,0.100000,0.820448,0.542451,0.943886,0.843202,0.022722
springer_revision_full_20260530,run_logs/20260530T210622838Z_decentralized-only_p3_g0p25_d0p5_loss0p3_run01.csv,2026-05-30T21:06:22.838Z,2026-05-30T21:06:22.839Z,decentralized-only_p3_g0p25_d0p5_loss0p3,1,decentralized_only,3.000000,0.250000,0.500000,0.300000,0.976499,0.666561,1.136879,0.811818,0.031887
springer_revision_full_20260530,run_logs/20260530T210622839Z_decentralized-only_p3_g0p25_d0p5_loss0p3_run02.csv,2026-05-30T21:06:22.839Z,2026-05-30T21:06:22.839Z,decentralized-only_p3_g0p25_d0p5_loss0p3,2,decentralized_only,3.000000,0.250000,0.500000,0.300000,0.978630,0.648687,1.143426,0.804361,0.043882
springer_revision_full_20260530,run_logs/20260530T210622839Z_decentralized-only_p3_g0p25_d0p5_loss0p3_run03.csv,2026-05-30T21:06:22.839Z,2026-05-30T21:06:22.840Z,decentralized-only_p3_g0p25_d0p5_loss0p3,3,decentralized_only,3.000000,0.250000,0.500000,0.300000,0.982267,0.643722,1.149790,0.802229,0.040078
springer_revision_full_20260530,run_logs/20260530T210622840Z_decentralized-only_p3_g0p25_d0p5_loss0p3_run04.csv,2026-05-30T21:06:22.840Z,2026-05-30T21:06:22.840Z,decentralized-only_p3_g0p25_d0p5_loss0p3,4,decentralized_only,3.000000,0.250000,0.500000,0.300000,0.989888,0.657423,1.125663,0.796073,0.032039
springer_revision_full_20260530,run_logs/20260530T210622840Z_decentralized-only_p3_g0p25_d0p5_loss0p3_run05.csv,2026-05-30T21:06:22.840Z,2026-05-30T21:06:22.840Z,decentralized-only_p3_g0p25_d0p5_loss0p3,5,decentralized_only,3.000000,0.250000,0.500000,0.300000,0.981609,0.665974,1.111276,0.791506,0.034868
springer_revision_full_20260530,run_logs/20260530T210622841Z_decentralized-only_p3_g0p25_d2_loss0p1_run01.csv,2026-05-30T21:06:22.841Z,2026-05-30T21:06:22.841Z,decentralized-only_p3_g0p25_d2_loss0p1,1,decentralized_only,3.000000,0.250000,2.000000,0.100000,0.983287,0.658191,1.526276,0.550184,0.027255
springer_revision_full_20260530,run_logs/20260530T210622841Z_decentralized-only_p3_g0p25_d2_loss0p1_run02.csv,2026-05-30T21:06:22.841Z,2026-05-30T21:06:22.841Z,decentralized-only_p3_g0p25_d2_loss0p1,2,decentralized_only,3.000000,0.250000,2.000000,0.100000,0.987870,0.648289,1.499129,0.549148,0.026034
springer_revision_full_20260530,run_logs/20260530T210622842Z_decentralized-only_p3_g0p25_d2_loss0p1_run03.csv,2026-05-30T21:06:22.842Z,2026-05-30T21:06:22.842Z,decentralized-only_p3_g0p25_d2_loss0p1,3,decentralized_only,3.000000,0.250000,2.000000,0.100000,0.982984,0.666656,1.496081,0.548823,0.026243
springer_revision_full_20260530,run_logs/20260530T210622842Z_decentralized-only_p3_g0p25_d2_loss0p1_run04.csv,2026-05-30T21:06:22.842Z,2026-05-30T21:06:22.842Z,decentralized-only_p3_g0p25_d2_loss0p1,4,decentralized_only,3.000000,0.250000,2.000000,0.100000,0.974815,0.660101,1.488249,0.545041,0.025751
springer_revision_full_20260530,run_logs/20260530T210622843Z_decentralized-only_p3_g0p25_d2_loss0p1_run05.csv,2026-05-30T21:06:22.843Z,2026-05-30T21:06:22.843Z,decentralized-only_p3_g0p25_d2_loss0p1,5,decentralized_only,3.000000,0.250000,2.000000,0.100000,0.976931,0.669887,1.535858,0.541508,0.025725
springer_revision_full_20260530,run_logs/20260530T210622843Z_decentralized-only_p3_g0p25_d2_loss0p3_run01.csv,2026-05-30T21:06:22.843Z,2026-05-30T21:06:22.843Z,decentralized-only_p3_g0p25_d2_loss0p3,1,decentralized_only,3.000000,0.250000,2.000000,0.300000,1.149465,0.780843,1.702094,0.501512,0.031522
springer_revision_full_20260530,run_logs/20260530T210622844Z_decentralized-only_p3_g0p25_d2_loss0p3_run02.csv,2026-05-30T21:06:22.844Z,2026-05-30T21:06:22.844Z,decentralized-only_p3_g0p25_d2_loss0p3,2,decentralized_only,3.000000,0.250000,2.000000,0.300000,1.154837,0.810025,1.701488,0.501455,0.035146
springer_revision_full_20260530,run_logs/20260530T210622844Z_decentralized-only_p3_g0p25_d2_loss0p3_run03.csv,2026-05-30T21:06:22.844Z,2026-05-30T21:06:22.844Z,decentralized-only_p3_g0p25_d2_loss0p3,3,decentralized_only,3.000000,0.250000,2.000000,0.300000,1.184243,0.784343,1.692183,0.493258,0.028256
springer_revision_full_20260530,run_logs/20260530T210622845Z_decentralized-only_p3_g0p25_d2_loss0p3_run04.csv,2026-05-30T21:06:22.845Z,2026-05-30T21:06:22.845Z,decentralized-only_p3_g0p25_d2_loss0p3,4,decentralized_only,3.000000,0.250000,2.000000,0.300000,1.144335,0.784687,1.708809,0.489272,0.034940
springer_revision_full_20260530,run_logs/20260530T210622845Z_decentralized-only_p3_g0p25_d2_loss0p3_run05.csv,2026-05-30T21:06:22.845Z,2026-05-30T21:06:22.845Z,decentralized-only_p3_g0p25_d2_loss0p3,5,decentralized_only,3.000000,0.250000,2.000000,0.300000,1.153635,0.774974,1.706434,0.481833,0.044337
springer_revision_full_20260530,run_logs/20260530T210622845Z_decentralized-only_p3_g0p5_d0p5_loss0p1_run01.csv,2026-05-30T21:06:22.845Z,2026-05-30T21:06:22.846Z,decentralized-only_p3_g0p5_d0p5_loss0p1,1,decentralized_only,3.000000,0.500000,0.500000,0.100000,0.803296,0.541367,0.967087,0.757743,0.039245
springer_revision_full_20260530,run_logs/20260530T210622846Z_decentralized-only_p3_g0p5_d0p5_loss0p1_run02.csv,2026-05-30T21:06:22.846Z,2026-05-30T21:06:22.846Z,decentralized-only_p3_g0p5_d0p5_loss0p1,2,decentralized_only,3.000000,0.500000,0.500000,0.100000,0.799000,0.550234,0.937561,0.752080,0.030252
springer_revision_full_20260530,run_logs/20260530T210622846Z_decentralized-only_p3_g0p5_d0p5_loss0p1_run03.csv,2026-05-30T21:06:22.846Z,2026-05-30T21:06:22.847Z,decentralized-only_p3_g0p5_d0p5_loss0p1,3,decentralized_only,3.000000,0.500000,0.500000,0.100000,0.795741,0.543763,0.935280,0.749829,0.033708
springer_revision_full_20260530,run_logs/20260530T210622847Z_decentralized-only_p3_g0p5_d0p5_loss0p1_run04.csv,2026-05-30T21:06:22.847Z,2026-05-30T21:06:22.847Z,decentralized-only_p3_g0p5_d0p5_loss0p1,4,decentralized_only,3.000000,0.500000,0.500000,0.100000,0.809705,0.536825,0.958500,0.741258,0.035234
springer_revision_full_20260530,run_logs/20260530T210622847Z_decentralized-only_p3_g0p5_d0p5_loss0p1_run05.csv,2026-05-30T21:06:22.847Z,2026-05-30T21:06:22.848Z,decentralized-only_p3_g0p5_d0p5_loss0p1,5,decentralized_only,3.000000,0.500000,0.500000,0.100000,0.794470,0.546484,0.943214,0.734868,0.036152
springer_revision_full_20260530,run_logs/20260530T210622848Z_decentralized-only_p3_g0p5_d0p5_loss0p3_run01.csv,2026-05-30T21:06:22.848Z,2026-05-30T21:06:22.848Z,decentralized-only_p3_g0p5_d0p5_loss0p3,1,decentralized_only,3.000000,0.500000,0.500000,0.300000,0.961968,0.654904,1.151305,0.720801,0.042817
springer_revision_full_20260530,run_logs/20260530T210622848Z_decentralized-only_p3_g0p5_d0p5_loss0p3_run02.csv,2026-05-30T21:06:22.848Z,2026-05-30T21:06:22.848Z,decentralized-only_p3_g0p5_d0p5_loss0p3,2,decentralized_only,3.000000,0.500000,0.500000,0.300000,0.952714,0.670482,1.165704,0.708414,0.033191
springer_revision_full_20260530,run_logs/20260530T210622849Z_decentralized-only_p3_g0p5_d0p5_loss0p3_run03.csv,2026-05-30T21:06:22.849Z,2026-05-30T21:06:22.849Z,decentralized-only_p3_g0p5_d0p5_loss0p3,3,decentralized_only,3.000000,0.500000,0.500000,0.300000,0.968122,0.653928,1.159721,0.709532,0.043329
springer_revision_full_20260530,run_logs/20260530T210622849Z_decentralized-only_p3_g0p5_d0p5_loss0p3_run04.csv,2026-05-30T21:06:22.849Z,2026-05-30T21:06:22.849Z,decentralized-only_p3_g0p5_d0p5_loss0p3,4,decentralized_only,3.000000,0.500000,0.500000,0.300000,1.004586,0.670365,1.147523,0.705284,0.053389
springer_revision_full_20260530,run_logs/20260530T210622849Z_decentralized-only_p3_g0p5_d0p5_loss0p3_run05.csv,2026-05-30T21:06:22.849Z,2026-05-30T21:06:22.850Z,decentralized-only_p3_g0p5_d0p5_loss0p3,5,decentralized_only,3.000000,0.500000,0.500000,0.300000,0.959255,0.671918,1.144441,0.698100,0.042342
springer_revision_full_20260530,run_logs/20260530T210622850Z_decentralized-only_p3_g0p5_d2_loss0p1_run01.csv,2026-05-30T21:06:22.850Z,2026-05-30T21:06:22.850Z,decentralized-only_p3_g0p5_d2_loss0p1,1,decentralized_only,3.000000,0.500000,2.000000,0.100000,0.989372,0.660785,1.505995,0.336571,0.020156
springer_revision_full_20260530,run_logs/20260530T210622850Z_decentralized-only_p3_g0p5_d2_loss0p1_run02.csv,2026-05-30T21:06:22.850Z,2026-05-30T21:06:22.851Z,decentralized-only_p3_g0p5_d2_loss0p1,2,decentralized_only,3.000000,0.500000,2.000000,0.100000,0.990332,0.665159,1.503224,0.337014,0.022689
springer_revision_full_20260530,run_logs/20260530T210622851Z_decentralized-only_p3_g0p5_d2_loss0p1_run03.csv,2026-05-30T21:06:22.851Z,2026-05-30T21:06:22.851Z,decentralized-only_p3_g0p5_d2_loss0p1,3,decentralized_only,3.000000,0.500000,2.000000,0.100000,0.976335,0.659613,1.493063,0.332460,0.021973
springer_revision_full_20260530,run_logs/20260530T210622851Z_decentralized-only_p3_g0p5_d2_loss0p1_run04.csv,2026-05-30T21:06:22.851Z,2026-05-30T21:06:22.852Z,decentralized-only_p3_g0p5_d2_loss0p1,4,decentralized_only,3.000000,0.500000,2.000000,0.100000,0.982889,0.656993,1.529120,0.330268,0.023658
springer_revision_full_20260530,run_logs/20260530T210622852Z_decentralized-only_p3_g0p5_d2_loss0p1_run05.csv,2026-05-30T21:06:22.852Z,2026-05-30T21:06:22.852Z,decentralized-only_p3_g0p5_d2_loss0p1,5,decentralized_only,3.000000,0.500000,2.000000,0.100000,0.997121,0.672268,1.479661,0.327645,0.022277
springer_revision_full_20260530,run_logs/20260530T210622852Z_decentralized-only_p3_g0p5_d2_loss0p3_run01.csv,2026-05-30T21:06:22.852Z,2026-05-30T21:06:22.853Z,decentralized-only_p3_g0p5_d2_loss0p3,1,decentralized_only,3.000000,0.500000,2.000000,0.300000,1.127082,0.794954,1.658916,0.308291,0.028994
springer_revision_full_20260530,run_logs/20260530T210622853Z_decentralized-only_p3_g0p5_d2_loss0p3_run02.csv,2026-05-30T21:06:22.853Z,2026-05-30T21:06:22.853Z,decentralized-only_p3_g0p5_d2_loss0p3,2,decentralized_only,3.000000,0.500000,2.000000,0.300000,1.139194,0.764160,1.684980,0.309093,0.026867
springer_revision_full_20260530,run_logs/20260530T210622853Z_decentralized-only_p3_g0p5_d2_loss0p3_run03.csv,2026-05-30T21:06:22.853Z,2026-05-30T21:06:22.853Z,decentralized-only_p3_g0p5_d2_loss0p3,3,decentralized_only,3.000000,0.500000,2.000000,0.300000,1.142553,0.793916,1.695242,0.304559,0.027310
springer_revision_full_20260530,run_logs/20260530T210622854Z_decentralized-only_p3_g0p5_d2_loss0p3_run04.csv,2026-05-30T21:06:22.854Z,2026-05-30T21:06:22.854Z,decentralized-only_p3_g0p5_d2_loss0p3,4,decentralized_only,3.000000,0.500000,2.000000,0.300000,1.144813,0.780079,1.682915,0.295034,0.026464
springer_revision_full_20260530,run_logs/20260530T210622854Z_decentralized-only_p3_g0p5_d2_loss0p3_run05.csv,2026-05-30T21:06:22.854Z,2026-05-30T21:06:22.854Z,decentralized-only_p3_g0p5_d2_loss0p3,5,decentralized_only,3.000000,0.500000,2.000000,0.300000,1.147366,0.796783,1.705396,0.295574,0.026839
springer_revision_full_20260530,run_logs/20260530T210622854Z_decentralized-only_p3_g1_d0p5_loss0p1_run01.csv,2026-05-30T21:06:22.854Z,2026-05-30T21:06:22.855Z,decentralized-only_p3_g1_d0p5_loss0p1,1,decentralized_only,3.000000,1.000000,0.500000,0.100000,0.800819,0.537925,0.987391,0.582582,0.066767
springer_revision_full_20260530,run_logs/20260530T210622855Z_decentralized-only_p3_g1_d0p5_loss0p1_run02.csv,2026-05-30T21:06:22.855Z,2026-05-30T21:06:22.855Z,decentralized-only_p3_g1_d0p5_loss0p1,2,decentralized_only,3.000000,1.000000,0.500000,0.100000,0.784776,0.530294,0.996930,0.580061,0.049396
springer_revision_full_20260530,run_logs/20260530T210622855Z_decentralized-only_p3_g1_d0p5_loss0p1_run03.csv,2026-05-30T21:06:22.855Z,2026-05-30T21:06:22.856Z,decentralized-only_p3_g1_d0p5_loss0p1,3,decentralized_only,3.000000,1.000000,0.500000,0.100000,0.806853,0.524911,0.938222,0.591042,0.045894
springer_revision_full_20260530,run_logs/20260530T210622856Z_decentralized-only_p3_g1_d0p5_loss0p1_run04.csv,2026-05-30T21:06:22.856Z,2026-05-30T21:06:22.856Z,decentralized-only_p3_g1_d0p5_loss0p1,4,decentralized_only,3.000000,1.000000,0.500000,0.100000,0.807765,0.518464,0.993494,0.575930,0.046449
springer_revision_full_20260530,run_logs/20260530T210622856Z_decentralized-only_p3_g1_d0p5_loss0p1_run05.csv,2026-05-30T21:06:22.856Z,2026-05-30T21:06:22.857Z,decentralized-only_p3_g1_d0p5_loss0p1,5,decentralized_only,3.000000,1.000000,0.500000,0.100000,0.801791,0.532587,0.978614,0.579616,0.056887
springer_revision_full_20260530,run_logs/20260530T210622857Z_decentralized-only_p3_g1_d0p5_loss0p3_run01.csv,2026-05-30T21:06:22.857Z,2026-05-30T21:06:22.857Z,decentralized-only_p3_g1_d0p5_loss0p3,1,decentralized_only,3.000000,1.000000,0.500000,0.300000,0.982598,0.671974,1.154633,0.562951,0.057732
springer_revision_full_20260530,run_logs/20260530T210622857Z_decentralized-only_p3_g1_d0p5_loss0p3_run02.csv,2026-05-30T21:06:22.857Z,2026-05-30T21:06:22.858Z,decentralized-only_p3_g1_d0p5_loss0p3,2,decentralized_only,3.000000,1.000000,0.500000,0.300000,0.933702,0.660529,1.174602,0.554560,0.047116
springer_revision_full_20260530,run_logs/20260530T210622858Z_decentralized-only_p3_g1_d0p5_loss0p3_run03.csv,2026-05-30T21:06:22.858Z,2026-05-30T21:06:22.858Z,decentralized-only_p3_g1_d0p5_loss0p3,3,decentralized_only,3.000000,1.000000,0.500000,0.300000,0.980148,0.654093,1.175149,0.553822,0.044531
springer_revision_full_20260530,run_logs/20260530T210622859Z_decentralized-only_p3_g1_d0p5_loss0p3_run04.csv,2026-05-30T21:06:22.859Z,2026-05-30T21:06:22.859Z,decentralized-only_p3_g1_d0p5_loss0p3,4,decentralized_only,3.000000,1.000000,0.500000,0.300000,0.979020,0.672750,1.183186,0.540704,0.049548
springer_revision_full_20260530,run_logs/20260530T210622859Z_decentralized-only_p3_g1_d0p5_loss0p3_run05.csv,2026-05-30T21:06:22.859Z,2026-05-30T21:06:22.860Z,decentralized-only_p3_g1_d0p5_loss0p3,5,decentralized_only,3.000000,1.000000,0.500000,0.300000,0.980747,0.680935,1.173630,0.528479,0.047335
springer_revision_full_20260530,run_logs/20260530T210622860Z_decentralized-only_p3_g1_d2_loss0p1_run01.csv,2026-05-30T21:06:22.860Z,2026-05-30T21:06:22.861Z,decentralized-only_p3_g1_d2_loss0p1,1,decentralized_only,3.000000,1.000000,2.000000,0.100000,0.975390,0.678107,1.544999,0.127341,0.021183
springer_revision_full_20260530,run_logs/20260530T210622861Z_decentralized-only_p3_g1_d2_loss0p1_run02.csv,2026-05-30T21:06:22.861Z,2026-05-30T21:06:22.862Z,decentralized-only_p3_g1_d2_loss0p1,2,decentralized_only,3.000000,1.000000,2.000000,0.100000,0.979341,0.661207,1.533663,0.119617,0.012671
springer_revision_full_20260530,run_logs/20260530T210622862Z_decentralized-only_p3_g1_d2_loss0p1_run03.csv,2026-05-30T21:06:22.862Z,2026-05-30T21:06:22.863Z,decentralized-only_p3_g1_d2_loss0p1,3,decentralized_only,3.000000,1.000000,2.000000,0.100000,0.987772,0.659454,1.479875,0.123201,0.015381
springer_revision_full_20260530,run_logs/20260530T210622863Z_decentralized-only_p3_g1_d2_loss0p1_run04.csv,2026-05-30T21:06:22.863Z,2026-05-30T21:06:22.864Z,decentralized-only_p3_g1_d2_loss0p1,4,decentralized_only,3.000000,1.000000,2.000000,0.100000,1.001390,0.673497,1.498055,0.123202,0.015657
springer_revision_full_20260530,run_logs/20260530T210622864Z_decentralized-only_p3_g1_d2_loss0p1_run05.csv,2026-05-30T21:06:22.864Z,2026-05-30T21:06:22.865Z,decentralized-only_p3_g1_d2_loss0p1,5,decentralized_only,3.000000,1.000000,2.000000,0.100000,0.977271,0.670229,1.509574,0.119816,0.016295
springer_revision_full_20260530,run_logs/20260530T210622865Z_decentralized-only_p3_g1_d2_loss0p3_run01.csv,2026-05-30T21:06:22.865Z,2026-05-30T21:06:22.865Z,decentralized-only_p3_g1_d2_loss0p3,1,decentralized_only,3.000000,1.000000,2.000000,0.300000,1.156269,0.782519,1.691553,0.116661,0.015704
springer_revision_full_20260530,run_logs/20260530T210622866Z_decentralized-only_p3_g1_d2_loss0p3_run02.csv,2026-05-30T21:06:22.866Z,2026-05-30T21:06:22.866Z,decentralized-only_p3_g1_d2_loss0p3,2,decentralized_only,3.000000,1.000000,2.000000,0.300000,1.153093,0.782655,1.729447,0.110487,0.013448
springer_revision_full_20260530,run_logs/20260530T210622866Z_decentralized-only_p3_g1_d2_loss0p3_run03.csv,2026-05-30T21:06:22.866Z,2026-05-30T21:06:22.867Z,decentralized-only_p3_g1_d2_loss0p3,3,decentralized_only,3.000000,1.000000,2.000000,0.300000,1.163806,0.773644,1.692901,0.108681,0.014854
springer_revision_full_20260530,run_logs/20260530T210622867Z_decentralized-only_p3_g1_d2_loss0p3_run04.csv,2026-05-30T21:06:22.867Z,2026-05-30T21:06:22.868Z,decentralized-only_p3_g1_d2_loss0p3,4,decentralized_only,3.000000,1.000000,2.000000,0.300000,1.170878,0.820207,1.696174,0.110136,0.016678
springer_revision_full_20260530,run_logs/20260530T210622868Z_decentralized-only_p3_g1_d2_loss0p3_run05.csv,2026-05-30T21:06:22.868Z,2026-05-30T21:06:22.869Z,decentralized-only_p3_g1_d2_loss0p3,5,decentralized_only,3.000000,1.000000,2.000000,0.300000,1.165096,0.780641,1.722858,0.108556,0.014320
springer_revision_full_20260530,run_logs/20260530T210622869Z_trust-only_p1_g0_d0p5_loss0p1_run01.csv,2026-05-30T21:06:22.869Z,2026-05-30T21:06:22.870Z,trust-only_p1_g0_d0p5_loss0p1,1,trust_only,1.000000,0.000000,0.500000,0.100000,0.388138,0.288354,1.057839,0.685542,0.055541
springer_revision_full_20260530,run_logs/20260530T210622870Z_trust-only_p1_g0_d0p5_loss0p1_run02.csv,2026-05-30T21:06:22.870Z,2026-05-30T21:06:22.871Z,trust-only_p1_g0_d0p5_loss0p1,2,trust_only,1.000000,0.000000,0.500000,0.100000,0.410338,0.318849,1.018833,0.667679,0.064872
springer_revision_full_20260530,run_logs/20260530T210622871Z_trust-only_p1_g0_d0p5_loss0p1_run03.csv,2026-05-30T21:06:22.871Z,2026-05-30T21:06:22.871Z,trust-only_p1_g0_d0p5_loss0p1,3,trust_only,1.000000,0.000000,0.500000,0.100000,0.404941,0.316867,1.064241,0.657464,0.047417
springer_revision_full_20260530,run_logs/20260530T210622872Z_trust-only_p1_g0_d0p5_loss0p1_run04.csv,2026-05-30T21:06:22.872Z,2026-05-30T21:06:22.872Z,trust-only_p1_g0_d0p5_loss0p1,4,trust_only,1.000000,0.000000,0.500000,0.100000,0.393536,0.293158,1.050375,0.656328,0.055109
springer_revision_full_20260530,run_logs/20260530T210622872Z_trust-only_p1_g0_d0p5_loss0p1_run05.csv,2026-05-30T21:06:22.872Z,2026-05-30T21:06:22.873Z,trust-only_p1_g0_d0p5_loss0p1,5,trust_only,1.000000,0.000000,0.500000,0.100000,0.380566,0.314721,1.029128,0.658866,0.062173
springer_revision_full_20260530,run_logs/20260530T210622873Z_trust-only_p1_g0_d0p5_loss0p3_run01.csv,2026-05-30T21:06:22.873Z,2026-05-30T21:06:22.874Z,trust-only_p1_g0_d0p5_loss0p3,1,trust_only,1.000000,0.000000,0.500000,0.300000,0.570668,0.451681,1.248429,0.578625,0.052276
springer_revision_full_20260530,run_logs/20260530T210622874Z_trust-only_p1_g0_d0p5_loss0p3_run02.csv,2026-05-30T21:06:22.874Z,2026-05-30T21:06:22.875Z,trust-only_p1_g0_d0p5_loss0p3,2,trust_only,1.000000,0.000000,0.500000,0.300000,0.587172,0.452988,1.179656,0.559241,0.057828
springer_revision_full_20260530,run_logs/20260530T210622875Z_trust-only_p1_g0_d0p5_loss0p3_run03.csv,2026-05-30T21:06:22.875Z,2026-05-30T21:06:22.876Z,trust-only_p1_g0_d0p5_loss0p3,3,trust_only,1.000000,0.000000,0.500000,0.300000,0.549268,0.454451,1.217023,0.551968,0.058772
springer_revision_full_20260530,run_logs/20260530T210622876Z_trust-only_p1_g0_d0p5_loss0p3_run04.csv,2026-05-30T21:06:22.876Z,2026-05-30T21:06:22.877Z,trust-only_p1_g0_d0p5_loss0p3,4,trust_only,1.000000,0.000000,0.500000,0.300000,0.586031,0.433042,1.194725,0.544540,0.057733
springer_revision_full_20260530,run_logs/20260530T210622877Z_trust-only_p1_g0_d0p5_loss0p3_run05.csv,2026-05-30T21:06:22.877Z,2026-05-30T21:06:22.877Z,trust-only_p1_g0_d0p5_loss0p3,5,trust_only,1.000000,0.000000,0.500000,0.300000,0.562394,0.439352,1.210675,0.535269,0.054080
springer_revision_full_20260530,run_logs/20260530T210622878Z_trust-only_p1_g0_d2_loss0p1_run01.csv,2026-05-30T21:06:22.878Z,2026-05-30T21:06:22.878Z,trust-only_p1_g0_d2_loss0p1,1,trust_only,1.000000,0.000000,2.000000,0.100000,0.586348,0.423158,1.553449,0.566293,0.057820
springer_revision_full_20260530,run_logs/20260530T210622879Z_trust-only_p1_g0_d2_loss0p1_run02.csv,2026-05-30T21:06:22.879Z,2026-05-30T21:06:22.879Z,trust-only_p1_g0_d2_loss0p1,2,trust_only,1.000000,0.000000,2.000000,0.100000,0.577393,0.462685,1.563046,0.558119,0.056385
springer_revision_full_20260530,run_logs/20260530T210622879Z_trust-only_p1_g0_d2_loss0p1_run03.csv,2026-05-30T21:06:22.879Z,2026-05-30T21:06:22.880Z,trust-only_p1_g0_d2_loss0p1,3,trust_only,1.000000,0.000000,2.000000,0.100000,0.600887,0.458574,1.567221,0.546975,0.057084
springer_revision_full_20260530,run_logs/20260530T210622880Z_trust-only_p1_g0_d2_loss0p1_run04.csv,2026-05-30T21:06:22.880Z,2026-05-30T21:06:22.881Z,trust-only_p1_g0_d2_loss0p1,4,trust_only,1.000000,0.000000,2.000000,0.100000,0.583121,0.421023,1.544814,0.530133,0.058892
springer_revision_full_20260530,run_logs/20260530T210622881Z_trust-only_p1_g0_d2_loss0p1_run05.csv,2026-05-30T21:06:22.881Z,2026-05-30T21:06:22.882Z,trust-only_p1_g0_d2_loss0p1,5,trust_only,1.000000,0.000000,2.000000,0.100000,0.581576,0.462611,1.564405,0.530272,0.051913
springer_revision_full_20260530,run_logs/20260530T210622882Z_trust-only_p1_g0_d2_loss0p3_run01.csv,2026-05-30T21:06:22.882Z,2026-05-30T21:06:22.882Z,trust-only_p1_g0_d2_loss0p3,1,trust_only,1.000000,0.000000,2.000000,0.300000,0.760275,0.577631,1.739412,0.458546,0.054349
springer_revision_full_20260530,run_logs/20260530T210622883Z_trust-only_p1_g0_d2_loss0p3_run02.csv,2026-05-30T21:06:22.883Z,2026-05-30T21:06:22.883Z,trust-only_p1_g0_d2_loss0p3,2,trust_only,1.000000,0.000000,2.000000,0.300000,0.742775,0.593260,1.765652,0.446224,0.054638
springer_revision_full_20260530,run_logs/20260530T210622884Z_trust-only_p1_g0_d2_loss0p3_run03.csv,2026-05-30T21:06:22.884Z,2026-05-30T21:06:22.884Z,trust-only_p1_g0_d2_loss0p3,3,trust_only,1.000000,0.000000,2.000000,0.300000,0.813021,0.585847,1.750084,0.449326,0.060785
springer_revision_full_20260530,run_logs/20260530T210622884Z_trust-only_p1_g0_d2_loss0p3_run04.csv,2026-05-30T21:06:22.884Z,2026-05-30T21:06:22.885Z,trust-only_p1_g0_d2_loss0p3,4,trust_only,1.000000,0.000000,2.000000,0.300000,0.808159,0.600933,1.725033,0.420579,0.057736
springer_revision_full_20260530,run_logs/20260530T210622885Z_trust-only_p1_g0_d2_loss0p3_run05.csv,2026-05-30T21:06:22.885Z,2026-05-30T21:06:22.886Z,trust-only_p1_g0_d2_loss0p3,5,trust_only,1.000000,0.000000,2.000000,0.300000,0.789424,0.597989,1.741256,0.413536,0.057923
springer_revision_full_20260530,run_logs/20260530T210622886Z_trust-only_p1_g0p25_d0p5_loss0p1_run01.csv,2026-05-30T21:06:22.886Z,2026-05-30T21:06:22.887Z,trust-only_p1_g0p25_d0p5_loss0p1,1,trust_only,1.000000,0.250000,0.500000,0.100000,0.403854,0.305119,0.997807,0.596300,0.052744
springer_revision_full_20260530,run_logs/20260530T210622887Z_trust-only_p1_g0p25_d0p5_loss0p1_run02.csv,2026-05-30T21:06:22.887Z,2026-05-30T21:06:22.887Z,trust-only_p1_g0p25_d0p5_loss0p1,2,trust_only,1.000000,0.250000,0.500000,0.100000,0.397242,0.335890,1.014386,0.596209,0.048505
springer_revision_full_20260530,run_logs/20260530T210622888Z_trust-only_p1_g0p25_d0p5_loss0p1_run03.csv,2026-05-30T21:06:22.888Z,2026-05-30T21:06:22.888Z,trust-only_p1_g0p25_d0p5_loss0p1,3,trust_only,1.000000,0.250000,0.500000,0.100000,0.384246,0.321377,1.014061,0.602469,0.049181
springer_revision_full_20260530,run_logs/20260530T210622888Z_trust-only_p1_g0p25_d0p5_loss0p1_run04.csv,2026-05-30T21:06:22.888Z,2026-05-30T21:06:22.889Z,trust-only_p1_g0p25_d0p5_loss0p1,4,trust_only,1.000000,0.250000,0.500000,0.100000,0.388613,0.312630,1.038112,0.568741,0.053349
springer_revision_full_20260530,run_logs/20260530T210622889Z_trust-only_p1_g0p25_d0p5_loss0p1_run05.csv,2026-05-30T21:06:22.889Z,2026-05-30T21:06:22.890Z,trust-only_p1_g0p25_d0p5_loss0p1,5,trust_only,1.000000,0.250000,0.500000,0.100000,0.410406,0.320134,1.020565,0.566569,0.050338
springer_revision_full_20260530,run_logs/20260530T210622890Z_trust-only_p1_g0p25_d0p5_loss0p3_run01.csv,2026-05-30T21:06:22.890Z,2026-05-30T21:06:22.891Z,trust-only_p1_g0p25_d0p5_loss0p3,1,trust_only,1.000000,0.250000,0.500000,0.300000,0.558349,0.443668,1.211632,0.509117,0.051131
springer_revision_full_20260530,run_logs/20260530T210622891Z_trust-only_p1_g0p25_d0p5_loss0p3_run02.csv,2026-05-30T21:06:22.891Z,2026-05-30T21:06:22.892Z,trust-only_p1_g0p25_d0p5_loss0p3,2,trust_only,1.000000,0.250000,0.500000,0.300000,0.600269,0.457438,1.214240,0.505520,0.053661
springer_revision_full_20260530,run_logs/20260530T210622892Z_trust-only_p1_g0p25_d0p5_loss0p3_run03.csv,2026-05-30T21:06:22.892Z,2026-05-30T21:06:22.893Z,trust-only_p1_g0p25_d0p5_loss0p3,3,trust_only,1.000000,0.250000,0.500000,0.300000,0.600417,0.438203,1.224807,0.502319,0.055016
springer_revision_full_20260530,run_logs/20260530T210622893Z_trust-only_p1_g0p25_d0p5_loss0p3_run04.csv,2026-05-30T21:06:22.893Z,2026-05-30T21:06:22.893Z,trust-only_p1_g0p25_d0p5_loss0p3,4,trust_only,1.000000,0.250000,0.500000,0.300000,0.574833,0.475692,1.223591,0.490144,0.038161
springer_revision_full_20260530,run_logs/20260530T210622894Z_trust-only_p1_g0p25_d0p5_loss0p3_run05.csv,2026-05-30T21:06:22.894Z,2026-05-30T21:06:22.894Z,trust-only_p1_g0p25_d0p5_loss0p3,5,trust_only,1.000000,0.250000,0.500000,0.300000,0.597839,0.443208,1.210402,0.476635,0.044849
springer_revision_full_20260530,run_logs/20260530T210622894Z_trust-only_p1_g0p25_d2_loss0p1_run01.csv,2026-05-30T21:06:22.894Z,2026-05-30T21:06:22.895Z,trust-only_p1_g0p25_d2_loss0p1,1,trust_only,1.000000,0.250000,2.000000,0.100000,0.631287,0.478706,1.585910,0.350245,0.038102
springer_revision_full_20260530,run_logs/20260530T210622895Z_trust-only_p1_g0p25_d2_loss0p1_run02.csv,2026-05-30T21:06:22.895Z,2026-05-30T21:06:22.896Z,trust-only_p1_g0p25_d2_loss0p1,2,trust_only,1.000000,0.250000,2.000000,0.100000,0.615961,0.481418,1.596536,0.341400,0.038347
springer_revision_full_20260530,run_logs/20260530T210622896Z_trust-only_p1_g0p25_d2_loss0p1_run03.csv,2026-05-30T21:06:22.896Z,2026-05-30T21:06:22.897Z,trust-only_p1_g0p25_d2_loss0p1,3,trust_only,1.000000,0.250000,2.000000,0.100000,0.630956,0.471238,1.590376,0.333847,0.035636
springer_revision_full_20260530,run_logs/20260530T210622897Z_trust-only_p1_g0p25_d2_loss0p1_run04.csv,2026-05-30T21:06:22.897Z,2026-05-30T21:06:22.898Z,trust-only_p1_g0p25_d2_loss0p1,4,trust_only,1.000000,0.250000,2.000000,0.100000,0.634306,0.468795,1.569377,0.325476,0.034103
springer_revision_full_20260530,run_logs/20260530T210622898Z_trust-only_p1_g0p25_d2_loss0p1_run05.csv,2026-05-30T21:06:22.898Z,2026-05-30T21:06:22.899Z,trust-only_p1_g0p25_d2_loss0p1,5,trust_only,1.000000,0.250000,2.000000,0.100000,0.621913,0.484716,1.604592,0.320615,0.036087
springer_revision_full_20260530,run_logs/20260530T210622899Z_trust-only_p1_g0p25_d2_loss0p3_run01.csv,2026-05-30T21:06:22.899Z,2026-05-30T21:06:22.899Z,trust-only_p1_g0p25_d2_loss0p3,1,trust_only,1.000000,0.250000,2.000000,0.300000,0.835275,0.594024,1.771238,0.275869,0.031480
springer_revision_full_20260530,run_logs/20260530T210622900Z_trust-only_p1_g0p25_d2_loss0p3_run02.csv,2026-05-30T21:06:22.900Z,2026-05-30T21:06:22.900Z,trust-only_p1_g0p25_d2_loss0p3,2,trust_only,1.000000,0.250000,2.000000,0.300000,0.810577,0.619125,1.756211,0.272688,0.035840
springer_revision_full_20260530,run_logs/20260530T210622901Z_trust-only_p1_g0p25_d2_loss0p3_run03.csv,2026-05-30T21:06:22.901Z,2026-05-30T21:06:22.901Z,trust-only_p1_g0p25_d2_loss0p3,3,trust_only,1.000000,0.250000,2.000000,0.300000,0.788301,0.608977,1.777853,0.264353,0.035842
springer_revision_full_20260530,run_logs/20260530T210622901Z_trust-only_p1_g0p25_d2_loss0p3_run04.csv,2026-05-30T21:06:22.901Z,2026-05-30T21:06:22.902Z,trust-only_p1_g0p25_d2_loss0p3,4,trust_only,1.000000,0.250000,2.000000,0.300000,0.798729,0.620061,1.726300,0.255315,0.035998
springer_revision_full_20260530,run_logs/20260530T210622902Z_trust-only_p1_g0p25_d2_loss0p3_run05.csv,2026-05-30T21:06:22.902Z,2026-05-30T21:06:22.903Z,trust-only_p1_g0p25_d2_loss0p3,5,trust_only,1.000000,0.250000,2.000000,0.300000,0.839340,0.602420,1.773615,0.252486,0.036547
springer_revision_full_20260530,run_logs/20260530T210622903Z_trust-only_p1_g0p5_d0p5_loss0p1_run01.csv,2026-05-30T21:06:22.903Z,2026-05-30T21:06:22.904Z,trust-only_p1_g0p5_d0p5_loss0p1,1,trust_only,1.000000,0.500000,0.500000,0.100000,0.408146,0.328521,1.005962,0.532769,0.053305
springer_revision_full_20260530,run_logs/20260530T210622904Z_trust-only_p1_g0p5_d0p5_loss0p1_run02.csv,2026-05-30T21:06:22.904Z,2026-05-30T21:06:22.905Z,trust-only_p1_g0p5_d0p5_loss0p1,2,trust_only,1.000000,0.500000,0.500000,0.100000,0.381162,0.321876,1.021858,0.546561,0.049401
springer_revision_full_20260530,run_logs/20260530T210622905Z_trust-only_p1_g0p5_d0p5_loss0p1_run03.csv,2026-05-30T21:06:22.905Z,2026-05-30T21:06:22.906Z,trust-only_p1_g0p5_d0p5_loss0p1,3,trust_only,1.000000,0.500000,0.500000,0.100000,0.440634,0.329756,1.051230,0.515787,0.059855
springer_revision_full_20260530,run_logs/20260530T210622906Z_trust-only_p1_g0p5_d0p5_loss0p1_run04.csv,2026-05-30T21:06:22.906Z,2026-05-30T21:06:22.907Z,trust-only_p1_g0p5_d0p5_loss0p1,4,trust_only,1.000000,0.500000,0.500000,0.100000,0.414852,0.300064,1.033948,0.508094,0.051155
springer_revision_full_20260530,run_logs/20260530T210622907Z_trust-only_p1_g0p5_d0p5_loss0p1_run05.csv,2026-05-30T21:06:22.907Z,2026-05-30T21:06:22.907Z,trust-only_p1_g0p5_d0p5_loss0p1,5,trust_only,1.000000,0.500000,0.500000,0.100000,0.430089,0.330845,1.030885,0.495987,0.049529
springer_revision_full_20260530,run_logs/20260530T210622908Z_trust-only_p1_g0p5_d0p5_loss0p3_run01.csv,2026-05-30T21:06:22.908Z,2026-05-30T21:06:22.908Z,trust-only_p1_g0p5_d0p5_loss0p3,1,trust_only,1.000000,0.500000,0.500000,0.300000,0.576743,0.471606,1.240616,0.450760,0.052354
springer_revision_full_20260530,run_logs/20260530T210622908Z_trust-only_p1_g0p5_d0p5_loss0p3_run02.csv,2026-05-30T21:06:22.908Z,2026-05-30T21:06:22.909Z,trust-only_p1_g0p5_d0p5_loss0p3,2,trust_only,1.000000,0.500000,0.500000,0.300000,0.610209,0.457833,1.210852,0.444504,0.044731
springer_revision_full_20260530,run_logs/20260530T210622909Z_trust-only_p1_g0p5_d0p5_loss0p3_run03.csv,2026-05-30T21:06:22.909Z,2026-05-30T21:06:22.910Z,trust-only_p1_g0p5_d0p5_loss0p3,3,trust_only,1.000000,0.500000,0.500000,0.300000,0.596948,0.451708,1.247797,0.441320,0.047952
springer_revision_full_20260530,run_logs/20260530T210622910Z_trust-only_p1_g0p5_d0p5_loss0p3_run04.csv,2026-05-30T21:06:22.910Z,2026-05-30T21:06:22.911Z,trust-only_p1_g0p5_d0p5_loss0p3,4,trust_only,1.000000,0.500000,0.500000,0.300000,0.587344,0.450978,1.251624,0.415246,0.045147
springer_revision_full_20260530,run_logs/20260530T210622911Z_trust-only_p1_g0p5_d0p5_loss0p3_run05.csv,2026-05-30T21:06:22.911Z,2026-05-30T21:06:22.912Z,trust-only_p1_g0p5_d0p5_loss0p3,5,trust_only,1.000000,0.500000,0.500000,0.300000,0.609381,0.487908,1.194765,0.411740,0.049939
springer_revision_full_20260530,run_logs/20260530T210622912Z_trust-only_p1_g0p5_d2_loss0p1_run01.csv,2026-05-30T21:06:22.912Z,2026-05-30T21:06:22.912Z,trust-only_p1_g0p5_d2_loss0p1,1,trust_only,1.000000,0.500000,2.000000,0.100000,0.667594,0.486866,1.559383,0.207613,0.023300
springer_revision_full_20260530,run_logs/20260530T210622913Z_trust-only_p1_g0p5_d2_loss0p1_run02.csv,2026-05-30T21:06:22.913Z,2026-05-30T21:06:22.913Z,trust-only_p1_g0p5_d2_loss0p1,2,trust_only,1.000000,0.500000,2.000000,0.100000,0.663804,0.492517,1.565735,0.207467,0.023909
springer_revision_full_20260530,run_logs/20260530T210622913Z_trust-only_p1_g0p5_d2_loss0p1_run03.csv,2026-05-30T21:06:22.913Z,2026-05-30T21:06:22.914Z,trust-only_p1_g0p5_d2_loss0p1,3,trust_only,1.000000,0.500000,2.000000,0.100000,0.672299,0.489063,1.581452,0.200455,0.020773
springer_revision_full_20260530,run_logs/20260530T210622914Z_trust-only_p1_g0p5_d2_loss0p1_run04.csv,2026-05-30T21:06:22.914Z,2026-05-30T21:06:22.915Z,trust-only_p1_g0p5_d2_loss0p1,4,trust_only,1.000000,0.500000,2.000000,0.100000,0.657909,0.482688,1.564243,0.195782,0.023354
springer_revision_full_20260530,run_logs/20260530T210622915Z_trust-only_p1_g0p5_d2_loss0p1_run05.csv,2026-05-30T21:06:22.915Z,2026-05-30T21:06:22.916Z,trust-only_p1_g0p5_d2_loss0p1,5,trust_only,1.000000,0.500000,2.000000,0.100000,0.653769,0.491014,1.570105,0.194006,0.023077
springer_revision_full_20260530,run_logs/20260530T210622916Z_trust-only_p1_g0p5_d2_loss0p3_run01.csv,2026-05-30T21:06:22.916Z,2026-05-30T21:06:22.917Z,trust-only_p1_g0p5_d2_loss0p3,1,trust_only,1.000000,0.500000,2.000000,0.300000,0.812626,0.596747,1.745121,0.167180,0.021768
springer_revision_full_20260530,run_logs/20260530T210622917Z_trust-only_p1_g0p5_d2_loss0p3_run02.csv,2026-05-30T21:06:22.917Z,2026-05-30T21:06:22.918Z,trust-only_p1_g0p5_d2_loss0p3,2,trust_only,1.000000,0.500000,2.000000,0.300000,0.827297,0.615448,1.789934,0.162280,0.023634
springer_revision_full_20260530,run_logs/20260530T210622918Z_trust-only_p1_g0p5_d2_loss0p3_run03.csv,2026-05-30T21:06:22.918Z,2026-05-30T21:06:22.919Z,trust-only_p1_g0p5_d2_loss0p3,3,trust_only,1.000000,0.500000,2.000000,0.300000,0.837305,0.628499,1.737277,0.163419,0.020784
springer_revision_full_20260530,run_logs/20260530T210622919Z_trust-only_p1_g0p5_d2_loss0p3_run04.csv,2026-05-30T21:06:22.919Z,2026-05-30T21:06:22.919Z,trust-only_p1_g0p5_d2_loss0p3,4,trust_only,1.000000,0.500000,2.000000,0.300000,0.833147,0.603202,1.745434,0.157527,0.024902
springer_revision_full_20260530,run_logs/20260530T210622920Z_trust-only_p1_g0p5_d2_loss0p3_run05.csv,2026-05-30T21:06:22.920Z,2026-05-30T21:06:22.920Z,trust-only_p1_g0p5_d2_loss0p3,5,trust_only,1.000000,0.500000,2.000000,0.300000,0.808518,0.633410,1.810403,0.156002,0.021741
springer_revision_full_20260530,run_logs/20260530T210622921Z_trust-only_p1_g1_d0p5_loss0p1_run01.csv,2026-05-30T21:06:22.921Z,2026-05-30T21:06:22.921Z,trust-only_p1_g1_d0p5_loss0p1,1,trust_only,1.000000,1.000000,0.500000,0.100000,0.427477,0.348757,1.038459,0.420050,0.043296
springer_revision_full_20260530,run_logs/20260530T210622922Z_trust-only_p1_g1_d0p5_loss0p1_run02.csv,2026-05-30T21:06:22.922Z,2026-05-30T21:06:22.922Z,trust-only_p1_g1_d0p5_loss0p1,2,trust_only,1.000000,1.000000,0.500000,0.100000,0.405231,0.350136,1.069278,0.397664,0.046068
springer_revision_full_20260530,run_logs/20260530T210622922Z_trust-only_p1_g1_d0p5_loss0p1_run03.csv,2026-05-30T21:06:22.922Z,2026-05-30T21:06:22.923Z,trust-only_p1_g1_d0p5_loss0p1,3,trust_only,1.000000,1.000000,0.500000,0.100000,0.434742,0.332419,1.063145,0.402447,0.051029
springer_revision_full_20260530,run_logs/20260530T210622923Z_trust-only_p1_g1_d0p5_loss0p1_run04.csv,2026-05-30T21:06:22.923Z,2026-05-30T21:06:22.924Z,trust-only_p1_g1_d0p5_loss0p1,4,trust_only,1.000000,1.000000,0.500000,0.100000,0.418806,0.351100,1.039010,0.399647,0.050063
springer_revision_full_20260530,run_logs/20260530T210622924Z_trust-only_p1_g1_d0p5_loss0p1_run05.csv,2026-05-30T21:06:22.924Z,2026-05-30T21:06:22.925Z,trust-only_p1_g1_d0p5_loss0p1,5,trust_only,1.000000,1.000000,0.500000,0.100000,0.444101,0.364008,1.055884,0.390658,0.052594
springer_revision_full_20260530,run_logs/20260530T210622925Z_trust-only_p1_g1_d0p5_loss0p3_run01.csv,2026-05-30T21:06:22.925Z,2026-05-30T21:06:22.925Z,trust-only_p1_g1_d0p5_loss0p3,1,trust_only,1.000000,1.000000,0.500000,0.300000,0.590538,0.490449,1.222943,0.348624,0.043154
springer_revision_full_20260530,run_logs/20260530T210622925Z_trust-only_p1_g1_d0p5_loss0p3_run02.csv,2026-05-30T21:06:22.925Z,2026-05-30T21:06:22.926Z,trust-only_p1_g1_d0p5_loss0p3,2,trust_only,1.000000,1.000000,0.500000,0.300000,0.645364,0.481401,1.269424,0.343181,0.044660
springer_revision_full_20260530,run_logs/20260530T210622926Z_trust-only_p1_g1_d0p5_loss0p3_run03.csv,2026-05-30T21:06:22.926Z,2026-05-30T21:06:22.926Z,trust-only_p1_g1_d0p5_loss0p3,3,trust_only,1.000000,1.000000,0.500000,0.300000,0.625214,0.474029,1.257622,0.330669,0.036151
springer_revision_full_20260530,run_logs/20260530T210622926Z_trust-only_p1_g1_d0p5_loss0p3_run04.csv,2026-05-30T21:06:22.926Z,2026-05-30T21:06:22.927Z,trust-only_p1_g1_d0p5_loss0p3,4,trust_only,1.000000,1.000000,0.500000,0.300000,0.626710,0.465736,1.231387,0.330384,0.046973
springer_revision_full_20260530,run_logs/20260530T210622927Z_trust-only_p1_g1_d0p5_loss0p3_run05.csv,2026-05-30T21:06:22.927Z,2026-05-30T21:06:22.927Z,trust-only_p1_g1_d0p5_loss0p3,5,trust_only,1.000000,1.000000,0.500000,0.300000,0.609500,0.463320,1.256638,0.325444,0.053608
springer_revision_full_20260530,run_logs/20260530T210622927Z_trust-only_p1_g1_d2_loss0p1_run01.csv,2026-05-30T21:06:22.927Z,2026-05-30T21:06:22.928Z,trust-only_p1_g1_d2_loss0p1,1,trust_only,1.000000,1.000000,2.000000,0.100000,0.660207,0.513838,1.637749,0.074785,0.010904
springer_revision_full_20260530,run_logs/20260530T210622928Z_trust-only_p1_g1_d2_loss0p1_run02.csv,2026-05-30T21:06:22.928Z,2026-05-30T21:06:22.928Z,trust-only_p1_g1_d2_loss0p1,2,trust_only,1.000000,1.000000,2.000000,0.100000,0.686240,0.504847,1.602234,0.073080,0.011676
springer_revision_full_20260530,run_logs/20260530T210622928Z_trust-only_p1_g1_d2_loss0p1_run03.csv,2026-05-30T21:06:22.928Z,2026-05-30T21:06:22.929Z,trust-only_p1_g1_d2_loss0p1,3,trust_only,1.000000,1.000000,2.000000,0.100000,0.673361,0.509711,1.591019,0.071622,0.009646
springer_revision_full_20260530,run_logs/20260530T210622929Z_trust-only_p1_g1_d2_loss0p1_run04.csv,2026-05-30T21:06:22.929Z,2026-05-30T21:06:22.929Z,trust-only_p1_g1_d2_loss0p1,4,trust_only,1.000000,1.000000,2.000000,0.100000,0.684318,0.495279,1.615151,0.072064,0.009003
springer_revision_full_20260530,run_logs/20260530T210622929Z_trust-only_p1_g1_d2_loss0p1_run05.csv,2026-05-30T21:06:22.929Z,2026-05-30T21:06:22.930Z,trust-only_p1_g1_d2_loss0p1,5,trust_only,1.000000,1.000000,2.000000,0.100000,0.682594,0.505178,1.570192,0.070761,0.011237
springer_revision_full_20260530,run_logs/20260530T210622930Z_trust-only_p1_g1_d2_loss0p3_run01.csv,2026-05-30T21:06:22.930Z,2026-05-30T21:06:22.930Z,trust-only_p1_g1_d2_loss0p3,1,trust_only,1.000000,1.000000,2.000000,0.300000,0.836244,0.636517,1.780005,0.061775,0.009254
springer_revision_full_20260530,run_logs/20260530T210622930Z_trust-only_p1_g1_d2_loss0p3_run02.csv,2026-05-30T21:06:22.930Z,2026-05-30T21:06:22.931Z,trust-only_p1_g1_d2_loss0p3,2,trust_only,1.000000,1.000000,2.000000,0.300000,0.847514,0.658011,1.789316,0.060806,0.011289
springer_revision_full_20260530,run_logs/20260530T210622931Z_trust-only_p1_g1_d2_loss0p3_run03.csv,2026-05-30T21:06:22.931Z,2026-05-30T21:06:22.931Z,trust-only_p1_g1_d2_loss0p3,3,trust_only,1.000000,1.000000,2.000000,0.300000,0.843059,0.631574,1.782707,0.060181,0.010578
springer_revision_full_20260530,run_logs/20260530T210622931Z_trust-only_p1_g1_d2_loss0p3_run04.csv,2026-05-30T21:06:22.931Z,2026-05-30T21:06:22.931Z,trust-only_p1_g1_d2_loss0p3,4,trust_only,1.000000,1.000000,2.000000,0.300000,0.827600,0.630071,1.782002,0.059097,0.007955
springer_revision_full_20260530,run_logs/20260530T210622932Z_trust-only_p1_g1_d2_loss0p3_run05.csv,2026-05-30T21:06:22.932Z,2026-05-30T21:06:22.932Z,trust-only_p1_g1_d2_loss0p3,5,trust_only,1.000000,1.000000,2.000000,0.300000,0.862266,0.641948,1.788002,0.058176,0.009088
springer_revision_full_20260530,run_logs/20260530T210622932Z_trust-only_p2_g0_d0p5_loss0p1_run01.csv,2026-05-30T21:06:22.932Z,2026-05-30T21:06:22.932Z,trust-only_p2_g0_d0p5_loss0p1,1,trust_only,2.000000,0.000000,0.500000,0.100000,0.362686,0.258701,1.014828,0.894545,0.038718
springer_revision_full_20260530,run_logs/20260530T210622932Z_trust-only_p2_g0_d0p5_loss0p1_run02.csv,2026-05-30T21:06:22.932Z,2026-05-30T21:06:22.933Z,trust-only_p2_g0_d0p5_loss0p1,2,trust_only,2.000000,0.000000,0.500000,0.100000,0.325627,0.292895,1.015093,0.896476,0.035911
springer_revision_full_20260530,run_logs/20260530T210622933Z_trust-only_p2_g0_d0p5_loss0p1_run03.csv,2026-05-30T21:06:22.933Z,2026-05-30T21:06:22.933Z,trust-only_p2_g0_d0p5_loss0p1,3,trust_only,2.000000,0.000000,0.500000,0.100000,0.363218,0.275009,1.030146,0.882393,0.039425
springer_revision_full_20260530,run_logs/20260530T210622933Z_trust-only_p2_g0_d0p5_loss0p1_run04.csv,2026-05-30T21:06:22.933Z,2026-05-30T21:06:22.934Z,trust-only_p2_g0_d0p5_loss0p1,4,trust_only,2.000000,0.000000,0.500000,0.100000,0.377293,0.291125,1.033909,0.877999,0.043447
springer_revision_full_20260530,run_logs/20260530T210622934Z_trust-only_p2_g0_d0p5_loss0p1_run05.csv,2026-05-30T21:06:22.934Z,2026-05-30T21:06:22.934Z,trust-only_p2_g0_d0p5_loss0p1,5,trust_only,2.000000,0.000000,0.500000,0.100000,0.349493,0.284850,1.003038,0.870867,0.042817
springer_revision_full_20260530,run_logs/20260530T210622934Z_trust-only_p2_g0_d0p5_loss0p3_run01.csv,2026-05-30T21:06:22.934Z,2026-05-30T21:06:22.935Z,trust-only_p2_g0_d0p5_loss0p3,1,trust_only,2.000000,0.000000,0.500000,0.300000,0.509124,0.406967,1.238893,0.822042,0.048112
springer_revision_full_20260530,run_logs/20260530T210622935Z_trust-only_p2_g0_d0p5_loss0p3_run02.csv,2026-05-30T21:06:22.935Z,2026-05-30T21:06:22.935Z,trust-only_p2_g0_d0p5_loss0p3,2,trust_only,2.000000,0.000000,0.500000,0.300000,0.552107,0.412864,1.222657,0.807883,0.043100
springer_revision_full_20260530,run_logs/20260530T210622935Z_trust-only_p2_g0_d0p5_loss0p3_run03.csv,2026-05-30T21:06:22.935Z,2026-05-30T21:06:22.936Z,trust-only_p2_g0_d0p5_loss0p3,3,trust_only,2.000000,0.000000,0.500000,0.300000,0.514461,0.417369,1.182746,0.798485,0.051064
springer_revision_full_20260530,run_logs/20260530T210622936Z_trust-only_p2_g0_d0p5_loss0p3_run04.csv,2026-05-30T21:06:22.936Z,2026-05-30T21:06:22.936Z,trust-only_p2_g0_d0p5_loss0p3,4,trust_only,2.000000,0.000000,0.500000,0.300000,0.545763,0.423696,1.206524,0.795654,0.054616
springer_revision_full_20260530,run_logs/20260530T210622936Z_trust-only_p2_g0_d0p5_loss0p3_run05.csv,2026-05-30T21:06:22.936Z,2026-05-30T21:06:22.936Z,trust-only_p2_g0_d0p5_loss0p3,5,trust_only,2.000000,0.000000,0.500000,0.300000,0.537314,0.394296,1.231029,0.786779,0.049306
springer_revision_full_20260530,run_logs/20260530T210622937Z_trust-only_p2_g0_d2_loss0p1_run01.csv,2026-05-30T21:06:22.937Z,2026-05-30T21:06:22.937Z,trust-only_p2_g0_d2_loss0p1,1,trust_only,2.000000,0.000000,2.000000,0.100000,0.546816,0.401496,1.548121,0.811493,0.043185
springer_revision_full_20260530,run_logs/20260530T210622937Z_trust-only_p2_g0_d2_loss0p1_run02.csv,2026-05-30T21:06:22.937Z,2026-05-30T21:06:22.937Z,trust-only_p2_g0_d2_loss0p1,2,trust_only,2.000000,0.000000,2.000000,0.100000,0.552182,0.431150,1.601795,0.792744,0.047048
springer_revision_full_20260530,run_logs/20260530T210622938Z_trust-only_p2_g0_d2_loss0p1_run03.csv,2026-05-30T21:06:22.938Z,2026-05-30T21:06:22.938Z,trust-only_p2_g0_d2_loss0p1,3,trust_only,2.000000,0.000000,2.000000,0.100000,0.552768,0.411139,1.568490,0.793446,0.059746
springer_revision_full_20260530,run_logs/20260530T210622938Z_trust-only_p2_g0_d2_loss0p1_run04.csv,2026-05-30T21:06:22.938Z,2026-05-30T21:06:22.938Z,trust-only_p2_g0_d2_loss0p1,4,trust_only,2.000000,0.000000,2.000000,0.100000,0.558629,0.419505,1.612818,0.786450,0.045862
springer_revision_full_20260530,run_logs/20260530T210622938Z_trust-only_p2_g0_d2_loss0p1_run05.csv,2026-05-30T21:06:22.938Z,2026-05-30T21:06:22.939Z,trust-only_p2_g0_d2_loss0p1,5,trust_only,2.000000,0.000000,2.000000,0.100000,0.522011,0.413337,1.571987,0.775075,0.052329
springer_revision_full_20260530,run_logs/20260530T210622939Z_trust-only_p2_g0_d2_loss0p3_run01.csv,2026-05-30T21:06:22.939Z,2026-05-30T21:06:22.939Z,trust-only_p2_g0_d2_loss0p3,1,trust_only,2.000000,0.000000,2.000000,0.300000,0.737402,0.533759,1.739250,0.704122,0.062492
springer_revision_full_20260530,run_logs/20260530T210622939Z_trust-only_p2_g0_d2_loss0p3_run02.csv,2026-05-30T21:06:22.939Z,2026-05-30T21:06:22.940Z,trust-only_p2_g0_d2_loss0p3,2,trust_only,2.000000,0.000000,2.000000,0.300000,0.736204,0.529484,1.745043,0.685428,0.067160
springer_revision_full_20260530,run_logs/20260530T210622940Z_trust-only_p2_g0_d2_loss0p3_run03.csv,2026-05-30T21:06:22.940Z,2026-05-30T21:06:22.940Z,trust-only_p2_g0_d2_loss0p3,3,trust_only,2.000000,0.000000,2.000000,0.300000,0.728873,0.562894,1.753114,0.666986,0.059960
springer_revision_full_20260530,run_logs/20260530T210622940Z_trust-only_p2_g0_d2_loss0p3_run04.csv,2026-05-30T21:06:22.940Z,2026-05-30T21:06:22.941Z,trust-only_p2_g0_d2_loss0p3,4,trust_only,2.000000,0.000000,2.000000,0.300000,0.735353,0.548174,1.768067,0.660452,0.061441
springer_revision_full_20260530,run_logs/20260530T210622941Z_trust-only_p2_g0_d2_loss0p3_run05.csv,2026-05-30T21:06:22.941Z,2026-05-30T21:06:22.941Z,trust-only_p2_g0_d2_loss0p3,5,trust_only,2.000000,0.000000,2.000000,0.300000,0.717650,0.561723,1.746061,0.673827,0.071654
springer_revision_full_20260530,run_logs/20260530T210622941Z_trust-only_p2_g0p25_d0p5_loss0p1_run01.csv,2026-05-30T21:06:22.941Z,2026-05-30T21:06:22.942Z,trust-only_p2_g0p25_d0p5_loss0p1,1,trust_only,2.000000,0.250000,0.500000,0.100000,0.344748,0.286066,0.994516,0.790155,0.036954
springer_revision_full_20260530,run_logs/20260530T210622942Z_trust-only_p2_g0p25_d0p5_loss0p1_run02.csv,2026-05-30T21:06:22.942Z,2026-05-30T21:06:22.942Z,trust-only_p2_g0p25_d0p5_loss0p1,2,trust_only,2.000000,0.250000,0.500000,0.100000,0.381972,0.307260,1.011640,0.793816,0.034343
springer_revision_full_20260530,run_logs/20260530T210622942Z_trust-only_p2_g0p25_d0p5_loss0p1_run03.csv,2026-05-30T21:06:22.942Z,2026-05-30T21:06:22.943Z,trust-only_p2_g0p25_d0p5_loss0p1,3,trust_only,2.000000,0.250000,0.500000,0.100000,0.380265,0.295061,1.026001,0.782817,0.036048
springer_revision_full_20260530,run_logs/20260530T210622943Z_trust-only_p2_g0p25_d0p5_loss0p1_run04.csv,2026-05-30T21:06:22.943Z,2026-05-30T21:06:22.943Z,trust-only_p2_g0p25_d0p5_loss0p1,4,trust_only,2.000000,0.250000,0.500000,0.100000,0.369878,0.284685,1.039086,0.776577,0.041603
springer_revision_full_20260530,run_logs/20260530T210622943Z_trust-only_p2_g0p25_d0p5_loss0p1_run05.csv,2026-05-30T21:06:22.943Z,2026-05-30T21:06:22.943Z,trust-only_p2_g0p25_d0p5_loss0p1,5,trust_only,2.000000,0.250000,0.500000,0.100000,0.371079,0.280599,1.013151,0.768351,0.040136
springer_revision_full_20260530,run_logs/20260530T210622944Z_trust-only_p2_g0p25_d0p5_loss0p3_run01.csv,2026-05-30T21:06:22.944Z,2026-05-30T21:06:22.944Z,trust-only_p2_g0p25_d0p5_loss0p3,1,trust_only,2.000000,0.250000,0.500000,0.300000,0.545847,0.420699,1.241039,0.710649,0.044788
springer_revision_full_20260530,run_logs/20260530T210622944Z_trust-only_p2_g0p25_d0p5_loss0p3_run02.csv,2026-05-30T21:06:22.944Z,2026-05-30T21:06:22.944Z,trust-only_p2_g0p25_d0p5_loss0p3,2,trust_only,2.000000,0.250000,0.500000,0.300000,0.541110,0.400451,1.219988,0.715195,0.047685
springer_revision_full_20260530,run_logs/20260530T210622944Z_trust-only_p2_g0p25_d0p5_loss0p3_run03.csv,2026-05-30T21:06:22.944Z,2026-05-30T21:06:22.945Z,trust-only_p2_g0p25_d0p5_loss0p3,3,trust_only,2.000000,0.250000,0.500000,0.300000,0.530985,0.442104,1.198021,0.704398,0.044863
springer_revision_full_20260530,run_logs/20260530T210622945Z_trust-only_p2_g0p25_d0p5_loss0p3_run04.csv,2026-05-30T21:06:22.945Z,2026-05-30T21:06:22.945Z,trust-only_p2_g0p25_d0p5_loss0p3,4,trust_only,2.000000,0.250000,0.500000,0.300000,0.549153,0.423983,1.247661,0.708207,0.044218
springer_revision_full_20260530,run_logs/20260530T210622945Z_trust-only_p2_g0p25_d0p5_loss0p3_run05.csv,2026-05-30T21:06:22.945Z,2026-05-30T21:06:22.946Z,trust-only_p2_g0p25_d0p5_loss0p3,5,trust_only,2.000000,0.250000,0.500000,0.300000,0.571025,0.407454,1.234978,0.685910,0.053641
springer_revision_full_20260530,run_logs/20260530T210622946Z_trust-only_p2_g0p25_d2_loss0p1_run01.csv,2026-05-30T21:06:22.946Z,2026-05-30T21:06:22.946Z,trust-only_p2_g0p25_d2_loss0p1,1,trust_only,2.000000,0.250000,2.000000,0.100000,0.617971,0.446448,1.552571,0.494622,0.033851
springer_revision_full_20260530,run_logs/20260530T210622946Z_trust-only_p2_g0p25_d2_loss0p1_run02.csv,2026-05-30T21:06:22.946Z,2026-05-30T21:06:22.947Z,trust-only_p2_g0p25_d2_loss0p1,2,trust_only,2.000000,0.250000,2.000000,0.100000,0.573949,0.449538,1.575139,0.484607,0.034428
springer_revision_full_20260530,run_logs/20260530T210622947Z_trust-only_p2_g0p25_d2_loss0p1_run03.csv,2026-05-30T21:06:22.947Z,2026-05-30T21:06:22.947Z,trust-only_p2_g0p25_d2_loss0p1,3,trust_only,2.000000,0.250000,2.000000,0.100000,0.601148,0.477794,1.561223,0.487519,0.036506
springer_revision_full_20260530,run_logs/20260530T210622947Z_trust-only_p2_g0p25_d2_loss0p1_run04.csv,2026-05-30T21:06:22.947Z,2026-05-30T21:06:22.948Z,trust-only_p2_g0p25_d2_loss0p1,4,trust_only,2.000000,0.250000,2.000000,0.100000,0.647465,0.441325,1.562911,0.473210,0.034645
springer_revision_full_20260530,run_logs/20260530T210622948Z_trust-only_p2_g0p25_d2_loss0p1_run05.csv,2026-05-30T21:06:22.948Z,2026-05-30T21:06:22.948Z,trust-only_p2_g0p25_d2_loss0p1,5,trust_only,2.000000,0.250000,2.000000,0.100000,0.609367,0.473511,1.526010,0.472356,0.034982
springer_revision_full_20260530,run_logs/20260530T210622948Z_trust-only_p2_g0p25_d2_loss0p3_run01.csv,2026-05-30T21:06:22.948Z,2026-05-30T21:06:22.949Z,trust-only_p2_g0p25_d2_loss0p3,1,trust_only,2.000000,0.250000,2.000000,0.300000,0.772071,0.570210,1.767032,0.429460,0.035914
springer_revision_full_20260530,run_logs/20260530T210622949Z_trust-only_p2_g0p25_d2_loss0p3_run02.csv,2026-05-30T21:06:22.949Z,2026-05-30T21:06:22.949Z,trust-only_p2_g0p25_d2_loss0p3,2,trust_only,2.000000,0.250000,2.000000,0.300000,0.788245,0.588074,1.755205,0.423410,0.035728
springer_revision_full_20260530,run_logs/20260530T210622949Z_trust-only_p2_g0p25_d2_loss0p3_run03.csv,2026-05-30T21:06:22.949Z,2026-05-30T21:06:22.949Z,trust-only_p2_g0p25_d2_loss0p3,3,trust_only,2.000000,0.250000,2.000000,0.300000,0.757283,0.587596,1.771820,0.408255,0.036105
springer_revision_full_20260530,run_logs/20260530T210622950Z_trust-only_p2_g0p25_d2_loss0p3_run04.csv,2026-05-30T21:06:22.950Z,2026-05-30T21:06:22.950Z,trust-only_p2_g0p25_d2_loss0p3,4,trust_only,2.000000,0.250000,2.000000,0.300000,0.747094,0.607423,1.766908,0.405161,0.042193
springer_revision_full_20260530,run_logs/20260530T210622950Z_trust-only_p2_g0p25_d2_loss0p3_run05.csv,2026-05-30T21:06:22.950Z,2026-05-30T21:06:22.950Z,trust-only_p2_g0p25_d2_loss0p3,5,trust_only,2.000000,0.250000,2.000000,0.300000,0.805603,0.574328,1.777517,0.395533,0.049200
springer_revision_full_20260530,run_logs/20260530T210622950Z_trust-only_p2_g0p5_d0p5_loss0p1_run01.csv,2026-05-30T21:06:22.950Z,2026-05-30T21:06:22.951Z,trust-only_p2_g0p5_d0p5_loss0p1,1,trust_only,2.000000,0.500000,0.500000,0.100000,0.379922,0.311742,1.029402,0.704093,0.047715
springer_revision_full_20260530,run_logs/20260530T210622951Z_trust-only_p2_g0p5_d0p5_loss0p1_run02.csv,2026-05-30T21:06:22.951Z,2026-05-30T21:06:22.951Z,trust-only_p2_g0p5_d0p5_loss0p1,2,trust_only,2.000000,0.500000,0.500000,0.100000,0.370127,0.310530,1.040554,0.681493,0.043976
springer_revision_full_20260530,run_logs/20260530T210622951Z_trust-only_p2_g0p5_d0p5_loss0p1_run03.csv,2026-05-30T21:06:22.951Z,2026-05-30T21:06:22.952Z,trust-only_p2_g0p5_d0p5_loss0p1,3,trust_only,2.000000,0.500000,0.500000,0.100000,0.373870,0.285890,1.081454,0.695521,0.039017
springer_revision_full_20260530,run_logs/20260530T210622952Z_trust-only_p2_g0p5_d0p5_loss0p1_run04.csv,2026-05-30T21:06:22.952Z,2026-05-30T21:06:22.952Z,trust-only_p2_g0p5_d0p5_loss0p1,4,trust_only,2.000000,0.500000,0.500000,0.100000,0.371933,0.310035,1.034821,0.682127,0.051415
springer_revision_full_20260530,run_logs/20260530T210622952Z_trust-only_p2_g0p5_d0p5_loss0p1_run05.csv,2026-05-30T21:06:22.952Z,2026-05-30T21:06:22.953Z,trust-only_p2_g0p5_d0p5_loss0p1,5,trust_only,2.000000,0.500000,0.500000,0.100000,0.382022,0.285870,1.060182,0.681048,0.052059
springer_revision_full_20260530,run_logs/20260530T210622953Z_trust-only_p2_g0p5_d0p5_loss0p3_run01.csv,2026-05-30T21:06:22.953Z,2026-05-30T21:06:22.953Z,trust-only_p2_g0p5_d0p5_loss0p3,1,trust_only,2.000000,0.500000,0.500000,0.300000,0.562051,0.434361,1.208486,0.640842,0.051415
springer_revision_full_20260530,run_logs/20260530T210622953Z_trust-only_p2_g0p5_d0p5_loss0p3_run02.csv,2026-05-30T21:06:22.953Z,2026-05-30T21:06:22.954Z,trust-only_p2_g0p5_d0p5_loss0p3,2,trust_only,2.000000,0.500000,0.500000,0.300000,0.558537,0.430519,1.214657,0.626839,0.051736
springer_revision_full_20260530,run_logs/20260530T210622954Z_trust-only_p2_g0p5_d0p5_loss0p3_run03.csv,2026-05-30T21:06:22.954Z,2026-05-30T21:06:22.954Z,trust-only_p2_g0p5_d0p5_loss0p3,3,trust_only,2.000000,0.500000,0.500000,0.300000,0.569070,0.417591,1.205551,0.614894,0.049235
springer_revision_full_20260530,run_logs/20260530T210622954Z_trust-only_p2_g0p5_d0p5_loss0p3_run04.csv,2026-05-30T21:06:22.954Z,2026-05-30T21:06:22.954Z,trust-only_p2_g0p5_d0p5_loss0p3,4,trust_only,2.000000,0.500000,0.500000,0.300000,0.574654,0.456639,1.197724,0.611975,0.049460
springer_revision_full_20260530,run_logs/20260530T210622955Z_trust-only_p2_g0p5_d0p5_loss0p3_run05.csv,2026-05-30T21:06:22.955Z,2026-05-30T21:06:22.955Z,trust-only_p2_g0p5_d0p5_loss0p3,5,trust_only,2.000000,0.500000,0.500000,0.300000,0.567917,0.451618,1.260501,0.611286,0.059336
springer_revision_full_20260530,run_logs/20260530T210622955Z_trust-only_p2_g0p5_d2_loss0p1_run01.csv,2026-05-30T21:06:22.955Z,2026-05-30T21:06:22.955Z,trust-only_p2_g0p5_d2_loss0p1,1,trust_only,2.000000,0.500000,2.000000,0.100000,0.635275,0.497351,1.615514,0.297021,0.027610
springer_revision_full_20260530,run_logs/20260530T210622956Z_trust-only_p2_g0p5_d2_loss0p1_run02.csv,2026-05-30T21:06:22.956Z,2026-05-30T21:06:22.956Z,trust-only_p2_g0p5_d2_loss0p1,2,trust_only,2.000000,0.500000,2.000000,0.100000,0.635406,0.466992,1.581476,0.293492,0.025791
springer_revision_full_20260530,run_logs/20260530T210622956Z_trust-only_p2_g0p5_d2_loss0p1_run03.csv,2026-05-30T21:06:22.956Z,2026-05-30T21:06:22.956Z,trust-only_p2_g0p5_d2_loss0p1,3,trust_only,2.000000,0.500000,2.000000,0.100000,0.614196,0.484163,1.578405,0.291239,0.025538
springer_revision_full_20260530,run_logs/20260530T210622956Z_trust-only_p2_g0p5_d2_loss0p1_run04.csv,2026-05-30T21:06:22.956Z,2026-05-30T21:06:22.957Z,trust-only_p2_g0p5_d2_loss0p1,4,trust_only,2.000000,0.500000,2.000000,0.100000,0.623251,0.466015,1.562266,0.288628,0.027930
springer_revision_full_20260530,run_logs/20260530T210622957Z_trust-only_p2_g0p5_d2_loss0p1_run05.csv,2026-05-30T21:06:22.957Z,2026-05-30T21:06:22.957Z,trust-only_p2_g0p5_d2_loss0p1,5,trust_only,2.000000,0.500000,2.000000,0.100000,0.635110,0.472395,1.581090,0.288865,0.021457
springer_revision_full_20260530,run_logs/20260530T210622957Z_trust-only_p2_g0p5_d2_loss0p3_run01.csv,2026-05-30T21:06:22.957Z,2026-05-30T21:06:22.958Z,trust-only_p2_g0p5_d2_loss0p3,1,trust_only,2.000000,0.500000,2.000000,0.300000,0.799060,0.604666,1.763987,0.257926,0.028054
springer_revision_full_20260530,run_logs/20260530T210622958Z_trust-only_p2_g0p5_d2_loss0p3_run02.csv,2026-05-30T21:06:22.958Z,2026-05-30T21:06:22.959Z,trust-only_p2_g0p5_d2_loss0p3,2,trust_only,2.000000,0.500000,2.000000,0.300000,0.785015,0.603949,1.743364,0.253822,0.022042
springer_revision_full_20260530,run_logs/20260530T210622959Z_trust-only_p2_g0p5_d2_loss0p3_run03.csv,2026-05-30T21:06:22.959Z,2026-05-30T21:06:22.959Z,trust-only_p2_g0p5_d2_loss0p3,3,trust_only,2.000000,0.500000,2.000000,0.300000,0.801089,0.620997,1.768636,0.247159,0.027398
springer_revision_full_20260530,run_logs/20260530T210622960Z_trust-only_p2_g0p5_d2_loss0p3_run04.csv,2026-05-30T21:06:22.960Z,2026-05-30T21:06:22.960Z,trust-only_p2_g0p5_d2_loss0p3,4,trust_only,2.000000,0.500000,2.000000,0.300000,0.791413,0.615498,1.768152,0.248876,0.032236
springer_revision_full_20260530,run_logs/20260530T210622961Z_trust-only_p2_g0p5_d2_loss0p3_run05.csv,2026-05-30T21:06:22.961Z,2026-05-30T21:06:22.961Z,trust-only_p2_g0p5_d2_loss0p3,5,trust_only,2.000000,0.500000,2.000000,0.300000,0.806497,0.601388,1.762892,0.244408,0.034486
springer_revision_full_20260530,run_logs/20260530T210622961Z_trust-only_p2_g1_d0p5_loss0p1_run01.csv,2026-05-30T21:06:22.961Z,2026-05-30T21:06:22.962Z,trust-only_p2_g1_d0p5_loss0p1,1,trust_only,2.000000,1.000000,0.500000,0.100000,0.404591,0.337471,1.063646,0.539657,0.052933
springer_revision_full_20260530,run_logs/20260530T210622962Z_trust-only_p2_g1_d0p5_loss0p1_run02.csv,2026-05-30T21:06:22.962Z,2026-05-30T21:06:22.962Z,trust-only_p2_g1_d0p5_loss0p1,2,trust_only,2.000000,1.000000,0.500000,0.100000,0.414969,0.336943,1.060177,0.541055,0.056889
springer_revision_full_20260530,run_logs/20260530T210622963Z_trust-only_p2_g1_d0p5_loss0p1_run03.csv,2026-05-30T21:06:22.963Z,2026-05-30T21:06:22.963Z,trust-only_p2_g1_d0p5_loss0p1,3,trust_only,2.000000,1.000000,0.500000,0.100000,0.401902,0.307144,1.056308,0.536888,0.061553
springer_revision_full_20260530,run_logs/20260530T210622963Z_trust-only_p2_g1_d0p5_loss0p1_run04.csv,2026-05-30T21:06:22.963Z,2026-05-30T21:06:22.964Z,trust-only_p2_g1_d0p5_loss0p1,4,trust_only,2.000000,1.000000,0.500000,0.100000,0.417509,0.335461,1.013120,0.536070,0.049824
springer_revision_full_20260530,run_logs/20260530T210622964Z_trust-only_p2_g1_d0p5_loss0p1_run05.csv,2026-05-30T21:06:22.964Z,2026-05-30T21:06:22.964Z,trust-only_p2_g1_d0p5_loss0p1,5,trust_only,2.000000,1.000000,0.500000,0.100000,0.367482,0.342288,1.102475,0.519804,0.043083
springer_revision_full_20260530,run_logs/20260530T210622965Z_trust-only_p2_g1_d0p5_loss0p3_run01.csv,2026-05-30T21:06:22.965Z,2026-05-30T21:06:22.965Z,trust-only_p2_g1_d0p5_loss0p3,1,trust_only,2.000000,1.000000,0.500000,0.300000,0.593261,0.465215,1.241144,0.499984,0.060105
springer_revision_full_20260530,run_logs/20260530T210622965Z_trust-only_p2_g1_d0p5_loss0p3_run02.csv,2026-05-30T21:06:22.965Z,2026-05-30T21:06:22.966Z,trust-only_p2_g1_d0p5_loss0p3,2,trust_only,2.000000,1.000000,0.500000,0.300000,0.589051,0.470692,1.225158,0.491794,0.052645
springer_revision_full_20260530,run_logs/20260530T210622966Z_trust-only_p2_g1_d0p5_loss0p3_run03.csv,2026-05-30T21:06:22.966Z,2026-05-30T21:06:22.966Z,trust-only_p2_g1_d0p5_loss0p3,3,trust_only,2.000000,1.000000,0.500000,0.300000,0.593108,0.462806,1.263196,0.478906,0.047089
springer_revision_full_20260530,run_logs/20260530T210622966Z_trust-only_p2_g1_d0p5_loss0p3_run04.csv,2026-05-30T21:06:22.966Z,2026-05-30T21:06:22.967Z,trust-only_p2_g1_d0p5_loss0p3,4,trust_only,2.000000,1.000000,0.500000,0.300000,0.586016,0.480363,1.246390,0.472888,0.059248
springer_revision_full_20260530,run_logs/20260530T210622967Z_trust-only_p2_g1_d0p5_loss0p3_run05.csv,2026-05-30T21:06:22.967Z,2026-05-30T21:06:22.968Z,trust-only_p2_g1_d0p5_loss0p3,5,trust_only,2.000000,1.000000,0.500000,0.300000,0.579612,0.465558,1.220785,0.471934,0.052242
springer_revision_full_20260530,run_logs/20260530T210622968Z_trust-only_p2_g1_d2_loss0p1_run01.csv,2026-05-30T21:06:22.968Z,2026-05-30T21:06:22.969Z,trust-only_p2_g1_d2_loss0p1,1,trust_only,2.000000,1.000000,2.000000,0.100000,0.678418,0.501285,1.640045,0.106377,0.013892
springer_revision_full_20260530,run_logs/20260530T210622969Z_trust-only_p2_g1_d2_loss0p1_run02.csv,2026-05-30T21:06:22.969Z,2026-05-30T21:06:22.970Z,trust-only_p2_g1_d2_loss0p1,2,trust_only,2.000000,1.000000,2.000000,0.100000,0.669465,0.515343,1.628827,0.111477,0.014343
springer_revision_full_20260530,run_logs/20260530T210622970Z_trust-only_p2_g1_d2_loss0p1_run03.csv,2026-05-30T21:06:22.970Z,2026-05-30T21:06:22.970Z,trust-only_p2_g1_d2_loss0p1,3,trust_only,2.000000,1.000000,2.000000,0.100000,0.670669,0.495613,1.571107,0.109004,0.013610
springer_revision_full_20260530,run_logs/20260530T210622971Z_trust-only_p2_g1_d2_loss0p1_run04.csv,2026-05-30T21:06:22.971Z,2026-05-30T21:06:22.971Z,trust-only_p2_g1_d2_loss0p1,4,trust_only,2.000000,1.000000,2.000000,0.100000,0.649218,0.512533,1.616700,0.104671,0.014715
springer_revision_full_20260530,run_logs/20260530T210622971Z_trust-only_p2_g1_d2_loss0p1_run05.csv,2026-05-30T21:06:22.971Z,2026-05-30T21:06:22.972Z,trust-only_p2_g1_d2_loss0p1,5,trust_only,2.000000,1.000000,2.000000,0.100000,0.685997,0.495259,1.585819,0.105844,0.015951
springer_revision_full_20260530,run_logs/20260530T210622972Z_trust-only_p2_g1_d2_loss0p3_run01.csv,2026-05-30T21:06:22.972Z,2026-05-30T21:06:22.973Z,trust-only_p2_g1_d2_loss0p3,1,trust_only,2.000000,1.000000,2.000000,0.300000,0.852246,0.645357,1.779698,0.097816,0.012333
springer_revision_full_20260530,run_logs/20260530T210622973Z_trust-only_p2_g1_d2_loss0p3_run02.csv,2026-05-30T21:06:22.973Z,2026-05-30T21:06:22.974Z,trust-only_p2_g1_d2_loss0p3,2,trust_only,2.000000,1.000000,2.000000,0.300000,0.833896,0.626241,1.783292,0.095896,0.017052
springer_revision_full_20260530,run_logs/20260530T210622974Z_trust-only_p2_g1_d2_loss0p3_run03.csv,2026-05-30T21:06:22.974Z,2026-05-30T21:06:22.975Z,trust-only_p2_g1_d2_loss0p3,3,trust_only,2.000000,1.000000,2.000000,0.300000,0.843165,0.614452,1.775871,0.090062,0.012789
springer_revision_full_20260530,run_logs/20260530T210622975Z_trust-only_p2_g1_d2_loss0p3_run04.csv,2026-05-30T21:06:22.975Z,2026-05-30T21:06:22.975Z,trust-only_p2_g1_d2_loss0p3,4,trust_only,2.000000,1.000000,2.000000,0.300000,0.825942,0.602980,1.774461,0.091902,0.013134
springer_revision_full_20260530,run_logs/20260530T210622976Z_trust-only_p2_g1_d2_loss0p3_run05.csv,2026-05-30T21:06:22.976Z,2026-05-30T21:06:22.976Z,trust-only_p2_g1_d2_loss0p3,5,trust_only,2.000000,1.000000,2.000000,0.300000,0.821137,0.635056,1.754154,0.092534,0.016415
springer_revision_full_20260530,run_logs/20260530T210622977Z_trust-only_p3_g0_d0p5_loss0p1_run01.csv,2026-05-30T21:06:22.977Z,2026-05-30T21:06:22.977Z,trust-only_p3_g0_d0p5_loss0p1,1,trust_only,3.000000,0.000000,0.500000,0.100000,0.348671,0.267155,1.042579,0.964606,0.020043
springer_revision_full_20260530,run_logs/20260530T210622978Z_trust-only_p3_g0_d0p5_loss0p1_run02.csv,2026-05-30T21:06:22.978Z,2026-05-30T21:06:22.978Z,trust-only_p3_g0_d0p5_loss0p1,2,trust_only,3.000000,0.000000,0.500000,0.100000,0.346946,0.258799,1.057337,0.963606,0.019406
springer_revision_full_20260530,run_logs/20260530T210622978Z_trust-only_p3_g0_d0p5_loss0p1_run03.csv,2026-05-30T21:06:22.978Z,2026-05-30T21:06:22.979Z,trust-only_p3_g0_d0p5_loss0p1,3,trust_only,3.000000,0.000000,0.500000,0.100000,0.333695,0.285555,1.021441,0.960297,0.016928
springer_revision_full_20260530,run_logs/20260530T210622979Z_trust-only_p3_g0_d0p5_loss0p1_run04.csv,2026-05-30T21:06:22.979Z,2026-05-30T21:06:22.980Z,trust-only_p3_g0_d0p5_loss0p1,4,trust_only,3.000000,0.000000,0.500000,0.100000,0.332524,0.261381,1.033746,0.951969,0.028070
springer_revision_full_20260530,run_logs/20260530T210622980Z_trust-only_p3_g0_d0p5_loss0p1_run05.csv,2026-05-30T21:06:22.980Z,2026-05-30T21:06:22.980Z,trust-only_p3_g0_d0p5_loss0p1,5,trust_only,3.000000,0.000000,0.500000,0.100000,0.359103,0.261585,0.978469,0.949237,0.023127
springer_revision_full_20260530,run_logs/20260530T210622981Z_trust-only_p3_g0_d0p5_loss0p3_run01.csv,2026-05-30T21:06:22.981Z,2026-05-30T21:06:22.981Z,trust-only_p3_g0_d0p5_loss0p3,1,trust_only,3.000000,0.000000,0.500000,0.300000,0.509405,0.402822,1.230061,0.926341,0.024229
springer_revision_full_20260530,run_logs/20260530T210622981Z_trust-only_p3_g0_d0p5_loss0p3_run02.csv,2026-05-30T21:06:22.981Z,2026-05-30T21:06:22.982Z,trust-only_p3_g0_d0p5_loss0p3,2,trust_only,3.000000,0.000000,0.500000,0.300000,0.502870,0.398651,1.172445,0.909638,0.029500
springer_revision_full_20260530,run_logs/20260530T210622982Z_trust-only_p3_g0_d0p5_loss0p3_run03.csv,2026-05-30T21:06:22.982Z,2026-05-30T21:06:22.983Z,trust-only_p3_g0_d0p5_loss0p3,3,trust_only,3.000000,0.000000,0.500000,0.300000,0.524475,0.390512,1.203523,0.907613,0.033324
springer_revision_full_20260530,run_logs/20260530T210622983Z_trust-only_p3_g0_d0p5_loss0p3_run04.csv,2026-05-30T21:06:22.983Z,2026-05-30T21:06:22.984Z,trust-only_p3_g0_d0p5_loss0p3,4,trust_only,3.000000,0.000000,0.500000,0.300000,0.500643,0.395544,1.198086,0.898085,0.034282
springer_revision_full_20260530,run_logs/20260530T210622984Z_trust-only_p3_g0_d0p5_loss0p3_run05.csv,2026-05-30T21:06:22.984Z,2026-05-30T21:06:22.984Z,trust-only_p3_g0_d0p5_loss0p3,5,trust_only,3.000000,0.000000,0.500000,0.300000,0.498850,0.399297,1.228228,0.895457,0.032374
springer_revision_full_20260530,run_logs/20260530T210622985Z_trust-only_p3_g0_d2_loss0p1_run01.csv,2026-05-30T21:06:22.985Z,2026-05-30T21:06:22.985Z,trust-only_p3_g0_d2_loss0p1,1,trust_only,3.000000,0.000000,2.000000,0.100000,0.518828,0.392408,1.527134,0.912479,0.039942
springer_revision_full_20260530,run_logs/20260530T210622985Z_trust-only_p3_g0_d2_loss0p1_run02.csv,2026-05-30T21:06:22.985Z,2026-05-30T21:06:22.986Z,trust-only_p3_g0_d2_loss0p1,2,trust_only,3.000000,0.000000,2.000000,0.100000,0.508946,0.417375,1.574346,0.909467,0.035542
springer_revision_full_20260530,run_logs/20260530T210622986Z_trust-only_p3_g0_d2_loss0p1_run03.csv,2026-05-30T21:06:22.986Z,2026-05-30T21:06:22.987Z,trust-only_p3_g0_d2_loss0p1,3,trust_only,3.000000,0.000000,2.000000,0.100000,0.537958,0.385081,1.578151,0.900035,0.033520
springer_revision_full_20260530,run_logs/20260530T210622987Z_trust-only_p3_g0_d2_loss0p1_run04.csv,2026-05-30T21:06:22.987Z,2026-05-30T21:06:22.988Z,trust-only_p3_g0_d2_loss0p1,4,trust_only,3.000000,0.000000,2.000000,0.100000,0.535086,0.396727,1.530009,0.900741,0.034630
springer_revision_full_20260530,run_logs/20260530T210622988Z_trust-only_p3_g0_d2_loss0p1_run05.csv,2026-05-30T21:06:22.988Z,2026-05-30T21:06:22.989Z,trust-only_p3_g0_d2_loss0p1,5,trust_only,3.000000,0.000000,2.000000,0.100000,0.530063,0.394901,1.592649,0.886013,0.036972
springer_revision_full_20260530,run_logs/20260530T210622989Z_trust-only_p3_g0_d2_loss0p3_run01.csv,2026-05-30T21:06:22.989Z,2026-05-30T21:06:22.989Z,trust-only_p3_g0_d2_loss0p3,1,trust_only,3.000000,0.000000,2.000000,0.300000,0.727319,0.543350,1.769206,0.828653,0.056936
springer_revision_full_20260530,run_logs/20260530T210622990Z_trust-only_p3_g0_d2_loss0p3_run02.csv,2026-05-30T21:06:22.990Z,2026-05-30T21:06:22.990Z,trust-only_p3_g0_d2_loss0p3,2,trust_only,3.000000,0.000000,2.000000,0.300000,0.704206,0.510948,1.757649,0.826135,0.051771
springer_revision_full_20260530,run_logs/20260530T210622991Z_trust-only_p3_g0_d2_loss0p3_run03.csv,2026-05-30T21:06:22.991Z,2026-05-30T21:06:22.991Z,trust-only_p3_g0_d2_loss0p3,3,trust_only,3.000000,0.000000,2.000000,0.300000,0.700948,0.553154,1.793408,0.802707,0.059314
springer_revision_full_20260530,run_logs/20260530T210622991Z_trust-only_p3_g0_d2_loss0p3_run04.csv,2026-05-30T21:06:22.991Z,2026-05-30T21:06:22.992Z,trust-only_p3_g0_d2_loss0p3,4,trust_only,3.000000,0.000000,2.000000,0.300000,0.703378,0.513444,1.770492,0.796890,0.052289
springer_revision_full_20260530,run_logs/20260530T210622992Z_trust-only_p3_g0_d2_loss0p3_run05.csv,2026-05-30T21:06:22.992Z,2026-05-30T21:06:22.993Z,trust-only_p3_g0_d2_loss0p3,5,trust_only,3.000000,0.000000,2.000000,0.300000,0.703437,0.523021,1.782437,0.794881,0.058982
springer_revision_full_20260530,run_logs/20260530T210622993Z_trust-only_p3_g0p25_d0p5_loss0p1_run01.csv,2026-05-30T21:06:22.993Z,2026-05-30T21:06:22.994Z,trust-only_p3_g0p25_d0p5_loss0p1,1,trust_only,3.000000,0.250000,0.500000,0.100000,0.355489,0.288407,1.019845,0.852225,0.027349
springer_revision_full_20260530,run_logs/20260530T210622994Z_trust-only_p3_g0p25_d0p5_loss0p1_run02.csv,2026-05-30T21:06:22.994Z,2026-05-30T21:06:22.995Z,trust-only_p3_g0p25_d0p5_loss0p1,2,trust_only,3.000000,0.250000,0.500000,0.100000,0.373211,0.286972,1.043454,0.850192,0.020782
springer_revision_full_20260530,run_logs/20260530T210622995Z_trust-only_p3_g0p25_d0p5_loss0p1_run03.csv,2026-05-30T21:06:22.995Z,2026-05-30T21:06:22.995Z,trust-only_p3_g0p25_d0p5_loss0p1,3,trust_only,3.000000,0.250000,0.500000,0.100000,0.377469,0.286891,1.026497,0.846158,0.027240
springer_revision_full_20260530,run_logs/20260530T210622996Z_trust-only_p3_g0p25_d0p5_loss0p1_run04.csv,2026-05-30T21:06:22.996Z,2026-05-30T21:06:22.996Z,trust-only_p3_g0p25_d0p5_loss0p1,4,trust_only,3.000000,0.250000,0.500000,0.100000,0.377884,0.288214,1.020566,0.846859,0.029772
springer_revision_full_20260530,run_logs/20260530T210622996Z_trust-only_p3_g0p25_d0p5_loss0p1_run05.csv,2026-05-30T21:06:22.996Z,2026-05-30T21:06:22.997Z,trust-only_p3_g0p25_d0p5_loss0p1,5,trust_only,3.000000,0.250000,0.500000,0.100000,0.324194,0.280389,1.008642,0.840967,0.022152
springer_revision_full_20260530,run_logs/20260530T210622997Z_trust-only_p3_g0p25_d0p5_loss0p3_run01.csv,2026-05-30T21:06:22.997Z,2026-05-30T21:06:22.998Z,trust-only_p3_g0p25_d0p5_loss0p3,1,trust_only,3.000000,0.250000,0.500000,0.300000,0.542370,0.394844,1.222085,0.816203,0.032022
springer_revision_full_20260530,run_logs/20260530T210622998Z_trust-only_p3_g0p25_d0p5_loss0p3_run02.csv,2026-05-30T21:06:22.998Z,2026-05-30T21:06:22.999Z,trust-only_p3_g0p25_d0p5_loss0p3,2,trust_only,3.000000,0.250000,0.500000,0.300000,0.519550,0.401694,1.241572,0.811400,0.035075
springer_revision_full_20260530,run_logs/20260530T210622999Z_trust-only_p3_g0p25_d0p5_loss0p3_run03.csv,2026-05-30T21:06:22.999Z,2026-05-30T21:06:23.000Z,trust-only_p3_g0p25_d0p5_loss0p3,3,trust_only,3.000000,0.250000,0.500000,0.300000,0.528021,0.403852,1.230900,0.804550,0.036615
springer_revision_full_20260530,run_logs/20260530T210623000Z_trust-only_p3_g0p25_d0p5_loss0p3_run04.csv,2026-05-30T21:06:23.000Z,2026-05-30T21:06:23.001Z,trust-only_p3_g0p25_d0p5_loss0p3,4,trust_only,3.000000,0.250000,0.500000,0.300000,0.514978,0.412941,1.255516,0.803546,0.036134
springer_revision_full_20260530,run_logs/20260530T210623001Z_trust-only_p3_g0p25_d0p5_loss0p3_run05.csv,2026-05-30T21:06:23.001Z,2026-05-30T21:06:23.001Z,trust-only_p3_g0p25_d0p5_loss0p3,5,trust_only,3.000000,0.250000,0.500000,0.300000,0.497299,0.439625,1.191808,0.786451,0.041411
springer_revision_full_20260530,run_logs/20260530T210623002Z_trust-only_p3_g0p25_d2_loss0p1_run01.csv,2026-05-30T21:06:23.002Z,2026-05-30T21:06:23.002Z,trust-only_p3_g0p25_d2_loss0p1,1,trust_only,3.000000,0.250000,2.000000,0.100000,0.589471,0.441620,1.578540,0.555661,0.026823
springer_revision_full_20260530,run_logs/20260530T210623003Z_trust-only_p3_g0p25_d2_loss0p1_run02.csv,2026-05-30T21:06:23.003Z,2026-05-30T21:06:23.003Z,trust-only_p3_g0p25_d2_loss0p1,2,trust_only,3.000000,0.250000,2.000000,0.100000,0.593967,0.452215,1.605066,0.547008,0.028284
springer_revision_full_20260530,run_logs/20260530T210623003Z_trust-only_p3_g0p25_d2_loss0p1_run03.csv,2026-05-30T21:06:23.003Z,2026-05-30T21:06:23.004Z,trust-only_p3_g0p25_d2_loss0p1,3,trust_only,3.000000,0.250000,2.000000,0.100000,0.555540,0.442821,1.577400,0.551392,0.023267
springer_revision_full_20260530,run_logs/20260530T210623004Z_trust-only_p3_g0p25_d2_loss0p1_run04.csv,2026-05-30T21:06:23.004Z,2026-05-30T21:06:23.005Z,trust-only_p3_g0p25_d2_loss0p1,4,trust_only,3.000000,0.250000,2.000000,0.100000,0.598362,0.444145,1.578566,0.539746,0.026934
springer_revision_full_20260530,run_logs/20260530T210623005Z_trust-only_p3_g0p25_d2_loss0p1_run05.csv,2026-05-30T21:06:23.005Z,2026-05-30T21:06:23.006Z,trust-only_p3_g0p25_d2_loss0p1,5,trust_only,3.000000,0.250000,2.000000,0.100000,0.586245,0.438989,1.564922,0.539679,0.028538
springer_revision_full_20260530,run_logs/20260530T210623006Z_trust-only_p3_g0p25_d2_loss0p3_run01.csv,2026-05-30T21:06:23.006Z,2026-05-30T21:06:23.007Z,trust-only_p3_g0p25_d2_loss0p3,1,trust_only,3.000000,0.250000,2.000000,0.300000,0.774915,0.581422,1.734554,0.509826,0.030096
springer_revision_full_20260530,run_logs/20260530T210623007Z_trust-only_p3_g0p25_d2_loss0p3_run02.csv,2026-05-30T21:06:23.007Z,2026-05-30T21:06:23.007Z,trust-only_p3_g0p25_d2_loss0p3,2,trust_only,3.000000,0.250000,2.000000,0.300000,0.736536,0.590156,1.715549,0.501590,0.031237
springer_revision_full_20260530,run_logs/20260530T210623008Z_trust-only_p3_g0p25_d2_loss0p3_run03.csv,2026-05-30T21:06:23.008Z,2026-05-30T21:06:23.008Z,trust-only_p3_g0p25_d2_loss0p3,3,trust_only,3.000000,0.250000,2.000000,0.300000,0.778457,0.585599,1.754488,0.492578,0.033305
springer_revision_full_20260530,run_logs/20260530T210623009Z_trust-only_p3_g0p25_d2_loss0p3_run04.csv,2026-05-30T21:06:23.009Z,2026-05-30T21:06:23.009Z,trust-only_p3_g0p25_d2_loss0p3,4,trust_only,3.000000,0.250000,2.000000,0.300000,0.769903,0.569489,1.795662,0.489780,0.041986
springer_revision_full_20260530,run_logs/20260530T210623009Z_trust-only_p3_g0p25_d2_loss0p3_run05.csv,2026-05-30T21:06:23.009Z,2026-05-30T21:06:23.010Z,trust-only_p3_g0p25_d2_loss0p3,5,trust_only,3.000000,0.250000,2.000000,0.300000,0.792207,0.578860,1.756864,0.487177,0.039578
springer_revision_full_20260530,run_logs/20260530T210623010Z_trust-only_p3_g0p5_d0p5_loss0p1_run01.csv,2026-05-30T21:06:23.010Z,2026-05-30T21:06:23.011Z,trust-only_p3_g0p5_d0p5_loss0p1,1,trust_only,3.000000,0.500000,0.500000,0.100000,0.379907,0.272675,1.026288,0.746093,0.033948
springer_revision_full_20260530,run_logs/20260530T210623011Z_trust-only_p3_g0p5_d0p5_loss0p1_run02.csv,2026-05-30T21:06:23.011Z,2026-05-30T21:06:23.012Z,trust-only_p3_g0p5_d0p5_loss0p1,2,trust_only,3.000000,0.500000,0.500000,0.100000,0.353949,0.297157,1.054369,0.743555,0.037899
springer_revision_full_20260530,run_logs/20260530T210623012Z_trust-only_p3_g0p5_d0p5_loss0p1_run03.csv,2026-05-30T21:06:23.012Z,2026-05-30T21:06:23.013Z,trust-only_p3_g0p5_d0p5_loss0p1,3,trust_only,3.000000,0.500000,0.500000,0.100000,0.365889,0.287239,1.044263,0.758909,0.034242
springer_revision_full_20260530,run_logs/20260530T210623013Z_trust-only_p3_g0p5_d0p5_loss0p1_run04.csv,2026-05-30T21:06:23.013Z,2026-05-30T21:06:23.014Z,trust-only_p3_g0p5_d0p5_loss0p1,4,trust_only,3.000000,0.500000,0.500000,0.100000,0.352522,0.306784,1.051642,0.748610,0.031566
springer_revision_full_20260530,run_logs/20260530T210623014Z_trust-only_p3_g0p5_d0p5_loss0p1_run05.csv,2026-05-30T21:06:23.014Z,2026-05-30T21:06:23.014Z,trust-only_p3_g0p5_d0p5_loss0p1,5,trust_only,3.000000,0.500000,0.500000,0.100000,0.355263,0.307069,1.073541,0.737001,0.037649
springer_revision_full_20260530,run_logs/20260530T210623015Z_trust-only_p3_g0p5_d0p5_loss0p3_run01.csv,2026-05-30T21:06:23.015Z,2026-05-30T21:06:23.015Z,trust-only_p3_g0p5_d0p5_loss0p3,1,trust_only,3.000000,0.500000,0.500000,0.300000,0.559742,0.452007,1.269102,0.715787,0.036875
springer_revision_full_20260530,run_logs/20260530T210623016Z_trust-only_p3_g0p5_d0p5_loss0p3_run02.csv,2026-05-30T21:06:23.016Z,2026-05-30T21:06:23.016Z,trust-only_p3_g0p5_d0p5_loss0p3,2,trust_only,3.000000,0.500000,0.500000,0.300000,0.544994,0.420325,1.250424,0.708445,0.043880
springer_revision_full_20260530,run_logs/20260530T210623016Z_trust-only_p3_g0p5_d0p5_loss0p3_run03.csv,2026-05-30T21:06:23.016Z,2026-05-30T21:06:23.017Z,trust-only_p3_g0p5_d0p5_loss0p3,3,trust_only,3.000000,0.500000,0.500000,0.300000,0.559506,0.411571,1.246048,0.700682,0.043011
springer_revision_full_20260530,run_logs/20260530T210623017Z_trust-only_p3_g0p5_d0p5_loss0p3_run04.csv,2026-05-30T21:06:23.017Z,2026-05-30T21:06:23.018Z,trust-only_p3_g0p5_d0p5_loss0p3,4,trust_only,3.000000,0.500000,0.500000,0.300000,0.565273,0.438011,1.219642,0.709062,0.045870
springer_revision_full_20260530,run_logs/20260530T210623018Z_trust-only_p3_g0p5_d0p5_loss0p3_run05.csv,2026-05-30T21:06:23.018Z,2026-05-30T21:06:23.019Z,trust-only_p3_g0p5_d0p5_loss0p3,5,trust_only,3.000000,0.500000,0.500000,0.300000,0.548278,0.423358,1.248031,0.691246,0.038512
springer_revision_full_20260530,run_logs/20260530T210623019Z_trust-only_p3_g0p5_d2_loss0p1_run01.csv,2026-05-30T21:06:23.019Z,2026-05-30T21:06:23.020Z,trust-only_p3_g0p5_d2_loss0p1,1,trust_only,3.000000,0.500000,2.000000,0.100000,0.636473,0.474801,1.590740,0.338309,0.022492
springer_revision_full_20260530,run_logs/20260530T210623020Z_trust-only_p3_g0p5_d2_loss0p1_run02.csv,2026-05-30T21:06:23.020Z,2026-05-30T21:06:23.021Z,trust-only_p3_g0p5_d2_loss0p1,2,trust_only,3.000000,0.500000,2.000000,0.100000,0.600048,0.484986,1.620211,0.328811,0.022371
springer_revision_full_20260530,run_logs/20260530T210623021Z_trust-only_p3_g0p5_d2_loss0p1_run03.csv,2026-05-30T21:06:23.021Z,2026-05-30T21:06:23.021Z,trust-only_p3_g0p5_d2_loss0p1,3,trust_only,3.000000,0.500000,2.000000,0.100000,0.617834,0.461388,1.589196,0.330424,0.021667
springer_revision_full_20260530,run_logs/20260530T210623021Z_trust-only_p3_g0p5_d2_loss0p1_run04.csv,2026-05-30T21:06:23.021Z,2026-05-30T21:06:23.022Z,trust-only_p3_g0p5_d2_loss0p1,4,trust_only,3.000000,0.500000,2.000000,0.100000,0.610335,0.465618,1.553821,0.327744,0.022229
springer_revision_full_20260530,run_logs/20260530T210623022Z_trust-only_p3_g0p5_d2_loss0p1_run05.csv,2026-05-30T21:06:23.022Z,2026-05-30T21:06:23.022Z,trust-only_p3_g0p5_d2_loss0p1,5,trust_only,3.000000,0.500000,2.000000,0.100000,0.632219,0.481137,1.602121,0.323645,0.031010
springer_revision_full_20260530,run_logs/20260530T210623022Z_trust-only_p3_g0p5_d2_loss0p3_run01.csv,2026-05-30T21:06:23.022Z,2026-05-30T21:06:23.023Z,trust-only_p3_g0p5_d2_loss0p3,1,trust_only,3.000000,0.500000,2.000000,0.300000,0.805312,0.616537,1.736182,0.303503,0.030700
springer_revision_full_20260530,run_logs/20260530T210623023Z_trust-only_p3_g0p5_d2_loss0p3_run02.csv,2026-05-30T21:06:23.023Z,2026-05-30T21:06:23.023Z,trust-only_p3_g0p5_d2_loss0p3,2,trust_only,3.000000,0.500000,2.000000,0.300000,0.809019,0.609678,1.753709,0.308837,0.026526
springer_revision_full_20260530,run_logs/20260530T210623023Z_trust-only_p3_g0p5_d2_loss0p3_run03.csv,2026-05-30T21:06:23.023Z,2026-05-30T21:06:23.024Z,trust-only_p3_g0p5_d2_loss0p3,3,trust_only,3.000000,0.500000,2.000000,0.300000,0.799186,0.585647,1.732611,0.296622,0.025877
springer_revision_full_20260530,run_logs/20260530T210623024Z_trust-only_p3_g0p5_d2_loss0p3_run04.csv,2026-05-30T21:06:23.024Z,2026-05-30T21:06:23.024Z,trust-only_p3_g0p5_d2_loss0p3,4,trust_only,3.000000,0.500000,2.000000,0.300000,0.812466,0.605338,1.743925,0.294039,0.027587
springer_revision_full_20260530,run_logs/20260530T210623024Z_trust-only_p3_g0p5_d2_loss0p3_run05.csv,2026-05-30T21:06:23.024Z,2026-05-30T21:06:23.025Z,trust-only_p3_g0p5_d2_loss0p3,5,trust_only,3.000000,0.500000,2.000000,0.300000,0.784043,0.624064,1.771125,0.294526,0.027564
springer_revision_full_20260530,run_logs/20260530T210623025Z_trust-only_p3_g1_d0p5_loss0p1_run01.csv,2026-05-30T21:06:23.025Z,2026-05-30T21:06:23.025Z,trust-only_p3_g1_d0p5_loss0p1,1,trust_only,3.000000,1.000000,0.500000,0.100000,0.401147,0.290826,1.063120,0.577893,0.050012
springer_revision_full_20260530,run_logs/20260530T210623025Z_trust-only_p3_g1_d0p5_loss0p1_run02.csv,2026-05-30T21:06:23.025Z,2026-05-30T21:06:23.025Z,trust-only_p3_g1_d0p5_loss0p1,2,trust_only,3.000000,1.000000,0.500000,0.100000,0.380239,0.310609,1.028265,0.588618,0.054411
springer_revision_full_20260530,run_logs/20260530T210623026Z_trust-only_p3_g1_d0p5_loss0p1_run03.csv,2026-05-30T21:06:23.026Z,2026-05-30T21:06:23.026Z,trust-only_p3_g1_d0p5_loss0p1,3,trust_only,3.000000,1.000000,0.500000,0.100000,0.415125,0.326096,1.053165,0.571581,0.053093
springer_revision_full_20260530,run_logs/20260530T210623026Z_trust-only_p3_g1_d0p5_loss0p1_run04.csv,2026-05-30T21:06:23.026Z,2026-05-30T21:06:23.026Z,trust-only_p3_g1_d0p5_loss0p1,4,trust_only,3.000000,1.000000,0.500000,0.100000,0.404951,0.330320,1.082031,0.583053,0.049681
springer_revision_full_20260530,run_logs/20260530T210623026Z_trust-only_p3_g1_d0p5_loss0p1_run05.csv,2026-05-30T21:06:23.026Z,2026-05-30T21:06:23.027Z,trust-only_p3_g1_d0p5_loss0p1,5,trust_only,3.000000,1.000000,0.500000,0.100000,0.417931,0.319402,1.069628,0.589438,0.053739
springer_revision_full_20260530,run_logs/20260530T210623027Z_trust-only_p3_g1_d0p5_loss0p3_run01.csv,2026-05-30T21:06:23.027Z,2026-05-30T21:06:23.027Z,trust-only_p3_g1_d0p5_loss0p3,1,trust_only,3.000000,1.000000,0.500000,0.300000,0.607526,0.434299,1.234728,0.562174,0.052070
springer_revision_full_20260530,run_logs/20260530T210623027Z_trust-only_p3_g1_d0p5_loss0p3_run02.csv,2026-05-30T21:06:23.027Z,2026-05-30T21:06:23.028Z,trust-only_p3_g1_d0p5_loss0p3,2,trust_only,3.000000,1.000000,0.500000,0.300000,0.585755,0.450686,1.231500,0.549088,0.049948
springer_revision_full_20260530,run_logs/20260530T210623028Z_trust-only_p3_g1_d0p5_loss0p3_run03.csv,2026-05-30T21:06:23.028Z,2026-05-30T21:06:23.028Z,trust-only_p3_g1_d0p5_loss0p3,3,trust_only,3.000000,1.000000,0.500000,0.300000,0.580032,0.452573,1.273494,0.555161,0.059526
springer_revision_full_20260530,run_logs/20260530T210623028Z_trust-only_p3_g1_d0p5_loss0p3_run04.csv,2026-05-30T21:06:23.028Z,2026-05-30T21:06:23.029Z,trust-only_p3_g1_d0p5_loss0p3,4,trust_only,3.000000,1.000000,0.500000,0.300000,0.550618,0.443819,1.239051,0.551986,0.059523
springer_revision_full_20260530,run_logs/20260530T210623029Z_trust-only_p3_g1_d0p5_loss0p3_run05.csv,2026-05-30T21:06:23.029Z,2026-05-30T21:06:23.029Z,trust-only_p3_g1_d0p5_loss0p3,5,trust_only,3.000000,1.000000,0.500000,0.300000,0.547749,0.472784,1.224315,0.558639,0.050135
springer_revision_full_20260530,run_logs/20260530T210623029Z_trust-only_p3_g1_d2_loss0p1_run01.csv,2026-05-30T21:06:23.029Z,2026-05-30T21:06:23.030Z,trust-only_p3_g1_d2_loss0p1,1,trust_only,3.000000,1.000000,2.000000,0.100000,0.674628,0.505392,1.600227,0.124711,0.018608
springer_revision_full_20260530,run_logs/20260530T210623030Z_trust-only_p3_g1_d2_loss0p1_run02.csv,2026-05-30T21:06:23.030Z,2026-05-30T21:06:23.030Z,trust-only_p3_g1_d2_loss0p1,2,trust_only,3.000000,1.000000,2.000000,0.100000,0.681237,0.506087,1.574533,0.120257,0.013735
springer_revision_full_20260530,run_logs/20260530T210623030Z_trust-only_p3_g1_d2_loss0p1_run03.csv,2026-05-30T21:06:23.030Z,2026-05-30T21:06:23.030Z,trust-only_p3_g1_d2_loss0p1,3,trust_only,3.000000,1.000000,2.000000,0.100000,0.664432,0.503535,1.586744,0.122051,0.015234
springer_revision_full_20260530,run_logs/20260530T210623031Z_trust-only_p3_g1_d2_loss0p1_run04.csv,2026-05-30T21:06:23.031Z,2026-05-30T21:06:23.031Z,trust-only_p3_g1_d2_loss0p1,4,trust_only,3.000000,1.000000,2.000000,0.100000,0.681859,0.520347,1.594975,0.121982,0.014100
springer_revision_full_20260530,run_logs/20260530T210623031Z_trust-only_p3_g1_d2_loss0p1_run05.csv,2026-05-30T21:06:23.031Z,2026-05-30T21:06:23.031Z,trust-only_p3_g1_d2_loss0p1,5,trust_only,3.000000,1.000000,2.000000,0.100000,0.639073,0.493868,1.572104,0.119584,0.012858
springer_revision_full_20260530,run_logs/20260530T210623032Z_trust-only_p3_g1_d2_loss0p3_run01.csv,2026-05-30T21:06:23.032Z,2026-05-30T21:06:23.032Z,trust-only_p3_g1_d2_loss0p3,1,trust_only,3.000000,1.000000,2.000000,0.300000,0.822826,0.630574,1.794987,0.115142,0.015239
springer_revision_full_20260530,run_logs/20260530T210623032Z_trust-only_p3_g1_d2_loss0p3_run02.csv,2026-05-30T21:06:23.032Z,2026-05-30T21:06:23.032Z,trust-only_p3_g1_d2_loss0p3,2,trust_only,3.000000,1.000000,2.000000,0.300000,0.828501,0.619718,1.787755,0.111851,0.015877
springer_revision_full_20260530,run_logs/20260530T210623032Z_trust-only_p3_g1_d2_loss0p3_run03.csv,2026-05-30T21:06:23.032Z,2026-05-30T21:06:23.033Z,trust-only_p3_g1_d2_loss0p3,3,trust_only,3.000000,1.000000,2.000000,0.300000,0.815346,0.633905,1.775996,0.110692,0.013828
springer_revision_full_20260530,run_logs/20260530T210623033Z_trust-only_p3_g1_d2_loss0p3_run04.csv,2026-05-30T21:06:23.033Z,2026-05-30T21:06:23.033Z,trust-only_p3_g1_d2_loss0p3,4,trust_only,3.000000,1.000000,2.000000,0.300000,0.851663,0.607153,1.754783,0.107220,0.015018
springer_revision_full_20260530,run_logs/20260530T210623033Z_trust-only_p3_g1_d2_loss0p3_run05.csv,2026-05-30T21:06:23.033Z,2026-05-30T21:06:23.034Z,trust-only_p3_g1_d2_loss0p3,5,trust_only,3.000000,1.000000,2.000000,0.300000,0.853449,0.622307,1.800804,0.110551,0.017083
springer_revision_full_20260530,run_logs/20260530T210623034Z_full-emrmf_p1_g0_d0p5_loss0p1_run01.csv,2026-05-30T21:06:23.034Z,2026-05-30T21:06:23.034Z,full-emrmf_p1_g0_d0p5_loss0p1,1,full_emrmf,1.000000,0.000000,0.500000,0.100000,0.283872,0.197692,0.814759,0.681229,0.053478
springer_revision_full_20260530,run_logs/20260530T210623034Z_full-emrmf_p1_g0_d0p5_loss0p1_run02.csv,2026-05-30T21:06:23.034Z,2026-05-30T21:06:23.035Z,full-emrmf_p1_g0_d0p5_loss0p1,2,full_emrmf,1.000000,0.000000,0.500000,0.100000,0.314943,0.224503,0.828907,0.672084,0.050651
springer_revision_full_20260530,run_logs/20260530T210623035Z_full-emrmf_p1_g0_d0p5_loss0p1_run03.csv,2026-05-30T21:06:23.035Z,2026-05-30T21:06:23.035Z,full-emrmf_p1_g0_d0p5_loss0p1,3,full_emrmf,1.000000,0.000000,0.500000,0.100000,0.306517,0.196889,0.809638,0.662030,0.052493
springer_revision_full_20260530,run_logs/20260530T210623035Z_full-emrmf_p1_g0_d0p5_loss0p1_run04.csv,2026-05-30T21:06:23.035Z,2026-05-30T21:06:23.036Z,full-emrmf_p1_g0_d0p5_loss0p1,4,full_emrmf,1.000000,0.000000,0.500000,0.100000,0.280838,0.206437,0.842194,0.658284,0.053606
springer_revision_full_20260530,run_logs/20260530T210623036Z_full-emrmf_p1_g0_d0p5_loss0p1_run05.csv,2026-05-30T21:06:23.036Z,2026-05-30T21:06:23.036Z,full-emrmf_p1_g0_d0p5_loss0p1,5,full_emrmf,1.000000,0.000000,0.500000,0.100000,0.295612,0.211473,0.818204,0.648163,0.059126
springer_revision_full_20260530,run_logs/20260530T210623036Z_full-emrmf_p1_g0_d0p5_loss0p3_run01.csv,2026-05-30T21:06:23.036Z,2026-05-30T21:06:23.036Z,full-emrmf_p1_g0_d0p5_loss0p3,1,full_emrmf,1.000000,0.000000,0.500000,0.300000,0.485509,0.326393,1.004306,0.570610,0.055367
springer_revision_full_20260530,run_logs/20260530T210623037Z_full-emrmf_p1_g0_d0p5_loss0p3_run02.csv,2026-05-30T21:06:23.037Z,2026-05-30T21:06:23.037Z,full-emrmf_p1_g0_d0p5_loss0p3,2,full_emrmf,1.000000,0.000000,0.500000,0.300000,0.485078,0.355979,1.031451,0.571686,0.062639
springer_revision_full_20260530,run_logs/20260530T210623037Z_full-emrmf_p1_g0_d0p5_loss0p3_run03.csv,2026-05-30T21:06:23.037Z,2026-05-30T21:06:23.037Z,full-emrmf_p1_g0_d0p5_loss0p3,3,full_emrmf,1.000000,0.000000,0.500000,0.300000,0.485006,0.337490,0.996041,0.561629,0.055899
springer_revision_full_20260530,run_logs/20260530T210623038Z_full-emrmf_p1_g0_d0p5_loss0p3_run04.csv,2026-05-30T21:06:23.038Z,2026-05-30T21:06:23.038Z,full-emrmf_p1_g0_d0p5_loss0p3,4,full_emrmf,1.000000,0.000000,0.500000,0.300000,0.484098,0.386139,1.013412,0.542260,0.057887
springer_revision_full_20260530,run_logs/20260530T210623038Z_full-emrmf_p1_g0_d0p5_loss0p3_run05.csv,2026-05-30T21:06:23.038Z,2026-05-30T21:06:23.038Z,full-emrmf_p1_g0_d0p5_loss0p3,5,full_emrmf,1.000000,0.000000,0.500000,0.300000,0.493466,0.333823,1.007878,0.542866,0.053054
springer_revision_full_20260530,run_logs/20260530T210623038Z_full-emrmf_p1_g0_d2_loss0p1_run01.csv,2026-05-30T21:06:23.038Z,2026-05-30T21:06:23.039Z,full-emrmf_p1_g0_d2_loss0p1,1,full_emrmf,1.000000,0.000000,2.000000,0.100000,0.516091,0.338958,1.373625,0.561339,0.055980
springer_revision_full_20260530,run_logs/20260530T210623039Z_full-emrmf_p1_g0_d2_loss0p1_run02.csv,2026-05-30T21:06:23.039Z,2026-05-30T21:06:23.039Z,full-emrmf_p1_g0_d2_loss0p1,2,full_emrmf,1.000000,0.000000,2.000000,0.100000,0.490415,0.325465,1.373206,0.558034,0.050948
springer_revision_full_20260530,run_logs/20260530T210623039Z_full-emrmf_p1_g0_d2_loss0p1_run03.csv,2026-05-30T21:06:23.039Z,2026-05-30T21:06:23.040Z,full-emrmf_p1_g0_d2_loss0p1,3,full_emrmf,1.000000,0.000000,2.000000,0.100000,0.509547,0.324583,1.374534,0.548423,0.060414
springer_revision_full_20260530,run_logs/20260530T210623040Z_full-emrmf_p1_g0_d2_loss0p1_run04.csv,2026-05-30T21:06:23.040Z,2026-05-30T21:06:23.040Z,full-emrmf_p1_g0_d2_loss0p1,4,full_emrmf,1.000000,0.000000,2.000000,0.100000,0.528193,0.349297,1.363033,0.537175,0.058004
springer_revision_full_20260530,run_logs/20260530T210623040Z_full-emrmf_p1_g0_d2_loss0p1_run05.csv,2026-05-30T21:06:23.040Z,2026-05-30T21:06:23.041Z,full-emrmf_p1_g0_d2_loss0p1,5,full_emrmf,1.000000,0.000000,2.000000,0.100000,0.521684,0.337597,1.346352,0.517708,0.055467
springer_revision_full_20260530,run_logs/20260530T210623041Z_full-emrmf_p1_g0_d2_loss0p3_run01.csv,2026-05-30T21:06:23.041Z,2026-05-30T21:06:23.041Z,full-emrmf_p1_g0_d2_loss0p3,1,full_emrmf,1.000000,0.000000,2.000000,0.300000,0.698511,0.476467,1.563979,0.460161,0.050997
springer_revision_full_20260530,run_logs/20260530T210623041Z_full-emrmf_p1_g0_d2_loss0p3_run02.csv,2026-05-30T21:06:23.041Z,2026-05-30T21:06:23.041Z,full-emrmf_p1_g0_d2_loss0p3,2,full_emrmf,1.000000,0.000000,2.000000,0.300000,0.696366,0.510179,1.536839,0.438044,0.050257
springer_revision_full_20260530,run_logs/20260530T210623042Z_full-emrmf_p1_g0_d2_loss0p3_run03.csv,2026-05-30T21:06:23.042Z,2026-05-30T21:06:23.042Z,full-emrmf_p1_g0_d2_loss0p3,3,full_emrmf,1.000000,0.000000,2.000000,0.300000,0.698852,0.484698,1.564621,0.428059,0.052560
springer_revision_full_20260530,run_logs/20260530T210623042Z_full-emrmf_p1_g0_d2_loss0p3_run04.csv,2026-05-30T21:06:23.042Z,2026-05-30T21:06:23.042Z,full-emrmf_p1_g0_d2_loss0p3,4,full_emrmf,1.000000,0.000000,2.000000,0.300000,0.716169,0.504627,1.554052,0.432296,0.062133
springer_revision_full_20260530,run_logs/20260530T210623042Z_full-emrmf_p1_g0_d2_loss0p3_run05.csv,2026-05-30T21:06:23.042Z,2026-05-30T21:06:23.043Z,full-emrmf_p1_g0_d2_loss0p3,5,full_emrmf,1.000000,0.000000,2.000000,0.300000,0.698930,0.481805,1.564239,0.421870,0.053408
springer_revision_full_20260530,run_logs/20260530T210623043Z_full-emrmf_p1_g0p25_d0p5_loss0p1_run01.csv,2026-05-30T21:06:23.043Z,2026-05-30T21:06:23.043Z,full-emrmf_p1_g0p25_d0p5_loss0p1,1,full_emrmf,1.000000,0.250000,0.500000,0.100000,0.303612,0.218731,0.858432,0.612398,0.047221
springer_revision_full_20260530,run_logs/20260530T210623043Z_full-emrmf_p1_g0p25_d0p5_loss0p1_run02.csv,2026-05-30T21:06:23.043Z,2026-05-30T21:06:23.044Z,full-emrmf_p1_g0p25_d0p5_loss0p1,2,full_emrmf,1.000000,0.250000,0.500000,0.100000,0.336404,0.209123,0.806458,0.587706,0.052245
springer_revision_full_20260530,run_logs/20260530T210623044Z_full-emrmf_p1_g0p25_d0p5_loss0p1_run03.csv,2026-05-30T21:06:23.044Z,2026-05-30T21:06:23.044Z,full-emrmf_p1_g0p25_d0p5_loss0p1,3,full_emrmf,1.000000,0.250000,0.500000,0.100000,0.331922,0.253445,0.808206,0.584513,0.043362
springer_revision_full_20260530,run_logs/20260530T210623044Z_full-emrmf_p1_g0p25_d0p5_loss0p1_run04.csv,2026-05-30T21:06:23.044Z,2026-05-30T21:06:23.045Z,full-emrmf_p1_g0p25_d0p5_loss0p1,4,full_emrmf,1.000000,0.250000,0.500000,0.100000,0.323558,0.218012,0.810685,0.583627,0.048382
springer_revision_full_20260530,run_logs/20260530T210623045Z_full-emrmf_p1_g0p25_d0p5_loss0p1_run05.csv,2026-05-30T21:06:23.045Z,2026-05-30T21:06:23.045Z,full-emrmf_p1_g0p25_d0p5_loss0p1,5,full_emrmf,1.000000,0.250000,0.500000,0.100000,0.318302,0.226020,0.827881,0.573359,0.058078
springer_revision_full_20260530,run_logs/20260530T210623045Z_full-emrmf_p1_g0p25_d0p5_loss0p3_run01.csv,2026-05-30T21:06:23.045Z,2026-05-30T21:06:23.046Z,full-emrmf_p1_g0p25_d0p5_loss0p3,1,full_emrmf,1.000000,0.250000,0.500000,0.300000,0.503683,0.347210,1.010194,0.509289,0.046367
springer_revision_full_20260530,run_logs/20260530T210623046Z_full-emrmf_p1_g0p25_d0p5_loss0p3_run02.csv,2026-05-30T21:06:23.046Z,2026-05-30T21:06:23.046Z,full-emrmf_p1_g0p25_d0p5_loss0p3,2,full_emrmf,1.000000,0.250000,0.500000,0.300000,0.497415,0.348332,1.050013,0.493237,0.052509
springer_revision_full_20260530,run_logs/20260530T210623046Z_full-emrmf_p1_g0p25_d0p5_loss0p3_run03.csv,2026-05-30T21:06:23.046Z,2026-05-30T21:06:23.047Z,full-emrmf_p1_g0p25_d0p5_loss0p3,3,full_emrmf,1.000000,0.250000,0.500000,0.300000,0.523115,0.349726,1.035363,0.489990,0.047014
springer_revision_full_20260530,run_logs/20260530T210623047Z_full-emrmf_p1_g0p25_d0p5_loss0p3_run04.csv,2026-05-30T21:06:23.047Z,2026-05-30T21:06:23.047Z,full-emrmf_p1_g0p25_d0p5_loss0p3,4,full_emrmf,1.000000,0.250000,0.500000,0.300000,0.499070,0.361466,1.021788,0.480664,0.051096
springer_revision_full_20260530,run_logs/20260530T210623047Z_full-emrmf_p1_g0p25_d0p5_loss0p3_run05.csv,2026-05-30T21:06:23.047Z,2026-05-30T21:06:23.047Z,full-emrmf_p1_g0p25_d0p5_loss0p3,5,full_emrmf,1.000000,0.250000,0.500000,0.300000,0.531685,0.375900,1.016663,0.474535,0.045967
springer_revision_full_20260530,run_logs/20260530T210623048Z_full-emrmf_p1_g0p25_d2_loss0p1_run01.csv,2026-05-30T21:06:23.048Z,2026-05-30T21:06:23.048Z,full-emrmf_p1_g0p25_d2_loss0p1,1,full_emrmf,1.000000,0.250000,2.000000,0.100000,0.547508,0.380983,1.416410,0.341680,0.036170
springer_revision_full_20260530,run_logs/20260530T210623048Z_full-emrmf_p1_g0p25_d2_loss0p1_run02.csv,2026-05-30T21:06:23.048Z,2026-05-30T21:06:23.048Z,full-emrmf_p1_g0p25_d2_loss0p1,2,full_emrmf,1.000000,0.250000,2.000000,0.100000,0.557667,0.386222,1.362763,0.330429,0.029486
springer_revision_full_20260530,run_logs/20260530T210623048Z_full-emrmf_p1_g0p25_d2_loss0p1_run03.csv,2026-05-30T21:06:23.048Z,2026-05-30T21:06:23.049Z,full-emrmf_p1_g0p25_d2_loss0p1,3,full_emrmf,1.000000,0.250000,2.000000,0.100000,0.567029,0.365680,1.371275,0.333985,0.030175
springer_revision_full_20260530,run_logs/20260530T210623049Z_full-emrmf_p1_g0p25_d2_loss0p1_run04.csv,2026-05-30T21:06:23.049Z,2026-05-30T21:06:23.049Z,full-emrmf_p1_g0p25_d2_loss0p1,4,full_emrmf,1.000000,0.250000,2.000000,0.100000,0.548009,0.347325,1.393580,0.332176,0.034369
springer_revision_full_20260530,run_logs/20260530T210623049Z_full-emrmf_p1_g0p25_d2_loss0p1_run05.csv,2026-05-30T21:06:23.049Z,2026-05-30T21:06:23.050Z,full-emrmf_p1_g0p25_d2_loss0p1,5,full_emrmf,1.000000,0.250000,2.000000,0.100000,0.550832,0.388754,1.379337,0.322568,0.033220
springer_revision_full_20260530,run_logs/20260530T210623050Z_full-emrmf_p1_g0p25_d2_loss0p3_run01.csv,2026-05-30T21:06:23.050Z,2026-05-30T21:06:23.050Z,full-emrmf_p1_g0p25_d2_loss0p3,1,full_emrmf,1.000000,0.250000,2.000000,0.300000,0.708186,0.503610,1.575142,0.277676,0.034458
springer_revision_full_20260530,run_logs/20260530T210623050Z_full-emrmf_p1_g0p25_d2_loss0p3_run02.csv,2026-05-30T21:06:23.050Z,2026-05-30T21:06:23.051Z,full-emrmf_p1_g0p25_d2_loss0p3,2,full_emrmf,1.000000,0.250000,2.000000,0.300000,0.692684,0.510283,1.553807,0.270708,0.033105
springer_revision_full_20260530,run_logs/20260530T210623051Z_full-emrmf_p1_g0p25_d2_loss0p3_run03.csv,2026-05-30T21:06:23.051Z,2026-05-30T21:06:23.051Z,full-emrmf_p1_g0p25_d2_loss0p3,3,full_emrmf,1.000000,0.250000,2.000000,0.300000,0.728036,0.491391,1.591747,0.264547,0.039280
springer_revision_full_20260530,run_logs/20260530T210623051Z_full-emrmf_p1_g0p25_d2_loss0p3_run04.csv,2026-05-30T21:06:23.051Z,2026-05-30T21:06:23.052Z,full-emrmf_p1_g0p25_d2_loss0p3,4,full_emrmf,1.000000,0.250000,2.000000,0.300000,0.709751,0.505474,1.564765,0.263317,0.034494
springer_revision_full_20260530,run_logs/20260530T210623052Z_full-emrmf_p1_g0p25_d2_loss0p3_run05.csv,2026-05-30T21:06:23.052Z,2026-05-30T21:06:23.052Z,full-emrmf_p1_g0p25_d2_loss0p3,5,full_emrmf,1.000000,0.250000,2.000000,0.300000,0.717780,0.513687,1.547171,0.257799,0.029688
springer_revision_full_20260530,run_logs/20260530T210623052Z_full-emrmf_p1_g0p5_d0p5_loss0p1_run01.csv,2026-05-30T21:06:23.052Z,2026-05-30T21:06:23.053Z,full-emrmf_p1_g0p5_d0p5_loss0p1,1,full_emrmf,1.000000,0.500000,0.500000,0.100000,0.331169,0.241482,0.817643,0.524788,0.044918
springer_revision_full_20260530,run_logs/20260530T210623053Z_full-emrmf_p1_g0p5_d0p5_loss0p1_run02.csv,2026-05-30T21:06:23.053Z,2026-05-30T21:06:23.053Z,full-emrmf_p1_g0p5_d0p5_loss0p1,2,full_emrmf,1.000000,0.500000,0.500000,0.100000,0.308364,0.237635,0.840435,0.520399,0.050891
springer_revision_full_20260530,run_logs/20260530T210623053Z_full-emrmf_p1_g0p5_d0p5_loss0p1_run03.csv,2026-05-30T21:06:23.053Z,2026-05-30T21:06:23.054Z,full-emrmf_p1_g0p5_d0p5_loss0p1,3,full_emrmf,1.000000,0.500000,0.500000,0.100000,0.328492,0.226648,0.848269,0.521778,0.045768
springer_revision_full_20260530,run_logs/20260530T210623054Z_full-emrmf_p1_g0p5_d0p5_loss0p1_run04.csv,2026-05-30T21:06:23.054Z,2026-05-30T21:06:23.054Z,full-emrmf_p1_g0p5_d0p5_loss0p1,4,full_emrmf,1.000000,0.500000,0.500000,0.100000,0.344801,0.235194,0.845823,0.509871,0.051100
springer_revision_full_20260530,run_logs/20260530T210623054Z_full-emrmf_p1_g0p5_d0p5_loss0p1_run05.csv,2026-05-30T21:06:23.054Z,2026-05-30T21:06:23.055Z,full-emrmf_p1_g0p5_d0p5_loss0p1,5,full_emrmf,1.000000,0.500000,0.500000,0.100000,0.335671,0.209097,0.802882,0.499191,0.050237
springer_revision_full_20260530,run_logs/20260530T210623055Z_full-emrmf_p1_g0p5_d0p5_loss0p3_run01.csv,2026-05-30T21:06:23.055Z,2026-05-30T21:06:23.055Z,full-emrmf_p1_g0p5_d0p5_loss0p3,1,full_emrmf,1.000000,0.500000,0.500000,0.300000,0.522397,0.390114,1.024139,0.456291,0.051905
springer_revision_full_20260530,run_logs/20260530T210623055Z_full-emrmf_p1_g0p5_d0p5_loss0p3_run02.csv,2026-05-30T21:06:23.055Z,2026-05-30T21:06:23.056Z,full-emrmf_p1_g0p5_d0p5_loss0p3,2,full_emrmf,1.000000,0.500000,0.500000,0.300000,0.496116,0.372198,1.015510,0.441760,0.047494
springer_revision_full_20260530,run_logs/20260530T210623056Z_full-emrmf_p1_g0p5_d0p5_loss0p3_run03.csv,2026-05-30T21:06:23.056Z,2026-05-30T21:06:23.056Z,full-emrmf_p1_g0p5_d0p5_loss0p3,3,full_emrmf,1.000000,0.500000,0.500000,0.300000,0.501728,0.382003,1.058369,0.425810,0.047713
springer_revision_full_20260530,run_logs/20260530T210623056Z_full-emrmf_p1_g0p5_d0p5_loss0p3_run04.csv,2026-05-30T21:06:23.056Z,2026-05-30T21:06:23.056Z,full-emrmf_p1_g0p5_d0p5_loss0p3,4,full_emrmf,1.000000,0.500000,0.500000,0.300000,0.496329,0.390522,0.998588,0.426919,0.051292
springer_revision_full_20260530,run_logs/20260530T210623057Z_full-emrmf_p1_g0p5_d0p5_loss0p3_run05.csv,2026-05-30T21:06:23.057Z,2026-05-30T21:06:23.057Z,full-emrmf_p1_g0p5_d0p5_loss0p3,5,full_emrmf,1.000000,0.500000,0.500000,0.300000,0.522306,0.386047,1.013493,0.416978,0.056049
springer_revision_full_20260530,run_logs/20260530T210623057Z_full-emrmf_p1_g0p5_d2_loss0p1_run01.csv,2026-05-30T21:06:23.057Z,2026-05-30T21:06:23.057Z,full-emrmf_p1_g0p5_d2_loss0p1,1,full_emrmf,1.000000,0.500000,2.000000,0.100000,0.569765,0.404038,1.364963,0.209384,0.022999
springer_revision_full_20260530,run_logs/20260530T210623058Z_full-emrmf_p1_g0p5_d2_loss0p1_run02.csv,2026-05-30T21:06:23.058Z,2026-05-30T21:06:23.058Z,full-emrmf_p1_g0p5_d2_loss0p1,2,full_emrmf,1.000000,0.500000,2.000000,0.100000,0.559312,0.390684,1.367974,0.203657,0.022560
springer_revision_full_20260530,run_logs/20260530T210623058Z_full-emrmf_p1_g0p5_d2_loss0p1_run03.csv,2026-05-30T21:06:23.058Z,2026-05-30T21:06:23.059Z,full-emrmf_p1_g0p5_d2_loss0p1,3,full_emrmf,1.000000,0.500000,2.000000,0.100000,0.561832,0.400210,1.357794,0.197184,0.021253
springer_revision_full_20260530,run_logs/20260530T210623059Z_full-emrmf_p1_g0p5_d2_loss0p1_run04.csv,2026-05-30T21:06:23.059Z,2026-05-30T21:06:23.059Z,full-emrmf_p1_g0p5_d2_loss0p1,4,full_emrmf,1.000000,0.500000,2.000000,0.100000,0.574527,0.405548,1.355441,0.194705,0.023456
springer_revision_full_20260530,run_logs/20260530T210623060Z_full-emrmf_p1_g0p5_d2_loss0p1_run05.csv,2026-05-30T21:06:23.060Z,2026-05-30T21:06:23.060Z,full-emrmf_p1_g0p5_d2_loss0p1,5,full_emrmf,1.000000,0.500000,2.000000,0.100000,0.562581,0.409873,1.384680,0.194717,0.026501
springer_revision_full_20260530,run_logs/20260530T210623061Z_full-emrmf_p1_g0p5_d2_loss0p3_run01.csv,2026-05-30T21:06:23.061Z,2026-05-30T21:06:23.061Z,full-emrmf_p1_g0p5_d2_loss0p3,1,full_emrmf,1.000000,0.500000,2.000000,0.300000,0.742346,0.529810,1.549037,0.175211,0.027527
springer_revision_full_20260530,run_logs/20260530T210623061Z_full-emrmf_p1_g0p5_d2_loss0p3_run02.csv,2026-05-30T21:06:23.061Z,2026-05-30T21:06:23.062Z,full-emrmf_p1_g0p5_d2_loss0p3,2,full_emrmf,1.000000,0.500000,2.000000,0.300000,0.770723,0.502477,1.596971,0.165378,0.023455
springer_revision_full_20260530,run_logs/20260530T210623062Z_full-emrmf_p1_g0p5_d2_loss0p3_run03.csv,2026-05-30T21:06:23.062Z,2026-05-30T21:06:23.063Z,full-emrmf_p1_g0p5_d2_loss0p3,3,full_emrmf,1.000000,0.500000,2.000000,0.300000,0.735971,0.537276,1.547297,0.157969,0.024957
springer_revision_full_20260530,run_logs/20260530T210623063Z_full-emrmf_p1_g0p5_d2_loss0p3_run04.csv,2026-05-30T21:06:23.063Z,2026-05-30T21:06:23.064Z,full-emrmf_p1_g0p5_d2_loss0p3,4,full_emrmf,1.000000,0.500000,2.000000,0.300000,0.745238,0.510650,1.559814,0.155655,0.024740
springer_revision_full_20260530,run_logs/20260530T210623064Z_full-emrmf_p1_g0p5_d2_loss0p3_run05.csv,2026-05-30T21:06:23.064Z,2026-05-30T21:06:23.064Z,full-emrmf_p1_g0p5_d2_loss0p3,5,full_emrmf,1.000000,0.500000,2.000000,0.300000,0.742593,0.546615,1.586618,0.152606,0.019609
springer_revision_full_20260530,run_logs/20260530T210623064Z_full-emrmf_p1_g1_d0p5_loss0p1_run01.csv,2026-05-30T21:06:23.064Z,2026-05-30T21:06:23.065Z,full-emrmf_p1_g1_d0p5_loss0p1,1,full_emrmf,1.000000,1.000000,0.500000,0.100000,0.342847,0.231465,0.855535,0.428065,0.050888
springer_revision_full_20260530,run_logs/20260530T210623065Z_full-emrmf_p1_g1_d0p5_loss0p1_run02.csv,2026-05-30T21:06:23.065Z,2026-05-30T21:06:23.066Z,full-emrmf_p1_g1_d0p5_loss0p1,2,full_emrmf,1.000000,1.000000,0.500000,0.100000,0.352305,0.229905,0.865762,0.404114,0.048379
springer_revision_full_20260530,run_logs/20260530T210623066Z_full-emrmf_p1_g1_d0p5_loss0p1_run03.csv,2026-05-30T21:06:23.066Z,2026-05-30T21:06:23.067Z,full-emrmf_p1_g1_d0p5_loss0p1,3,full_emrmf,1.000000,1.000000,0.500000,0.100000,0.356847,0.247950,0.841267,0.404706,0.041990
springer_revision_full_20260530,run_logs/20260530T210623067Z_full-emrmf_p1_g1_d0p5_loss0p1_run04.csv,2026-05-30T21:06:23.067Z,2026-05-30T21:06:23.068Z,full-emrmf_p1_g1_d0p5_loss0p1,4,full_emrmf,1.000000,1.000000,0.500000,0.100000,0.344837,0.241203,0.841472,0.401054,0.057417
springer_revision_full_20260530,run_logs/20260530T210623068Z_full-emrmf_p1_g1_d0p5_loss0p1_run05.csv,2026-05-30T21:06:23.068Z,2026-05-30T21:06:23.068Z,full-emrmf_p1_g1_d0p5_loss0p1,5,full_emrmf,1.000000,1.000000,0.500000,0.100000,0.352577,0.257819,0.841372,0.392803,0.046640
springer_revision_full_20260530,run_logs/20260530T210623069Z_full-emrmf_p1_g1_d0p5_loss0p3_run01.csv,2026-05-30T21:06:23.069Z,2026-05-30T21:06:23.069Z,full-emrmf_p1_g1_d0p5_loss0p3,1,full_emrmf,1.000000,1.000000,0.500000,0.300000,0.523028,0.383879,1.054246,0.351183,0.045211
springer_revision_full_20260530,run_logs/20260530T210623070Z_full-emrmf_p1_g1_d0p5_loss0p3_run02.csv,2026-05-30T21:06:23.070Z,2026-05-30T21:06:23.070Z,full-emrmf_p1_g1_d0p5_loss0p3,2,full_emrmf,1.000000,1.000000,0.500000,0.300000,0.532834,0.371531,1.067756,0.343639,0.050195
springer_revision_full_20260530,run_logs/20260530T210623070Z_full-emrmf_p1_g1_d0p5_loss0p3_run03.csv,2026-05-30T21:06:23.070Z,2026-05-30T21:06:23.071Z,full-emrmf_p1_g1_d0p5_loss0p3,3,full_emrmf,1.000000,1.000000,0.500000,0.300000,0.511535,0.378319,0.990823,0.344212,0.048407
springer_revision_full_20260530,run_logs/20260530T210623071Z_full-emrmf_p1_g1_d0p5_loss0p3_run04.csv,2026-05-30T21:06:23.071Z,2026-05-30T21:06:23.072Z,full-emrmf_p1_g1_d0p5_loss0p3,4,full_emrmf,1.000000,1.000000,0.500000,0.300000,0.528462,0.375977,1.042890,0.332196,0.042482
springer_revision_full_20260530,run_logs/20260530T210623072Z_full-emrmf_p1_g1_d0p5_loss0p3_run05.csv,2026-05-30T21:06:23.072Z,2026-05-30T21:06:23.073Z,full-emrmf_p1_g1_d0p5_loss0p3,5,full_emrmf,1.000000,1.000000,0.500000,0.300000,0.519371,0.352519,1.052305,0.330330,0.043522
springer_revision_full_20260530,run_logs/20260530T210623073Z_full-emrmf_p1_g1_d2_loss0p1_run01.csv,2026-05-30T21:06:23.073Z,2026-05-30T21:06:23.074Z,full-emrmf_p1_g1_d2_loss0p1,1,full_emrmf,1.000000,1.000000,2.000000,0.100000,0.582730,0.426633,1.359666,0.075438,0.010566
springer_revision_full_20260530,run_logs/20260530T210623074Z_full-emrmf_p1_g1_d2_loss0p1_run02.csv,2026-05-30T21:06:23.074Z,2026-05-30T21:06:23.075Z,full-emrmf_p1_g1_d2_loss0p1,2,full_emrmf,1.000000,1.000000,2.000000,0.100000,0.564128,0.418951,1.351435,0.075812,0.011388
springer_revision_full_20260530,run_logs/20260530T210623075Z_full-emrmf_p1_g1_d2_loss0p1_run03.csv,2026-05-30T21:06:23.075Z,2026-05-30T21:06:23.075Z,full-emrmf_p1_g1_d2_loss0p1,3,full_emrmf,1.000000,1.000000,2.000000,0.100000,0.570846,0.419597,1.410725,0.075157,0.011185
springer_revision_full_20260530,run_logs/20260530T210623076Z_full-emrmf_p1_g1_d2_loss0p1_run04.csv,2026-05-30T21:06:23.076Z,2026-05-30T21:06:23.076Z,full-emrmf_p1_g1_d2_loss0p1,4,full_emrmf,1.000000,1.000000,2.000000,0.100000,0.592618,0.387131,1.375555,0.073993,0.012471
springer_revision_full_20260530,run_logs/20260530T210623077Z_full-emrmf_p1_g1_d2_loss0p1_run05.csv,2026-05-30T21:06:23.077Z,2026-05-30T21:06:23.077Z,full-emrmf_p1_g1_d2_loss0p1,5,full_emrmf,1.000000,1.000000,2.000000,0.100000,0.597098,0.414858,1.362869,0.068950,0.011594
springer_revision_full_20260530,run_logs/20260530T210623078Z_full-emrmf_p1_g1_d2_loss0p3_run01.csv,2026-05-30T21:06:23.078Z,2026-05-30T21:06:23.078Z,full-emrmf_p1_g1_d2_loss0p3,1,full_emrmf,1.000000,1.000000,2.000000,0.300000,0.758074,0.529072,1.587486,0.060670,0.011097
springer_revision_full_20260530,run_logs/20260530T210623078Z_full-emrmf_p1_g1_d2_loss0p3_run02.csv,2026-05-30T21:06:23.078Z,2026-05-30T21:06:23.079Z,full-emrmf_p1_g1_d2_loss0p3,2,full_emrmf,1.000000,1.000000,2.000000,0.300000,0.767117,0.537851,1.591074,0.059907,0.010712
springer_revision_full_20260530,run_logs/20260530T210623079Z_full-emrmf_p1_g1_d2_loss0p3_run03.csv,2026-05-30T21:06:23.079Z,2026-05-30T21:06:23.080Z,full-emrmf_p1_g1_d2_loss0p3,3,full_emrmf,1.000000,1.000000,2.000000,0.300000,0.768831,0.523379,1.590699,0.059778,0.010628
springer_revision_full_20260530,run_logs/20260530T210623080Z_full-emrmf_p1_g1_d2_loss0p3_run04.csv,2026-05-30T21:06:23.080Z,2026-05-30T21:06:23.081Z,full-emrmf_p1_g1_d2_loss0p3,4,full_emrmf,1.000000,1.000000,2.000000,0.300000,0.761457,0.533718,1.604505,0.056703,0.010166
springer_revision_full_20260530,run_logs/20260530T210623081Z_full-emrmf_p1_g1_d2_loss0p3_run05.csv,2026-05-30T21:06:23.081Z,2026-05-30T21:06:23.082Z,full-emrmf_p1_g1_d2_loss0p3,5,full_emrmf,1.000000,1.000000,2.000000,0.300000,0.751395,0.561435,1.567509,0.056573,0.010832
springer_revision_full_20260530,run_logs/20260530T210623082Z_full-emrmf_p2_g0_d0p5_loss0p1_run01.csv,2026-05-30T21:06:23.082Z,2026-05-30T21:06:23.082Z,full-emrmf_p2_g0_d0p5_loss0p1,1,full_emrmf,2.000000,0.000000,0.500000,0.100000,0.266004,0.179456,0.821931,0.898257,0.034047
springer_revision_full_20260530,run_logs/20260530T210623083Z_full-emrmf_p2_g0_d0p5_loss0p1_run02.csv,2026-05-30T21:06:23.083Z,2026-05-30T21:06:23.083Z,full-emrmf_p2_g0_d0p5_loss0p1,2,full_emrmf,2.000000,0.000000,0.500000,0.100000,0.243196,0.198277,0.855081,0.894569,0.035732
springer_revision_full_20260530,run_logs/20260530T210623084Z_full-emrmf_p2_g0_d0p5_loss0p1_run03.csv,2026-05-30T21:06:23.084Z,2026-05-30T21:06:23.084Z,full-emrmf_p2_g0_d0p5_loss0p1,3,full_emrmf,2.000000,0.000000,0.500000,0.100000,0.256722,0.175698,0.862499,0.886276,0.037289
springer_revision_full_20260530,run_logs/20260530T210623084Z_full-emrmf_p2_g0_d0p5_loss0p1_run04.csv,2026-05-30T21:06:23.084Z,2026-05-30T21:06:23.085Z,full-emrmf_p2_g0_d0p5_loss0p1,4,full_emrmf,2.000000,0.000000,0.500000,0.100000,0.283145,0.168957,0.822430,0.876422,0.035016
springer_revision_full_20260530,run_logs/20260530T210623085Z_full-emrmf_p2_g0_d0p5_loss0p1_run05.csv,2026-05-30T21:06:23.085Z,2026-05-30T21:06:23.086Z,full-emrmf_p2_g0_d0p5_loss0p1,5,full_emrmf,2.000000,0.000000,0.500000,0.100000,0.259085,0.176897,0.824819,0.867182,0.042566
springer_revision_full_20260530,run_logs/20260530T210623086Z_full-emrmf_p2_g0_d0p5_loss0p3_run01.csv,2026-05-30T21:06:23.086Z,2026-05-30T21:06:23.087Z,full-emrmf_p2_g0_d0p5_loss0p3,1,full_emrmf,2.000000,0.000000,0.500000,0.300000,0.453726,0.319960,0.967284,0.817675,0.042563
springer_revision_full_20260530,run_logs/20260530T210623087Z_full-emrmf_p2_g0_d0p5_loss0p3_run02.csv,2026-05-30T21:06:23.087Z,2026-05-30T21:06:23.088Z,full-emrmf_p2_g0_d0p5_loss0p3,2,full_emrmf,2.000000,0.000000,0.500000,0.300000,0.462698,0.311571,1.008587,0.812554,0.044371
springer_revision_full_20260530,run_logs/20260530T210623088Z_full-emrmf_p2_g0_d0p5_loss0p3_run03.csv,2026-05-30T21:06:23.088Z,2026-05-30T21:06:23.088Z,full-emrmf_p2_g0_d0p5_loss0p3,3,full_emrmf,2.000000,0.000000,0.500000,0.300000,0.469618,0.313763,0.985760,0.798681,0.051544
springer_revision_full_20260530,run_logs/20260530T210623089Z_full-emrmf_p2_g0_d0p5_loss0p3_run04.csv,2026-05-30T21:06:23.089Z,2026-05-30T21:06:23.089Z,full-emrmf_p2_g0_d0p5_loss0p3,4,full_emrmf,2.000000,0.000000,0.500000,0.300000,0.442920,0.319147,1.030443,0.800523,0.044552
springer_revision_full_20260530,run_logs/20260530T210623090Z_full-emrmf_p2_g0_d0p5_loss0p3_run05.csv,2026-05-30T21:06:23.090Z,2026-05-30T21:06:23.090Z,full-emrmf_p2_g0_d0p5_loss0p3,5,full_emrmf,2.000000,0.000000,0.500000,0.300000,0.451433,0.308843,0.984005,0.781655,0.044489
springer_revision_full_20260530,run_logs/20260530T210623090Z_full-emrmf_p2_g0_d2_loss0p1_run01.csv,2026-05-30T21:06:23.090Z,2026-05-30T21:06:23.091Z,full-emrmf_p2_g0_d2_loss0p1,1,full_emrmf,2.000000,0.000000,2.000000,0.100000,0.452497,0.300566,1.367800,0.813869,0.049345
springer_revision_full_20260530,run_logs/20260530T210623091Z_full-emrmf_p2_g0_d2_loss0p1_run02.csv,2026-05-30T21:06:23.091Z,2026-05-30T21:06:23.092Z,full-emrmf_p2_g0_d2_loss0p1,2,full_emrmf,2.000000,0.000000,2.000000,0.100000,0.474534,0.323174,1.381114,0.786899,0.056020
springer_revision_full_20260530,run_logs/20260530T210623092Z_full-emrmf_p2_g0_d2_loss0p1_run03.csv,2026-05-30T21:06:23.092Z,2026-05-30T21:06:23.093Z,full-emrmf_p2_g0_d2_loss0p1,3,full_emrmf,2.000000,0.000000,2.000000,0.100000,0.434352,0.308196,1.368013,0.787798,0.054286
springer_revision_full_20260530,run_logs/20260530T210623093Z_full-emrmf_p2_g0_d2_loss0p1_run04.csv,2026-05-30T21:06:23.093Z,2026-05-30T21:06:23.094Z,full-emrmf_p2_g0_d2_loss0p1,4,full_emrmf,2.000000,0.000000,2.000000,0.100000,0.454169,0.313652,1.379997,0.776348,0.057583
springer_revision_full_20260530,run_logs/20260530T210623094Z_full-emrmf_p2_g0_d2_loss0p1_run05.csv,2026-05-30T21:06:23.094Z,2026-05-30T21:06:23.095Z,full-emrmf_p2_g0_d2_loss0p1,5,full_emrmf,2.000000,0.000000,2.000000,0.100000,0.457007,0.309967,1.354970,0.771681,0.058417
springer_revision_full_20260530,run_logs/20260530T210623095Z_full-emrmf_p2_g0_d2_loss0p3_run01.csv,2026-05-30T21:06:23.095Z,2026-05-30T21:06:23.096Z,full-emrmf_p2_g0_d2_loss0p3,1,full_emrmf,2.000000,0.000000,2.000000,0.300000,0.638507,0.433190,1.557731,0.696413,0.065974
springer_revision_full_20260530,run_logs/20260530T210623096Z_full-emrmf_p2_g0_d2_loss0p3_run02.csv,2026-05-30T21:06:23.096Z,2026-05-30T21:06:23.097Z,full-emrmf_p2_g0_d2_loss0p3,2,full_emrmf,2.000000,0.000000,2.000000,0.300000,0.672472,0.440466,1.549548,0.679763,0.061646
springer_revision_full_20260530,run_logs/20260530T210623097Z_full-emrmf_p2_g0_d2_loss0p3_run03.csv,2026-05-30T21:06:23.097Z,2026-05-30T21:06:23.097Z,full-emrmf_p2_g0_d2_loss0p3,3,full_emrmf,2.000000,0.000000,2.000000,0.300000,0.661211,0.455260,1.514630,0.673166,0.057273
springer_revision_full_20260530,run_logs/20260530T210623098Z_full-emrmf_p2_g0_d2_loss0p3_run04.csv,2026-05-30T21:06:23.098Z,2026-05-30T21:06:23.098Z,full-emrmf_p2_g0_d2_loss0p3,4,full_emrmf,2.000000,0.000000,2.000000,0.300000,0.652998,0.451263,1.558745,0.652171,0.061126
springer_revision_full_20260530,run_logs/20260530T210623099Z_full-emrmf_p2_g0_d2_loss0p3_run05.csv,2026-05-30T21:06:23.099Z,2026-05-30T21:06:23.099Z,full-emrmf_p2_g0_d2_loss0p3,5,full_emrmf,2.000000,0.000000,2.000000,0.300000,0.663896,0.461939,1.571854,0.663441,0.070922
springer_revision_full_20260530,run_logs/20260530T210623099Z_full-emrmf_p2_g0p25_d0p5_loss0p1_run01.csv,2026-05-30T21:06:23.099Z,2026-05-30T21:06:23.100Z,full-emrmf_p2_g0p25_d0p5_loss0p1,1,full_emrmf,2.000000,0.250000,0.500000,0.100000,0.277537,0.171013,0.833028,0.792941,0.039994
springer_revision_full_20260530,run_logs/20260530T210623100Z_full-emrmf_p2_g0p25_d0p5_loss0p1_run02.csv,2026-05-30T21:06:23.100Z,2026-05-30T21:06:23.101Z,full-emrmf_p2_g0p25_d0p5_loss0p1,2,full_emrmf,2.000000,0.250000,0.500000,0.100000,0.259030,0.193374,0.858417,0.790406,0.033442
springer_revision_full_20260530,run_logs/20260530T210623101Z_full-emrmf_p2_g0p25_d0p5_loss0p1_run03.csv,2026-05-30T21:06:23.101Z,2026-05-30T21:06:23.102Z,full-emrmf_p2_g0p25_d0p5_loss0p1,3,full_emrmf,2.000000,0.250000,0.500000,0.100000,0.305495,0.186704,0.799552,0.775846,0.039471
springer_revision_full_20260530,run_logs/20260530T210623102Z_full-emrmf_p2_g0p25_d0p5_loss0p1_run04.csv,2026-05-30T21:06:23.102Z,2026-05-30T21:06:23.103Z,full-emrmf_p2_g0p25_d0p5_loss0p1,4,full_emrmf,2.000000,0.250000,0.500000,0.100000,0.286871,0.184622,0.822833,0.779138,0.031625
springer_revision_full_20260530,run_logs/20260530T210623103Z_full-emrmf_p2_g0p25_d0p5_loss0p1_run05.csv,2026-05-30T21:06:23.103Z,2026-05-30T21:06:23.104Z,full-emrmf_p2_g0p25_d0p5_loss0p1,5,full_emrmf,2.000000,0.250000,0.500000,0.100000,0.286201,0.196125,0.846750,0.776693,0.036799
springer_revision_full_20260530,run_logs/20260530T210623104Z_full-emrmf_p2_g0p25_d0p5_loss0p3_run01.csv,2026-05-30T21:06:23.104Z,2026-05-30T21:06:23.104Z,full-emrmf_p2_g0p25_d0p5_loss0p3,1,full_emrmf,2.000000,0.250000,0.500000,0.300000,0.485381,0.332970,0.998378,0.720578,0.045557
springer_revision_full_20260530,run_logs/20260530T210623105Z_full-emrmf_p2_g0p25_d0p5_loss0p3_run02.csv,2026-05-30T21:06:23.105Z,2026-05-30T21:06:23.105Z,full-emrmf_p2_g0p25_d0p5_loss0p3,2,full_emrmf,2.000000,0.250000,0.500000,0.300000,0.440221,0.316741,1.007968,0.717309,0.046348
springer_revision_full_20260530,run_logs/20260530T210623106Z_full-emrmf_p2_g0p25_d0p5_loss0p3_run03.csv,2026-05-30T21:06:23.106Z,2026-05-30T21:06:23.106Z,full-emrmf_p2_g0p25_d0p5_loss0p3,3,full_emrmf,2.000000,0.250000,0.500000,0.300000,0.446419,0.341014,0.983524,0.700949,0.052829
springer_revision_full_20260530,run_logs/20260530T210623106Z_full-emrmf_p2_g0p25_d0p5_loss0p3_run04.csv,2026-05-30T21:06:23.106Z,2026-05-30T21:06:23.107Z,full-emrmf_p2_g0p25_d0p5_loss0p3,4,full_emrmf,2.000000,0.250000,0.500000,0.300000,0.445448,0.345762,1.051376,0.699503,0.051055
springer_revision_full_20260530,run_logs/20260530T210623107Z_full-emrmf_p2_g0p25_d0p5_loss0p3_run05.csv,2026-05-30T21:06:23.107Z,2026-05-30T21:06:23.108Z,full-emrmf_p2_g0p25_d0p5_loss0p3,5,full_emrmf,2.000000,0.250000,0.500000,0.300000,0.476500,0.324043,1.010186,0.693402,0.053984
springer_revision_full_20260530,run_logs/20260530T210623108Z_full-emrmf_p2_g0p25_d2_loss0p1_run01.csv,2026-05-30T21:06:23.108Z,2026-05-30T21:06:23.108Z,full-emrmf_p2_g0p25_d2_loss0p1,1,full_emrmf,2.000000,0.250000,2.000000,0.100000,0.527092,0.352638,1.363529,0.490053,0.028018
springer_revision_full_20260530,run_logs/20260530T210623109Z_full-emrmf_p2_g0p25_d2_loss0p1_run02.csv,2026-05-30T21:06:23.109Z,2026-05-30T21:06:23.109Z,full-emrmf_p2_g0p25_d2_loss0p1,2,full_emrmf,2.000000,0.250000,2.000000,0.100000,0.501261,0.374400,1.376356,0.487327,0.027209
springer_revision_full_20260530,run_logs/20260530T210623109Z_full-emrmf_p2_g0p25_d2_loss0p1_run03.csv,2026-05-30T21:06:23.109Z,2026-05-30T21:06:23.110Z,full-emrmf_p2_g0p25_d2_loss0p1,3,full_emrmf,2.000000,0.250000,2.000000,0.100000,0.534494,0.353896,1.389562,0.478300,0.036139
springer_revision_full_20260530,run_logs/20260530T210623110Z_full-emrmf_p2_g0p25_d2_loss0p1_run04.csv,2026-05-30T21:06:23.110Z,2026-05-30T21:06:23.111Z,full-emrmf_p2_g0p25_d2_loss0p1,4,full_emrmf,2.000000,0.250000,2.000000,0.100000,0.510069,0.369854,1.414165,0.476701,0.030133
springer_revision_full_20260530,run_logs/20260530T210623111Z_full-emrmf_p2_g0p25_d2_loss0p1_run05.csv,2026-05-30T21:06:23.111Z,2026-05-30T21:06:23.112Z,full-emrmf_p2_g0p25_d2_loss0p1,5,full_emrmf,2.000000,0.250000,2.000000,0.100000,0.552797,0.378010,1.385059,0.460507,0.038464
springer_revision_full_20260530,run_logs/20260530T210623112Z_full-emrmf_p2_g0p25_d2_loss0p3_run01.csv,2026-05-30T21:06:23.112Z,2026-05-30T21:06:23.113Z,full-emrmf_p2_g0p25_d2_loss0p3,1,full_emrmf,2.000000,0.250000,2.000000,0.300000,0.718667,0.477232,1.540949,0.426477,0.040563
springer_revision_full_20260530,run_logs/20260530T210623113Z_full-emrmf_p2_g0p25_d2_loss0p3_run02.csv,2026-05-30T21:06:23.113Z,2026-05-30T21:06:23.114Z,full-emrmf_p2_g0p25_d2_loss0p3,2,full_emrmf,2.000000,0.250000,2.000000,0.300000,0.727928,0.478436,1.534751,0.413097,0.039253
springer_revision_full_20260530,run_logs/20260530T210623114Z_full-emrmf_p2_g0p25_d2_loss0p3_run03.csv,2026-05-30T21:06:23.114Z,2026-05-30T21:06:23.114Z,full-emrmf_p2_g0p25_d2_loss0p3,3,full_emrmf,2.000000,0.250000,2.000000,0.300000,0.709816,0.491668,1.534821,0.409579,0.038361
springer_revision_full_20260530,run_logs/20260530T210623115Z_full-emrmf_p2_g0p25_d2_loss0p3_run04.csv,2026-05-30T21:06:23.115Z,2026-05-30T21:06:23.115Z,full-emrmf_p2_g0p25_d2_loss0p3,4,full_emrmf,2.000000,0.250000,2.000000,0.300000,0.700233,0.472701,1.584471,0.401463,0.041361
springer_revision_full_20260530,run_logs/20260530T210623115Z_full-emrmf_p2_g0p25_d2_loss0p3_run05.csv,2026-05-30T21:06:23.115Z,2026-05-30T21:06:23.116Z,full-emrmf_p2_g0p25_d2_loss0p3,5,full_emrmf,2.000000,0.250000,2.000000,0.300000,0.698691,0.490215,1.578664,0.400982,0.039047
springer_revision_full_20260530,run_logs/20260530T210623116Z_full-emrmf_p2_g0p5_d0p5_loss0p1_run01.csv,2026-05-30T21:06:23.116Z,2026-05-30T21:06:23.117Z,full-emrmf_p2_g0p5_d0p5_loss0p1,1,full_emrmf,2.000000,0.500000,0.500000,0.100000,0.302505,0.218392,0.848342,0.698783,0.037234
springer_revision_full_20260530,run_logs/20260530T210623117Z_full-emrmf_p2_g0p5_d0p5_loss0p1_run02.csv,2026-05-30T21:06:23.117Z,2026-05-30T21:06:23.117Z,full-emrmf_p2_g0p5_d0p5_loss0p1,2,full_emrmf,2.000000,0.500000,0.500000,0.100000,0.297443,0.219495,0.817561,0.687295,0.042060
springer_revision_full_20260530,run_logs/20260530T210623117Z_full-emrmf_p2_g0p5_d0p5_loss0p1_run03.csv,2026-05-30T21:06:23.117Z,2026-05-30T21:06:23.118Z,full-emrmf_p2_g0p5_d0p5_loss0p1,3,full_emrmf,2.000000,0.500000,0.500000,0.100000,0.313922,0.207905,0.810991,0.690160,0.038549
springer_revision_full_20260530,run_logs/20260530T210623118Z_full-emrmf_p2_g0p5_d0p5_loss0p1_run04.csv,2026-05-30T21:06:23.118Z,2026-05-30T21:06:23.118Z,full-emrmf_p2_g0p5_d0p5_loss0p1,4,full_emrmf,2.000000,0.500000,0.500000,0.100000,0.311592,0.206100,0.836507,0.679110,0.043859
springer_revision_full_20260530,run_logs/20260530T210623119Z_full-emrmf_p2_g0p5_d0p5_loss0p1_run05.csv,2026-05-30T21:06:23.119Z,2026-05-30T21:06:23.119Z,full-emrmf_p2_g0p5_d0p5_loss0p1,5,full_emrmf,2.000000,0.500000,0.500000,0.100000,0.306961,0.193294,0.851123,0.677743,0.045330
springer_revision_full_20260530,run_logs/20260530T210623119Z_full-emrmf_p2_g0p5_d0p5_loss0p3_run01.csv,2026-05-30T21:06:23.119Z,2026-05-30T21:06:23.119Z,full-emrmf_p2_g0p5_d0p5_loss0p3,1,full_emrmf,2.000000,0.500000,0.500000,0.300000,0.488273,0.331643,1.053826,0.636121,0.048869
springer_revision_full_20260530,run_logs/20260530T210623120Z_full-emrmf_p2_g0p5_d0p5_loss0p3_run02.csv,2026-05-30T21:06:23.120Z,2026-05-30T21:06:23.120Z,full-emrmf_p2_g0p5_d0p5_loss0p3,2,full_emrmf,2.000000,0.500000,0.500000,0.300000,0.483445,0.333967,1.025660,0.624161,0.045646
springer_revision_full_20260530,run_logs/20260530T210623120Z_full-emrmf_p2_g0p5_d0p5_loss0p3_run03.csv,2026-05-30T21:06:23.120Z,2026-05-30T21:06:23.120Z,full-emrmf_p2_g0p5_d0p5_loss0p3,3,full_emrmf,2.000000,0.500000,0.500000,0.300000,0.461016,0.326816,1.012845,0.618482,0.053856
springer_revision_full_20260530,run_logs/20260530T210623121Z_full-emrmf_p2_g0p5_d0p5_loss0p3_run04.csv,2026-05-30T21:06:23.121Z,2026-05-30T21:06:23.121Z,full-emrmf_p2_g0p5_d0p5_loss0p3,4,full_emrmf,2.000000,0.500000,0.500000,0.300000,0.471474,0.341404,1.044140,0.624644,0.056027
springer_revision_full_20260530,run_logs/20260530T210623121Z_full-emrmf_p2_g0p5_d0p5_loss0p3_run05.csv,2026-05-30T21:06:23.121Z,2026-05-30T21:06:23.121Z,full-emrmf_p2_g0p5_d0p5_loss0p3,5,full_emrmf,2.000000,0.500000,0.500000,0.300000,0.490646,0.343167,1.023334,0.607096,0.050605
springer_revision_full_20260530,run_logs/20260530T210623121Z_full-emrmf_p2_g0p5_d2_loss0p1_run01.csv,2026-05-30T21:06:23.121Z,2026-05-30T21:06:23.122Z,full-emrmf_p2_g0p5_d2_loss0p1,1,full_emrmf,2.000000,0.500000,2.000000,0.100000,0.555000,0.386003,1.397926,0.294185,0.025242
springer_revision_full_20260530,run_logs/20260530T210623122Z_full-emrmf_p2_g0p5_d2_loss0p1_run02.csv,2026-05-30T21:06:23.122Z,2026-05-30T21:06:23.122Z,full-emrmf_p2_g0p5_d2_loss0p1,2,full_emrmf,2.000000,0.500000,2.000000,0.100000,0.567625,0.374631,1.385868,0.293480,0.029074
springer_revision_full_20260530,run_logs/20260530T210623123Z_full-emrmf_p2_g0p5_d2_loss0p1_run03.csv,2026-05-30T21:06:23.123Z,2026-05-30T21:06:23.123Z,full-emrmf_p2_g0p5_d2_loss0p1,3,full_emrmf,2.000000,0.500000,2.000000,0.100000,0.576224,0.400581,1.364586,0.295725,0.025647
springer_revision_full_20260530,run_logs/20260530T210623123Z_full-emrmf_p2_g0p5_d2_loss0p1_run04.csv,2026-05-30T21:06:23.123Z,2026-05-30T21:06:23.123Z,full-emrmf_p2_g0p5_d2_loss0p1,4,full_emrmf,2.000000,0.500000,2.000000,0.100000,0.561396,0.375250,1.393431,0.288817,0.024043
springer_revision_full_20260530,run_logs/20260530T210623123Z_full-emrmf_p2_g0p5_d2_loss0p1_run05.csv,2026-05-30T21:06:23.123Z,2026-05-30T21:06:23.124Z,full-emrmf_p2_g0p5_d2_loss0p1,5,full_emrmf,2.000000,0.500000,2.000000,0.100000,0.559808,0.379184,1.409816,0.284554,0.021353
springer_revision_full_20260530,run_logs/20260530T210623124Z_full-emrmf_p2_g0p5_d2_loss0p3_run01.csv,2026-05-30T21:06:23.124Z,2026-05-30T21:06:23.124Z,full-emrmf_p2_g0p5_d2_loss0p3,1,full_emrmf,2.000000,0.500000,2.000000,0.300000,0.737161,0.495246,1.561404,0.261951,0.027825
springer_revision_full_20260530,run_logs/20260530T210623124Z_full-emrmf_p2_g0p5_d2_loss0p3_run02.csv,2026-05-30T21:06:23.124Z,2026-05-30T21:06:23.125Z,full-emrmf_p2_g0p5_d2_loss0p3,2,full_emrmf,2.000000,0.500000,2.000000,0.300000,0.722985,0.502675,1.591413,0.251037,0.026157
springer_revision_full_20260530,run_logs/20260530T210623125Z_full-emrmf_p2_g0p5_d2_loss0p3_run03.csv,2026-05-30T21:06:23.125Z,2026-05-30T21:06:23.125Z,full-emrmf_p2_g0p5_d2_loss0p3,3,full_emrmf,2.000000,0.500000,2.000000,0.300000,0.710833,0.504980,1.526414,0.250667,0.031302
springer_revision_full_20260530,run_logs/20260530T210623125Z_full-emrmf_p2_g0p5_d2_loss0p3_run04.csv,2026-05-30T21:06:23.125Z,2026-05-30T21:06:23.126Z,full-emrmf_p2_g0p5_d2_loss0p3,4,full_emrmf,2.000000,0.500000,2.000000,0.300000,0.710703,0.507814,1.536795,0.248035,0.027244
springer_revision_full_20260530,run_logs/20260530T210623126Z_full-emrmf_p2_g0p5_d2_loss0p3_run05.csv,2026-05-30T21:06:23.126Z,2026-05-30T21:06:23.126Z,full-emrmf_p2_g0p5_d2_loss0p3,5,full_emrmf,2.000000,0.500000,2.000000,0.300000,0.752045,0.518893,1.605373,0.242741,0.024441
springer_revision_full_20260530,run_logs/20260530T210623126Z_full-emrmf_p2_g1_d0p5_loss0p1_run01.csv,2026-05-30T21:06:23.126Z,2026-05-30T21:06:23.127Z,full-emrmf_p2_g1_d0p5_loss0p1,1,full_emrmf,2.000000,1.000000,0.500000,0.100000,0.328665,0.243957,0.868847,0.533140,0.047599
springer_revision_full_20260530,run_logs/20260530T210623127Z_full-emrmf_p2_g1_d0p5_loss0p1_run02.csv,2026-05-30T21:06:23.127Z,2026-05-30T21:06:23.127Z,full-emrmf_p2_g1_d0p5_loss0p1,2,full_emrmf,2.000000,1.000000,0.500000,0.100000,0.326933,0.227925,0.883185,0.552005,0.057800
springer_revision_full_20260530,run_logs/20260530T210623127Z_full-emrmf_p2_g1_d0p5_loss0p1_run03.csv,2026-05-30T21:06:23.127Z,2026-05-30T21:06:23.128Z,full-emrmf_p2_g1_d0p5_loss0p1,3,full_emrmf,2.000000,1.000000,0.500000,0.100000,0.294853,0.234171,0.837322,0.535727,0.057928
springer_revision_full_20260530,run_logs/20260530T210623128Z_full-emrmf_p2_g1_d0p5_loss0p1_run04.csv,2026-05-30T21:06:23.128Z,2026-05-30T21:06:23.128Z,full-emrmf_p2_g1_d0p5_loss0p1,4,full_emrmf,2.000000,1.000000,0.500000,0.100000,0.332040,0.236263,0.838135,0.529721,0.049971
springer_revision_full_20260530,run_logs/20260530T210623128Z_full-emrmf_p2_g1_d0p5_loss0p1_run05.csv,2026-05-30T21:06:23.128Z,2026-05-30T21:06:23.129Z,full-emrmf_p2_g1_d0p5_loss0p1,5,full_emrmf,2.000000,1.000000,0.500000,0.100000,0.353363,0.213932,0.837658,0.523947,0.048933
springer_revision_full_20260530,run_logs/20260530T210623129Z_full-emrmf_p2_g1_d0p5_loss0p3_run01.csv,2026-05-30T21:06:23.129Z,2026-05-30T21:06:23.129Z,full-emrmf_p2_g1_d0p5_loss0p3,1,full_emrmf,2.000000,1.000000,0.500000,0.300000,0.496188,0.370833,1.015493,0.495685,0.054357
springer_revision_full_20260530,run_logs/20260530T210623129Z_full-emrmf_p2_g1_d0p5_loss0p3_run02.csv,2026-05-30T21:06:23.129Z,2026-05-30T21:06:23.130Z,full-emrmf_p2_g1_d0p5_loss0p3,2,full_emrmf,2.000000,1.000000,0.500000,0.300000,0.507438,0.371400,1.042582,0.495450,0.055176
springer_revision_full_20260530,run_logs/20260530T210623130Z_full-emrmf_p2_g1_d0p5_loss0p3_run03.csv,2026-05-30T21:06:23.130Z,2026-05-30T21:06:23.130Z,full-emrmf_p2_g1_d0p5_loss0p3,3,full_emrmf,2.000000,1.000000,0.500000,0.300000,0.501502,0.354671,1.010978,0.483430,0.056271
springer_revision_full_20260530,run_logs/20260530T210623130Z_full-emrmf_p2_g1_d0p5_loss0p3_run04.csv,2026-05-30T21:06:23.130Z,2026-05-30T21:06:23.131Z,full-emrmf_p2_g1_d0p5_loss0p3,4,full_emrmf,2.000000,1.000000,0.500000,0.300000,0.495236,0.364985,1.075986,0.480817,0.055688
springer_revision_full_20260530,run_logs/20260530T210623131Z_full-emrmf_p2_g1_d0p5_loss0p3_run05.csv,2026-05-30T21:06:23.131Z,2026-05-30T21:06:23.131Z,full-emrmf_p2_g1_d0p5_loss0p3,5,full_emrmf,2.000000,1.000000,0.500000,0.300000,0.512665,0.357928,1.044712,0.467393,0.054271
springer_revision_full_20260530,run_logs/20260530T210623131Z_full-emrmf_p2_g1_d2_loss0p1_run01.csv,2026-05-30T21:06:23.131Z,2026-05-30T21:06:23.132Z,full-emrmf_p2_g1_d2_loss0p1,1,full_emrmf,2.000000,1.000000,2.000000,0.100000,0.595328,0.409863,1.381678,0.110300,0.012107
springer_revision_full_20260530,run_logs/20260530T210623132Z_full-emrmf_p2_g1_d2_loss0p1_run02.csv,2026-05-30T21:06:23.132Z,2026-05-30T21:06:23.132Z,full-emrmf_p2_g1_d2_loss0p1,2,full_emrmf,2.000000,1.000000,2.000000,0.100000,0.555384,0.400391,1.371536,0.111318,0.013800
springer_revision_full_20260530,run_logs/20260530T210623132Z_full-emrmf_p2_g1_d2_loss0p1_run03.csv,2026-05-30T21:06:23.132Z,2026-05-30T21:06:23.133Z,full-emrmf_p2_g1_d2_loss0p1,3,full_emrmf,2.000000,1.000000,2.000000,0.100000,0.592104,0.419484,1.417465,0.107659,0.012679
springer_revision_full_20260530,run_logs/20260530T210623133Z_full-emrmf_p2_g1_d2_loss0p1_run04.csv,2026-05-30T21:06:23.133Z,2026-05-30T21:06:23.133Z,full-emrmf_p2_g1_d2_loss0p1,4,full_emrmf,2.000000,1.000000,2.000000,0.100000,0.604188,0.388050,1.418648,0.108041,0.016263
springer_revision_full_20260530,run_logs/20260530T210623133Z_full-emrmf_p2_g1_d2_loss0p1_run05.csv,2026-05-30T21:06:23.133Z,2026-05-30T21:06:23.134Z,full-emrmf_p2_g1_d2_loss0p1,5,full_emrmf,2.000000,1.000000,2.000000,0.100000,0.596407,0.423381,1.399575,0.105843,0.015094
springer_revision_full_20260530,run_logs/20260530T210623134Z_full-emrmf_p2_g1_d2_loss0p3_run01.csv,2026-05-30T21:06:23.134Z,2026-05-30T21:06:23.134Z,full-emrmf_p2_g1_d2_loss0p3,1,full_emrmf,2.000000,1.000000,2.000000,0.300000,0.789389,0.503840,1.583615,0.091833,0.014132
springer_revision_full_20260530,run_logs/20260530T210623134Z_full-emrmf_p2_g1_d2_loss0p3_run02.csv,2026-05-30T21:06:23.134Z,2026-05-30T21:06:23.135Z,full-emrmf_p2_g1_d2_loss0p3,2,full_emrmf,2.000000,1.000000,2.000000,0.300000,0.771272,0.539248,1.583269,0.093395,0.013888
springer_revision_full_20260530,run_logs/20260530T210623135Z_full-emrmf_p2_g1_d2_loss0p3_run03.csv,2026-05-30T21:06:23.135Z,2026-05-30T21:06:23.135Z,full-emrmf_p2_g1_d2_loss0p3,3,full_emrmf,2.000000,1.000000,2.000000,0.300000,0.738604,0.537947,1.601138,0.091237,0.013122
springer_revision_full_20260530,run_logs/20260530T210623135Z_full-emrmf_p2_g1_d2_loss0p3_run04.csv,2026-05-30T21:06:23.135Z,2026-05-30T21:06:23.136Z,full-emrmf_p2_g1_d2_loss0p3,4,full_emrmf,2.000000,1.000000,2.000000,0.300000,0.740427,0.508384,1.597764,0.092559,0.014135
springer_revision_full_20260530,run_logs/20260530T210623136Z_full-emrmf_p2_g1_d2_loss0p3_run05.csv,2026-05-30T21:06:23.136Z,2026-05-30T21:06:23.136Z,full-emrmf_p2_g1_d2_loss0p3,5,full_emrmf,2.000000,1.000000,2.000000,0.300000,0.767333,0.522374,1.582581,0.090181,0.013242
springer_revision_full_20260530,run_logs/20260530T210623136Z_full-emrmf_p3_g0_d0p5_loss0p1_run01.csv,2026-05-30T21:06:23.136Z,2026-05-30T21:06:23.137Z,full-emrmf_p3_g0_d0p5_loss0p1,1,full_emrmf,3.000000,0.000000,0.500000,0.100000,0.238263,0.173195,0.843836,0.967318,0.015940
springer_revision_full_20260530,run_logs/20260530T210623137Z_full-emrmf_p3_g0_d0p5_loss0p1_run02.csv,2026-05-30T21:06:23.137Z,2026-05-30T21:06:23.137Z,full-emrmf_p3_g0_d0p5_loss0p1,2,full_emrmf,3.000000,0.000000,0.500000,0.100000,0.247021,0.176549,0.820796,0.965364,0.015985
springer_revision_full_20260530,run_logs/20260530T210623137Z_full-emrmf_p3_g0_d0p5_loss0p1_run03.csv,2026-05-30T21:06:23.137Z,2026-05-30T21:06:23.138Z,full-emrmf_p3_g0_d0p5_loss0p1,3,full_emrmf,3.000000,0.000000,0.500000,0.100000,0.253246,0.169742,0.836745,0.955504,0.022279
springer_revision_full_20260530,run_logs/20260530T210623138Z_full-emrmf_p3_g0_d0p5_loss0p1_run04.csv,2026-05-30T21:06:23.138Z,2026-05-30T21:06:23.138Z,full-emrmf_p3_g0_d0p5_loss0p1,4,full_emrmf,3.000000,0.000000,0.500000,0.100000,0.255461,0.156248,0.843937,0.957879,0.018612
springer_revision_full_20260530,run_logs/20260530T210623138Z_full-emrmf_p3_g0_d0p5_loss0p1_run05.csv,2026-05-30T21:06:23.138Z,2026-05-30T21:06:23.139Z,full-emrmf_p3_g0_d0p5_loss0p1,5,full_emrmf,3.000000,0.000000,0.500000,0.100000,0.238228,0.170327,0.817126,0.951148,0.021716
springer_revision_full_20260530,run_logs/20260530T210623139Z_full-emrmf_p3_g0_d0p5_loss0p3_run01.csv,2026-05-30T21:06:23.139Z,2026-05-30T21:06:23.139Z,full-emrmf_p3_g0_d0p5_loss0p3,1,full_emrmf,3.000000,0.000000,0.500000,0.300000,0.432004,0.317960,1.026718,0.922142,0.032070
springer_revision_full_20260530,run_logs/20260530T210623139Z_full-emrmf_p3_g0_d0p5_loss0p3_run02.csv,2026-05-30T21:06:23.139Z,2026-05-30T21:06:23.139Z,full-emrmf_p3_g0_d0p5_loss0p3,2,full_emrmf,3.000000,0.000000,0.500000,0.300000,0.428071,0.287311,1.001416,0.918763,0.030910
springer_revision_full_20260530,run_logs/20260530T210623140Z_full-emrmf_p3_g0_d0p5_loss0p3_run03.csv,2026-05-30T21:06:23.140Z,2026-05-30T21:06:23.140Z,full-emrmf_p3_g0_d0p5_loss0p3,3,full_emrmf,3.000000,0.000000,0.500000,0.300000,0.417860,0.294559,1.002379,0.907421,0.034831
springer_revision_full_20260530,run_logs/20260530T210623140Z_full-emrmf_p3_g0_d0p5_loss0p3_run04.csv,2026-05-30T21:06:23.140Z,2026-05-30T21:06:23.140Z,full-emrmf_p3_g0_d0p5_loss0p3,4,full_emrmf,3.000000,0.000000,0.500000,0.300000,0.427820,0.311469,1.001938,0.904105,0.033427
springer_revision_full_20260530,run_logs/20260530T210623141Z_full-emrmf_p3_g0_d0p5_loss0p3_run05.csv,2026-05-30T21:06:23.141Z,2026-05-30T21:06:23.141Z,full-emrmf_p3_g0_d0p5_loss0p3,5,full_emrmf,3.000000,0.000000,0.500000,0.300000,0.447835,0.313596,1.043499,0.896046,0.036214
springer_revision_full_20260530,run_logs/20260530T210623141Z_full-emrmf_p3_g0_d2_loss0p1_run01.csv,2026-05-30T21:06:23.141Z,2026-05-30T21:06:23.141Z,full-emrmf_p3_g0_d2_loss0p1,1,full_emrmf,3.000000,0.000000,2.000000,0.100000,0.452546,0.283208,1.369330,0.918247,0.031019
springer_revision_full_20260530,run_logs/20260530T210623142Z_full-emrmf_p3_g0_d2_loss0p1_run02.csv,2026-05-30T21:06:23.142Z,2026-05-30T21:06:23.142Z,full-emrmf_p3_g0_d2_loss0p1,2,full_emrmf,3.000000,0.000000,2.000000,0.100000,0.428388,0.281873,1.373988,0.903196,0.037511
springer_revision_full_20260530,run_logs/20260530T210623142Z_full-emrmf_p3_g0_d2_loss0p1_run03.csv,2026-05-30T21:06:23.142Z,2026-05-30T21:06:23.143Z,full-emrmf_p3_g0_d2_loss0p1,3,full_emrmf,3.000000,0.000000,2.000000,0.100000,0.451218,0.301912,1.374079,0.904663,0.036681
springer_revision_full_20260530,run_logs/20260530T210623143Z_full-emrmf_p3_g0_d2_loss0p1_run04.csv,2026-05-30T21:06:23.143Z,2026-05-30T21:06:23.143Z,full-emrmf_p3_g0_d2_loss0p1,4,full_emrmf,3.000000,0.000000,2.000000,0.100000,0.427928,0.297569,1.383315,0.888965,0.036462
springer_revision_full_20260530,run_logs/20260530T210623144Z_full-emrmf_p3_g0_d2_loss0p1_run05.csv,2026-05-30T21:06:23.144Z,2026-05-30T21:06:23.144Z,full-emrmf_p3_g0_d2_loss0p1,5,full_emrmf,3.000000,0.000000,2.000000,0.100000,0.456122,0.299383,1.391543,0.884529,0.037938
springer_revision_full_20260530,run_logs/20260530T210623144Z_full-emrmf_p3_g0_d2_loss0p3_run01.csv,2026-05-30T21:06:23.144Z,2026-05-30T21:06:23.145Z,full-emrmf_p3_g0_d2_loss0p3,1,full_emrmf,3.000000,0.000000,2.000000,0.300000,0.628191,0.441912,1.552665,0.838512,0.055257
springer_revision_full_20260530,run_logs/20260530T210623145Z_full-emrmf_p3_g0_d2_loss0p3_run02.csv,2026-05-30T21:06:23.145Z,2026-05-30T21:06:23.145Z,full-emrmf_p3_g0_d2_loss0p3,2,full_emrmf,3.000000,0.000000,2.000000,0.300000,0.633352,0.446018,1.574649,0.826439,0.058228
springer_revision_full_20260530,run_logs/20260530T210623146Z_full-emrmf_p3_g0_d2_loss0p3_run03.csv,2026-05-30T21:06:23.146Z,2026-05-30T21:06:23.146Z,full-emrmf_p3_g0_d2_loss0p3,3,full_emrmf,3.000000,0.000000,2.000000,0.300000,0.608029,0.435801,1.544520,0.806531,0.064095
springer_revision_full_20260530,run_logs/20260530T210623146Z_full-emrmf_p3_g0_d2_loss0p3_run04.csv,2026-05-30T21:06:23.146Z,2026-05-30T21:06:23.147Z,full-emrmf_p3_g0_d2_loss0p3,4,full_emrmf,3.000000,0.000000,2.000000,0.300000,0.632971,0.436582,1.562764,0.803838,0.054826
springer_revision_full_20260530,run_logs/20260530T210623147Z_full-emrmf_p3_g0_d2_loss0p3_run05.csv,2026-05-30T21:06:23.147Z,2026-05-30T21:06:23.147Z,full-emrmf_p3_g0_d2_loss0p3,5,full_emrmf,3.000000,0.000000,2.000000,0.300000,0.644690,0.433392,1.547954,0.796333,0.057890
springer_revision_full_20260530,run_logs/20260530T210623147Z_full-emrmf_p3_g0p25_d0p5_loss0p1_run01.csv,2026-05-30T21:06:23.147Z,2026-05-30T21:06:23.148Z,full-emrmf_p3_g0p25_d0p5_loss0p1,1,full_emrmf,3.000000,0.250000,0.500000,0.100000,0.279014,0.189243,0.833957,0.854974,0.027237
springer_revision_full_20260530,run_logs/20260530T210623148Z_full-emrmf_p3_g0p25_d0p5_loss0p1_run02.csv,2026-05-30T21:06:23.148Z,2026-05-30T21:06:23.148Z,full-emrmf_p3_g0p25_d0p5_loss0p1,2,full_emrmf,3.000000,0.250000,0.500000,0.100000,0.271572,0.190287,0.817483,0.846427,0.024633
springer_revision_full_20260530,run_logs/20260530T210623149Z_full-emrmf_p3_g0p25_d0p5_loss0p1_run03.csv,2026-05-30T21:06:23.149Z,2026-05-30T21:06:23.149Z,full-emrmf_p3_g0p25_d0p5_loss0p1,3,full_emrmf,3.000000,0.250000,0.500000,0.100000,0.283671,0.204173,0.833954,0.846036,0.023904
springer_revision_full_20260530,run_logs/20260530T210623149Z_full-emrmf_p3_g0p25_d0p5_loss0p1_run04.csv,2026-05-30T21:06:23.149Z,2026-05-30T21:06:23.150Z,full-emrmf_p3_g0p25_d0p5_loss0p1,4,full_emrmf,3.000000,0.250000,0.500000,0.100000,0.279100,0.211713,0.828454,0.843956,0.025340
springer_revision_full_20260530,run_logs/20260530T210623150Z_full-emrmf_p3_g0p25_d0p5_loss0p1_run05.csv,2026-05-30T21:06:23.150Z,2026-05-30T21:06:23.151Z,full-emrmf_p3_g0p25_d0p5_loss0p1,5,full_emrmf,3.000000,0.250000,0.500000,0.100000,0.298256,0.192537,0.848342,0.836832,0.032750
springer_revision_full_20260530,run_logs/20260530T210623151Z_full-emrmf_p3_g0p25_d0p5_loss0p3_run01.csv,2026-05-30T21:06:23.151Z,2026-05-30T21:06:23.151Z,full-emrmf_p3_g0p25_d0p5_loss0p3,1,full_emrmf,3.000000,0.250000,0.500000,0.300000,0.456634,0.312611,1.035512,0.817824,0.033708
springer_revision_full_20260530,run_logs/20260530T210623151Z_full-emrmf_p3_g0p25_d0p5_loss0p3_run02.csv,2026-05-30T21:06:23.151Z,2026-05-30T21:06:23.152Z,full-emrmf_p3_g0p25_d0p5_loss0p3,2,full_emrmf,3.000000,0.250000,0.500000,0.300000,0.450750,0.316814,1.028465,0.808818,0.034931
springer_revision_full_20260530,run_logs/20260530T210623152Z_full-emrmf_p3_g0p25_d0p5_loss0p3_run03.csv,2026-05-30T21:06:23.152Z,2026-05-30T21:06:23.153Z,full-emrmf_p3_g0p25_d0p5_loss0p3,3,full_emrmf,3.000000,0.250000,0.500000,0.300000,0.446136,0.309226,1.017799,0.798530,0.033837
springer_revision_full_20260530,run_logs/20260530T210623153Z_full-emrmf_p3_g0p25_d0p5_loss0p3_run04.csv,2026-05-30T21:06:23.153Z,2026-05-30T21:06:23.154Z,full-emrmf_p3_g0p25_d0p5_loss0p3,4,full_emrmf,3.000000,0.250000,0.500000,0.300000,0.445362,0.298628,1.050461,0.799117,0.041591
springer_revision_full_20260530,run_logs/20260530T210623154Z_full-emrmf_p3_g0p25_d0p5_loss0p3_run05.csv,2026-05-30T21:06:23.154Z,2026-05-30T21:06:23.155Z,full-emrmf_p3_g0p25_d0p5_loss0p3,5,full_emrmf,3.000000,0.250000,0.500000,0.300000,0.442898,0.317536,1.045002,0.798014,0.038427
springer_revision_full_20260530,run_logs/20260530T210623155Z_full-emrmf_p3_g0p25_d2_loss0p1_run01.csv,2026-05-30T21:06:23.155Z,2026-05-30T21:06:23.155Z,full-emrmf_p3_g0p25_d2_loss0p1,1,full_emrmf,3.000000,0.250000,2.000000,0.100000,0.503669,0.334504,1.355400,0.557709,0.029280
springer_revision_full_20260530,run_logs/20260530T210623156Z_full-emrmf_p3_g0p25_d2_loss0p1_run02.csv,2026-05-30T21:06:23.156Z,2026-05-30T21:06:23.156Z,full-emrmf_p3_g0p25_d2_loss0p1,2,full_emrmf,3.000000,0.250000,2.000000,0.100000,0.513295,0.352866,1.380931,0.551008,0.023435
springer_revision_full_20260530,run_logs/20260530T210623156Z_full-emrmf_p3_g0p25_d2_loss0p1_run03.csv,2026-05-30T21:06:23.156Z,2026-05-30T21:06:23.157Z,full-emrmf_p3_g0p25_d2_loss0p1,3,full_emrmf,3.000000,0.250000,2.000000,0.100000,0.508174,0.351115,1.376125,0.546292,0.027694
springer_revision_full_20260530,run_logs/20260530T210623157Z_full-emrmf_p3_g0p25_d2_loss0p1_run04.csv,2026-05-30T21:06:23.157Z,2026-05-30T21:06:23.157Z,full-emrmf_p3_g0p25_d2_loss0p1,4,full_emrmf,3.000000,0.250000,2.000000,0.100000,0.532079,0.336607,1.380772,0.544166,0.023469
springer_revision_full_20260530,run_logs/20260530T210623157Z_full-emrmf_p3_g0p25_d2_loss0p1_run05.csv,2026-05-30T21:06:23.157Z,2026-05-30T21:06:23.158Z,full-emrmf_p3_g0p25_d2_loss0p1,5,full_emrmf,3.000000,0.250000,2.000000,0.100000,0.521805,0.342666,1.381262,0.539171,0.025138
springer_revision_full_20260530,run_logs/20260530T210623158Z_full-emrmf_p3_g0p25_d2_loss0p3_run01.csv,2026-05-30T21:06:23.158Z,2026-05-30T21:06:23.159Z,full-emrmf_p3_g0p25_d2_loss0p3,1,full_emrmf,3.000000,0.250000,2.000000,0.300000,0.677361,0.491807,1.564325,0.508843,0.035503
springer_revision_full_20260530,run_logs/20260530T210623159Z_full-emrmf_p3_g0p25_d2_loss0p3_run02.csv,2026-05-30T21:06:23.159Z,2026-05-30T21:06:23.159Z,full-emrmf_p3_g0p25_d2_loss0p3,2,full_emrmf,3.000000,0.250000,2.000000,0.300000,0.694914,0.473095,1.573172,0.500332,0.037758
springer_revision_full_20260530,run_logs/20260530T210623159Z_full-emrmf_p3_g0p25_d2_loss0p3_run03.csv,2026-05-30T21:06:23.159Z,2026-05-30T21:06:23.160Z,full-emrmf_p3_g0p25_d2_loss0p3,3,full_emrmf,3.000000,0.250000,2.000000,0.300000,0.685376,0.476373,1.571342,0.488450,0.035494
springer_revision_full_20260530,run_logs/20260530T210623160Z_full-emrmf_p3_g0p25_d2_loss0p3_run04.csv,2026-05-30T21:06:23.160Z,2026-05-30T21:06:23.160Z,full-emrmf_p3_g0p25_d2_loss0p3,4,full_emrmf,3.000000,0.250000,2.000000,0.300000,0.676449,0.467224,1.587451,0.490064,0.039037
springer_revision_full_20260530,run_logs/20260530T210623160Z_full-emrmf_p3_g0p25_d2_loss0p3_run05.csv,2026-05-30T21:06:23.160Z,2026-05-30T21:06:23.161Z,full-emrmf_p3_g0p25_d2_loss0p3,5,full_emrmf,3.000000,0.250000,2.000000,0.300000,0.693103,0.464788,1.544788,0.487214,0.034055
springer_revision_full_20260530,run_logs/20260530T210623161Z_full-emrmf_p3_g0p5_d0p5_loss0p1_run01.csv,2026-05-30T21:06:23.161Z,2026-05-30T21:06:23.161Z,full-emrmf_p3_g0p5_d0p5_loss0p1,1,full_emrmf,3.000000,0.500000,0.500000,0.100000,0.307657,0.188039,0.882548,0.760514,0.033560
springer_revision_full_20260530,run_logs/20260530T210623161Z_full-emrmf_p3_g0p5_d0p5_loss0p1_run02.csv,2026-05-30T21:06:23.161Z,2026-05-30T21:06:23.162Z,full-emrmf_p3_g0p5_d0p5_loss0p1,2,full_emrmf,3.000000,0.500000,0.500000,0.100000,0.284846,0.180453,0.838289,0.742449,0.040852
springer_revision_full_20260530,run_logs/20260530T210623162Z_full-emrmf_p3_g0p5_d0p5_loss0p1_run03.csv,2026-05-30T21:06:23.162Z,2026-05-30T21:06:23.162Z,full-emrmf_p3_g0p5_d0p5_loss0p1,3,full_emrmf,3.000000,0.500000,0.500000,0.100000,0.273223,0.200915,0.810292,0.751151,0.031841
springer_revision_full_20260530,run_logs/20260530T210623162Z_full-emrmf_p3_g0p5_d0p5_loss0p1_run04.csv,2026-05-30T21:06:23.162Z,2026-05-30T21:06:23.163Z,full-emrmf_p3_g0p5_d0p5_loss0p1,4,full_emrmf,3.000000,0.500000,0.500000,0.100000,0.308532,0.218113,0.834131,0.747796,0.038552
springer_revision_full_20260530,run_logs/20260530T210623163Z_full-emrmf_p3_g0p5_d0p5_loss0p1_run05.csv,2026-05-30T21:06:23.163Z,2026-05-30T21:06:23.163Z,full-emrmf_p3_g0p5_d0p5_loss0p1,5,full_emrmf,3.000000,0.500000,0.500000,0.100000,0.287628,0.212959,0.821119,0.739717,0.042701
springer_revision_full_20260530,run_logs/20260530T210623163Z_full-emrmf_p3_g0p5_d0p5_loss0p3_run01.csv,2026-05-30T21:06:23.163Z,2026-05-30T21:06:23.164Z,full-emrmf_p3_g0p5_d0p5_loss0p3,1,full_emrmf,3.000000,0.500000,0.500000,0.300000,0.462789,0.318329,0.998137,0.712983,0.040394
springer_revision_full_20260530,run_logs/20260530T210623164Z_full-emrmf_p3_g0p5_d0p5_loss0p3_run02.csv,2026-05-30T21:06:23.164Z,2026-05-30T21:06:23.164Z,full-emrmf_p3_g0p5_d0p5_loss0p3,2,full_emrmf,3.000000,0.500000,0.500000,0.300000,0.459918,0.309869,1.043073,0.710396,0.039501
springer_revision_full_20260530,run_logs/20260530T210623164Z_full-emrmf_p3_g0p5_d0p5_loss0p3_run03.csv,2026-05-30T21:06:23.164Z,2026-05-30T21:06:23.164Z,full-emrmf_p3_g0p5_d0p5_loss0p3,3,full_emrmf,3.000000,0.500000,0.500000,0.300000,0.470830,0.327336,1.020642,0.713287,0.040282
springer_revision_full_20260530,run_logs/20260530T210623165Z_full-emrmf_p3_g0p5_d0p5_loss0p3_run04.csv,2026-05-30T21:06:23.165Z,2026-05-30T21:06:23.165Z,full-emrmf_p3_g0p5_d0p5_loss0p3,4,full_emrmf,3.000000,0.500000,0.500000,0.300000,0.499505,0.335389,1.074120,0.695941,0.038498
springer_revision_full_20260530,run_logs/20260530T210623165Z_full-emrmf_p3_g0p5_d0p5_loss0p3_run05.csv,2026-05-30T21:06:23.165Z,2026-05-30T21:06:23.165Z,full-emrmf_p3_g0p5_d0p5_loss0p3,5,full_emrmf,3.000000,0.500000,0.500000,0.300000,0.499884,0.325168,1.053638,0.703141,0.040536
springer_revision_full_20260530,run_logs/20260530T210623166Z_full-emrmf_p3_g0p5_d2_loss0p1_run01.csv,2026-05-30T21:06:23.166Z,2026-05-30T21:06:23.166Z,full-emrmf_p3_g0p5_d2_loss0p1,1,full_emrmf,3.000000,0.500000,2.000000,0.100000,0.539099,0.370959,1.376786,0.340454,0.025175
springer_revision_full_20260530,run_logs/20260530T210623166Z_full-emrmf_p3_g0p5_d2_loss0p1_run02.csv,2026-05-30T21:06:23.166Z,2026-05-30T21:06:23.166Z,full-emrmf_p3_g0p5_d2_loss0p1,2,full_emrmf,3.000000,0.500000,2.000000,0.100000,0.544281,0.365565,1.381157,0.335830,0.025508
springer_revision_full_20260530,run_logs/20260530T210623166Z_full-emrmf_p3_g0p5_d2_loss0p1_run03.csv,2026-05-30T21:06:23.166Z,2026-05-30T21:06:23.167Z,full-emrmf_p3_g0p5_d2_loss0p1,3,full_emrmf,3.000000,0.500000,2.000000,0.100000,0.559197,0.350772,1.377766,0.334505,0.028479
springer_revision_full_20260530,run_logs/20260530T210623167Z_full-emrmf_p3_g0p5_d2_loss0p1_run04.csv,2026-05-30T21:06:23.167Z,2026-05-30T21:06:23.167Z,full-emrmf_p3_g0p5_d2_loss0p1,4,full_emrmf,3.000000,0.500000,2.000000,0.100000,0.546163,0.368926,1.414826,0.333822,0.021751
springer_revision_full_20260530,run_logs/20260530T210623167Z_full-emrmf_p3_g0p5_d2_loss0p1_run05.csv,2026-05-30T21:06:23.167Z,2026-05-30T21:06:23.168Z,full-emrmf_p3_g0p5_d2_loss0p1,5,full_emrmf,3.000000,0.500000,2.000000,0.100000,0.544156,0.359285,1.351271,0.328665,0.024904
springer_revision_full_20260530,run_logs/20260530T210623168Z_full-emrmf_p3_g0p5_d2_loss0p3_run01.csv,2026-05-30T21:06:23.168Z,2026-05-30T21:06:23.168Z,full-emrmf_p3_g0p5_d2_loss0p3,1,full_emrmf,3.000000,0.500000,2.000000,0.300000,0.746732,0.520935,1.553916,0.310536,0.025331
springer_revision_full_20260530,run_logs/20260530T210623168Z_full-emrmf_p3_g0p5_d2_loss0p3_run02.csv,2026-05-30T21:06:23.168Z,2026-05-30T21:06:23.169Z,full-emrmf_p3_g0p5_d2_loss0p3,2,full_emrmf,3.000000,0.500000,2.000000,0.300000,0.723613,0.510862,1.611731,0.305444,0.028355
springer_revision_full_20260530,run_logs/20260530T210623169Z_full-emrmf_p3_g0p5_d2_loss0p3_run03.csv,2026-05-30T21:06:23.169Z,2026-05-30T21:06:23.169Z,full-emrmf_p3_g0p5_d2_loss0p3,3,full_emrmf,3.000000,0.500000,2.000000,0.300000,0.737466,0.497658,1.600659,0.298454,0.028560
springer_revision_full_20260530,run_logs/20260530T210623169Z_full-emrmf_p3_g0p5_d2_loss0p3_run04.csv,2026-05-30T21:06:23.169Z,2026-05-30T21:06:23.170Z,full-emrmf_p3_g0p5_d2_loss0p3,4,full_emrmf,3.000000,0.500000,2.000000,0.300000,0.744179,0.482701,1.587390,0.297336,0.026174
springer_revision_full_20260530,run_logs/20260530T210623170Z_full-emrmf_p3_g0p5_d2_loss0p3_run05.csv,2026-05-30T21:06:23.170Z,2026-05-30T21:06:23.170Z,full-emrmf_p3_g0p5_d2_loss0p3,5,full_emrmf,3.000000,0.500000,2.000000,0.300000,0.740816,0.510743,1.549391,0.295236,0.026945
springer_revision_full_20260530,run_logs/20260530T210623170Z_full-emrmf_p3_g1_d0p5_loss0p1_run01.csv,2026-05-30T21:06:23.170Z,2026-05-30T21:06:23.170Z,full-emrmf_p3_g1_d0p5_loss0p1,1,full_emrmf,3.000000,1.000000,0.500000,0.100000,0.306295,0.190322,0.862078,0.581577,0.053634
springer_revision_full_20260530,run_logs/20260530T210623170Z_full-emrmf_p3_g1_d0p5_loss0p1_run02.csv,2026-05-30T21:06:23.170Z,2026-05-30T21:06:23.171Z,full-emrmf_p3_g1_d0p5_loss0p1,2,full_emrmf,3.000000,1.000000,0.500000,0.100000,0.344338,0.213785,0.867340,0.594716,0.061424
springer_revision_full_20260530,run_logs/20260530T210623171Z_full-emrmf_p3_g1_d0p5_loss0p1_run03.csv,2026-05-30T21:06:23.171Z,2026-05-30T21:06:23.171Z,full-emrmf_p3_g1_d0p5_loss0p1,3,full_emrmf,3.000000,1.000000,0.500000,0.100000,0.335367,0.223349,0.808022,0.588497,0.056733
springer_revision_full_20260530,run_logs/20260530T210623171Z_full-emrmf_p3_g1_d0p5_loss0p1_run04.csv,2026-05-30T21:06:23.171Z,2026-05-30T21:06:23.172Z,full-emrmf_p3_g1_d0p5_loss0p1,4,full_emrmf,3.000000,1.000000,0.500000,0.100000,0.328297,0.217771,0.816791,0.578502,0.049475
springer_revision_full_20260530,run_logs/20260530T210623172Z_full-emrmf_p3_g1_d0p5_loss0p1_run05.csv,2026-05-30T21:06:23.172Z,2026-05-30T21:06:23.172Z,full-emrmf_p3_g1_d0p5_loss0p1,5,full_emrmf,3.000000,1.000000,0.500000,0.100000,0.327960,0.225904,0.854033,0.565307,0.055160
springer_revision_full_20260530,run_logs/20260530T210623173Z_full-emrmf_p3_g1_d0p5_loss0p3_run01.csv,2026-05-30T21:06:23.173Z,2026-05-30T21:06:23.173Z,full-emrmf_p3_g1_d0p5_loss0p3,1,full_emrmf,3.000000,1.000000,0.500000,0.300000,0.470955,0.353162,1.072230,0.576731,0.055944
springer_revision_full_20260530,run_logs/20260530T210623173Z_full-emrmf_p3_g1_d0p5_loss0p3_run02.csv,2026-05-30T21:06:23.173Z,2026-05-30T21:06:23.173Z,full-emrmf_p3_g1_d0p5_loss0p3,2,full_emrmf,3.000000,1.000000,0.500000,0.300000,0.484884,0.338265,1.049025,0.566125,0.044943
springer_revision_full_20260530,run_logs/20260530T210623174Z_full-emrmf_p3_g1_d0p5_loss0p3_run03.csv,2026-05-30T21:06:23.174Z,2026-05-30T21:06:23.174Z,full-emrmf_p3_g1_d0p5_loss0p3,3,full_emrmf,3.000000,1.000000,0.500000,0.300000,0.468986,0.356205,1.049854,0.556843,0.051360
springer_revision_full_20260530,run_logs/20260530T210623174Z_full-emrmf_p3_g1_d0p5_loss0p3_run04.csv,2026-05-30T21:06:23.174Z,2026-05-30T21:06:23.174Z,full-emrmf_p3_g1_d0p5_loss0p3,4,full_emrmf,3.000000,1.000000,0.500000,0.300000,0.478553,0.349271,1.028422,0.543681,0.053702
springer_revision_full_20260530,run_logs/20260530T210623174Z_full-emrmf_p3_g1_d0p5_loss0p3_run05.csv,2026-05-30T21:06:23.174Z,2026-05-30T21:06:23.175Z,full-emrmf_p3_g1_d0p5_loss0p3,5,full_emrmf,3.000000,1.000000,0.500000,0.300000,0.486179,0.347390,1.050122,0.540947,0.054416
springer_revision_full_20260530,run_logs/20260530T210623175Z_full-emrmf_p3_g1_d2_loss0p1_run01.csv,2026-05-30T21:06:23.175Z,2026-05-30T21:06:23.175Z,full-emrmf_p3_g1_d2_loss0p1,1,full_emrmf,3.000000,1.000000,2.000000,0.100000,0.583136,0.395868,1.373228,0.124093,0.015293
springer_revision_full_20260530,run_logs/20260530T210623175Z_full-emrmf_p3_g1_d2_loss0p1_run02.csv,2026-05-30T21:06:23.175Z,2026-05-30T21:06:23.176Z,full-emrmf_p3_g1_d2_loss0p1,2,full_emrmf,3.000000,1.000000,2.000000,0.100000,0.595609,0.411346,1.387983,0.126513,0.014047
springer_revision_full_20260530,run_logs/20260530T210623176Z_full-emrmf_p3_g1_d2_loss0p1_run03.csv,2026-05-30T21:06:23.176Z,2026-05-30T21:06:23.176Z,full-emrmf_p3_g1_d2_loss0p1,3,full_emrmf,3.000000,1.000000,2.000000,0.100000,0.593540,0.414566,1.397721,0.122120,0.013658
springer_revision_full_20260530,run_logs/20260530T210623176Z_full-emrmf_p3_g1_d2_loss0p1_run04.csv,2026-05-30T21:06:23.176Z,2026-05-30T21:06:23.177Z,full-emrmf_p3_g1_d2_loss0p1,4,full_emrmf,3.000000,1.000000,2.000000,0.100000,0.578139,0.409760,1.418360,0.122796,0.013549
springer_revision_full_20260530,run_logs/20260530T210623177Z_full-emrmf_p3_g1_d2_loss0p1_run05.csv,2026-05-30T21:06:23.177Z,2026-05-30T21:06:23.177Z,full-emrmf_p3_g1_d2_loss0p1,5,full_emrmf,3.000000,1.000000,2.000000,0.100000,0.591975,0.419076,1.416243,0.124002,0.018149
springer_revision_full_20260530,run_logs/20260530T210623177Z_full-emrmf_p3_g1_d2_loss0p3_run01.csv,2026-05-30T21:06:23.177Z,2026-05-30T21:06:23.178Z,full-emrmf_p3_g1_d2_loss0p3,1,full_emrmf,3.000000,1.000000,2.000000,0.300000,0.755527,0.530663,1.554027,0.112634,0.014005
springer_revision_full_20260530,run_logs/20260530T210623178Z_full-emrmf_p3_g1_d2_loss0p3_run02.csv,2026-05-30T21:06:23.178Z,2026-05-30T21:06:23.178Z,full-emrmf_p3_g1_d2_loss0p3,2,full_emrmf,3.000000,1.000000,2.000000,0.300000,0.718922,0.528303,1.607415,0.117625,0.019743
springer_revision_full_20260530,run_logs/20260530T210623178Z_full-emrmf_p3_g1_d2_loss0p3_run03.csv,2026-05-30T21:06:23.178Z,2026-05-30T21:06:23.179Z,full-emrmf_p3_g1_d2_loss0p3,3,full_emrmf,3.000000,1.000000,2.000000,0.300000,0.739642,0.543835,1.577219,0.113255,0.019134
springer_revision_full_20260530,run_logs/20260530T210623179Z_full-emrmf_p3_g1_d2_loss0p3_run04.csv,2026-05-30T21:06:23.179Z,2026-05-30T21:06:23.179Z,full-emrmf_p3_g1_d2_loss0p3,4,full_emrmf,3.000000,1.000000,2.000000,0.300000,0.758770,0.531312,1.592364,0.109699,0.016972
springer_revision_full_20260530,run_logs/20260530T210623179Z_full-emrmf_p3_g1_d2_loss0p3_run05.csv,2026-05-30T21:06:23.179Z,2026-05-30T21:06:23.180Z,full-emrmf_p3_g1_d2_loss0p3,5,full_emrmf,3.000000,1.000000,2.000000,0.300000,0.775319,0.513403,1.608265,0.110855,0.017959
